year,K,excl,disp,excl_names,norm,blk
2005,17,-0.04726724671782238,0.11322848637254382,NIFTY CEMENT|NIFTY METAL|NIFTY OIL & GAS|NIFTY POWER|NIFTY TELECOMMUNICATIONS,-0.4174501331961986,2005-09
2005,17,0.09632152540065263,0.12221511015403616,NIFTY CAPITAL GOODS|NIFTY CHEMICALS|NIFTY COMMERCIAL & TRANSPORT SERVICES|NIFTY CONSTRUCTION|NIFTY METAL,0.7881310688936248,2005-09
2005,17,-0.021217394066258825,0.14917637816363719,NIFTY FMCG|NIFTY HEALTHCARE|NIFTY IT|NIFTY OIL & GAS|NIFTY POWER,-0.14223025339162387,2005-09
2005,17,0.013677783208105764,0.09952160449162888,NIFTY AUTO|NIFTY BANK|NIFTY NBFC|NIFTY OIL & GAS|NIFTY PSU BANK,0.13743531646192714,2005-09
2005,17,-0.045439671225717584,0.13236537949978694,NIFTY CONSUMER DURABLES|NIFTY HEALTHCARE|NIFTY NBFC|NIFTY POWER|NIFTY TELECOMMUNICATIONS,-0.3432896985407784,2005-09
2005,17,-0.11199944606520651,0.19361645886039794,NIFTY BANK|NIFTY METAL|NIFTY POWER|NIFTY PSU BANK|NIFTY TELECOMMUNICATIONS,-0.5784603577837397,2005-09
2005,17,-0.0712705157299915,0.1949895680591305,NIFTY BANK|NIFTY CHEMICALS|NIFTY IT|NIFTY METAL|NIFTY PSU BANK,-0.3655093779600494,2005-09
2005,17,0.032201920443752884,0.21883198338012572,NIFTY CAPITAL GOODS|NIFTY CEMENT|NIFTY COMMERCIAL & TRANSPORT SERVICES|NIFTY HEALTHCARE|NIFTY POWER,0.14715362876283036,2005-09
2006,18,-0.04738200170920601,0.08789920264536621,NIFTY BANK|NIFTY CONSUMER DURABLES|NIFTY IT|NIFTY OIL & GAS|NIFTY PSU BANK|NIFTY TELECOMMUNICATIONS,-0.5390492778457968,2005-09
2006,18,-0.06757151061605908,0.13338580737717334,NIFTY BANK|NIFTY CHEMICALS|NIFTY IT|NIFTY OIL & GAS|NIFTY PSU BANK|NIFTY TELECOMMUNICATIONS,-0.5065869596229828,2005-09
2006,18,-0.02934515844777172,0.06421189845001854,NIFTY AUTO|NIFTY BANK|NIFTY CHEMICALS|NIFTY COMMERCIAL & TRANSPORT SERVICES|NIFTY POWER|NIFTY PSU BANK,-0.45700499683268975,2005-09
2006,18,0.0549142020087322,0.07161667947174598,NIFTY AUTO|NIFTY BANK|NIFTY HEALTHCARE|NIFTY IT|NIFTY POWER|NIFTY PSU BANK,0.7667795046319734,2005-09
2006,18,0.0016100126998243962,0.09946118441351334,NIFTY CAPITAL GOODS|NIFTY CEMENT|NIFTY FMCG|NIFTY HEALTHCARE|NIFTY METAL|NIFTY TELECOMMUNICATIONS,0.01618734694663108,2005-09
2006,18,0.06638398666875127,0.1357530324226505,NIFTY BANK|NIFTY CHEMICALS|NIFTY CONSUMER DURABLES|NIFTY MEDIA|NIFTY NBFC|NIFTY PSU BANK,0.4890055528341557,2005-09
2006,18,0.051235031043273815,0.16682656559634687,NIFTY AUTO|NIFTY CONSTRUCTION|NIFTY FMCG|NIFTY METAL|NIFTY NBFC|NIFTY TELECOMMUNICATIONS,0.3071155415813208,2005-09
2006,18,0.0027079409861742684,0.138854837392537,NIFTY CEMENT|NIFTY CONSUMER DURABLES|NIFTY FMCG|NIFTY IT|NIFTY METAL|NIFTY POWER,0.019501956410197138,2005-09
2006,18,-0.05568920980640796,0.11753989764028488,NIFTY CHEMICALS|NIFTY CONSUMER DURABLES|NIFTY FMCG|NIFTY HEALTHCARE|NIFTY IT|NIFTY OIL & GAS,-0.47378984433725924,2005-09
2006,18,-0.018942618829253032,0.11783314190319956,NIFTY AUTO|NIFTY CHEMICALS|NIFTY FMCG|NIFTY HEALTHCARE|NIFTY MEDIA|NIFTY POWER,-0.16075798814576697,2005-09
2006,18,-0.0011031498117292325,0.10631669460338494,NIFTY AUTO|NIFTY CAPITAL GOODS|NIFTY CHEMICALS|NIFTY FMCG|NIFTY NBFC|NIFTY OIL & GAS,-0.010376073257775172,2005-09
2006,18,0.020492228179538562,0.10204447054937478,NIFTY BANK|NIFTY CONSTRUCTION|NIFTY FMCG|NIFTY MEDIA|NIFTY POWER|NIFTY PSU BANK,0.20081664463752874,2005-09
2007,19,-0.07714425654021696,0.09061779472296204,NIFTY AUTO|NIFTY BANK|NIFTY CEMENT|NIFTY FMCG|NIFTY PSU BANK|NIFTY REALTY,-0.851314653772622,2005-09
2007,19,0.10941048101237061,0.1369922041475081,NIFTY BANK|NIFTY CEMENT|NIFTY CONSTRUCTION|NIFTY PSU BANK|NIFTY REALTY|NIFTY TELECOMMUNICATIONS,0.7986620968194765,2005-09
2007,19,-0.010675435445803702,0.1663168493591282,NIFTY AUTO|NIFTY CEMENT|NIFTY CHEMICALS|NIFTY IT|NIFTY NBFC|NIFTY PSU BANK,-0.06418733572058126,2005-09
2007,19,-0.11084887307101503,0.13848137421487547,NIFTY AUTO|NIFTY CHEMICALS|NIFTY CONSUMER DURABLES|NIFTY FMCG|NIFTY HEALTHCARE|NIFTY IT,-0.8004605218533989,2005-09
2007,19,0.06022082129306422,0.1736072164547152,NIFTY AUTO|NIFTY CEMENT|NIFTY IT|NIFTY METAL|NIFTY POWER|NIFTY TELECOMMUNICATIONS,0.3468797122772405,2005-09
2007,19,-0.13909238734637316,0.2802020273688018,NIFTY AUTO|NIFTY FMCG|NIFTY HEALTHCARE|NIFTY IT|NIFTY OIL & GAS|NIFTY REALTY,-0.49640036031323864,2005-09
2007,19,-0.15492223021429993,0.2680270637744882,NIFTY CAPITAL GOODS|NIFTY COMMERCIAL & TRANSPORT SERVICES|NIFTY CONSUMER DURABLES|NIFTY HEALTHCARE|NIFTY IT|NIFTY TELECOMMUNICATIONS,-0.5780096533260832,2005-09
2007,19,-0.08476907238872045,0.34589693287158163,NIFTY BANK|NIFTY HEALTHCARE|NIFTY MEDIA|NIFTY PSU BANK|NIFTY REALTY|NIFTY TELECOMMUNICATIONS,-0.2450703210490507,2005-09
2007,19,-0.14850474548171064,0.16939357593016102,NIFTY AUTO|NIFTY FMCG|NIFTY HEALTHCARE|NIFTY IT|NIFTY MEDIA|NIFTY TELECOMMUNICATIONS,-0.8766846361572613,2005-09
2007,19,0.02715383910618101,0.08751901140581655,NIFTY AUTO|NIFTY CEMENT|NIFTY FMCG|NIFTY HEALTHCARE|NIFTY IT|NIFTY MEDIA,0.31026217812575013,2005-09
2007,19,0.020967101788570013,0.09904679943620055,NIFTY AUTO|NIFTY BANK|NIFTY CAPITAL GOODS|NIFTY HEALTHCARE|NIFTY IT|NIFTY TELECOMMUNICATIONS,0.2116888370741918,2005-09
2007,19,0.02541529334036513,0.11113635190831418,NIFTY AUTO|NIFTY BANK|NIFTY CAPITAL GOODS|NIFTY CEMENT|NIFTY FMCG|NIFTY PSU BANK,0.22868569018112422,2005-09
2008,19,-0.02699306092718261,0.1750153574163072,NIFTY CHEMICALS|NIFTY COMMERCIAL & TRANSPORT SERVICES|NIFTY CONSUMER DURABLES|NIFTY OIL & GAS|NIFTY POWER|NIFTY REALTY,-0.15423252750885455,2005-09
2008,19,-0.02083978526279599,0.13066052426095356,NIFTY BANK|NIFTY CEMENT|NIFTY COMMERCIAL & TRANSPORT SERVICES|NIFTY CONSUMER DURABLES|NIFTY MEDIA|NIFTY TELECOMMUNICATIONS,-0.1594956501259327,2005-09
2008,19,-0.03531745192026634,0.10997739631972697,NIFTY BANK|NIFTY CONSTRUCTION|NIFTY CONSUMER DURABLES|NIFTY NBFC|NIFTY PSU BANK|NIFTY REALTY,-0.32113373385919436,2005-09
2008,19,-0.018674249204289728,0.09249288560951652,NIFTY AUTO|NIFTY CAPITAL GOODS|NIFTY CEMENT|NIFTY CONSTRUCTION|NIFTY FMCG|NIFTY MEDIA,-0.201899303727295,2005-09
2008,19,0.019291092215177514,0.1367392903507642,NIFTY BANK|NIFTY CEMENT|NIFTY CONSTRUCTION|NIFTY OIL & GAS|NIFTY PSU BANK|NIFTY REALTY,0.14107936472166793,2005-09
2008,19,0.05679520113944139,0.1787294857196511,NIFTY BANK|NIFTY CONSTRUCTION|NIFTY METAL|NIFTY POWER|NIFTY PSU BANK|NIFTY REALTY,0.31777186014247466,2005-09
2008,19,-0.07872488979311183,0.144998138144993,NIFTY CONSUMER DURABLES|NIFTY HEALTHCARE|NIFTY IT|NIFTY MEDIA|NIFTY METAL|NIFTY NBFC,-0.54293724595546,2005-09
2008,19,-0.0454633300963179,0.141779224723256,NIFTY COMMERCIAL & TRANSPORT SERVICES|NIFTY METAL|NIFTY OIL & GAS|NIFTY POWER|NIFTY REALTY|NIFTY TELECOMMUNICATIONS,-0.3206628487711047,2005-09
2008,19,-0.10261482412258942,0.1252625699603538,NIFTY CHEMICALS|NIFTY CONSTRUCTION|NIFTY CONSUMER DURABLES|NIFTY IT|NIFTY METAL|NIFTY REALTY,-0.819197819069715,2005-09
2008,19,-0.020521864617491614,0.13344329232504767,NIFTY CAPITAL GOODS|NIFTY CONSTRUCTION|NIFTY CONSUMER DURABLES|NIFTY METAL|NIFTY OIL & GAS|NIFTY REALTY,-0.15378715752533637,2005-09
2008,19,0.008763357724924517,0.19022155628142454,NIFTY COMMERCIAL & TRANSPORT SERVICES|NIFTY CONSTRUCTION|NIFTY CONSUMER DURABLES|NIFTY MEDIA|NIFTY NBFC|NIFTY REALTY,0.04606921474220046,2005-09
2008,19,-0.0722545096270859,0.2126883963631232,NIFTY AUTO|NIFTY FMCG|NIFTY HEALTHCARE|NIFTY IT|NIFTY NBFC|NIFTY OIL & GAS,-0.3397200358016978,2005-09
2009,19,0.06645004365735026,0.22769413180691755,NIFTY CONSTRUCTION|NIFTY MEDIA|NIFTY NBFC|NIFTY PSU BANK|NIFTY REALTY|NIFTY TELECOMMUNICATIONS,0.29183906994010395,2005-09
2009,19,0.08750529977092765,0.2959679772860286,NIFTY BANK|NIFTY CHEMICALS|NIFTY COMMERCIAL & TRANSPORT SERVICES|NIFTY CONSUMER DURABLES|NIFTY PSU BANK|NIFTY REALTY,0.2956579984542078,2005-09
2009,19,-0.09155791036998455,0.28470047443626895,NIFTY BANK|NIFTY COMMERCIAL & TRANSPORT SERVICES|NIFTY FMCG|NIFTY NBFC|NIFTY POWER|NIFTY PSU BANK,-0.32159381030634726,2005-09
2009,19,-0.12955547604362794,0.2149134259336465,NIFTY CHEMICALS|NIFTY CONSUMER DURABLES|NIFTY FMCG|NIFTY HEALTHCARE|NIFTY OIL & GAS|NIFTY POWER,-0.6028263496373073,2005-09
2009,19,0.06206119060337082,0.14148466547481067,NIFTY AUTO|NIFTY FMCG|NIFTY HEALTHCARE|NIFTY IT|NIFTY OIL & GAS|NIFTY TELECOMMUNICATIONS,0.4386425228140355,2005-09
2009,19,0.05283009051839029,0.16400522318454025,NIFTY CHEMICALS|NIFTY CONSTRUCTION|NIFTY MEDIA|NIFTY METAL|NIFTY OIL & GAS|NIFTY REALTY,0.32212443904268445,2005-09
2009,19,-0.040043129821818214,0.13799529530478363,NIFTY BANK|NIFTY CAPITAL GOODS|NIFTY NBFC|NIFTY OIL & GAS|NIFTY PSU BANK|NIFTY TELECOMMUNICATIONS,-0.2901775001341666,2005-09
2009,19,0.03826106434151661,0.14651989155150857,NIFTY BANK|NIFTY CEMENT|NIFTY FMCG|NIFTY METAL|NIFTY POWER|NIFTY PSU BANK,0.2611322185429414,2005-09
2009,19,-0.05460249796732741,0.12056989828559618,NIFTY CEMENT|NIFTY COMMERCIAL & TRANSPORT SERVICES|NIFTY FMCG|NIFTY POWER|NIFTY REALTY|NIFTY TELECOMMUNICATIONS,-0.4528700674358159,2005-09
2009,19,-0.08195564034081533,0.11936910930872369,NIFTY CEMENT|NIFTY CONSTRUCTION|NIFTY NBFC|NIFTY OIL & GAS|NIFTY REALTY|NIFTY TELECOMMUNICATIONS,-0.6865732752420385,2005-09
2009,19,-0.06773768080901676,0.09799258212416034,NIFTY CONSTRUCTION|NIFTY FMCG|NIFTY NBFC|NIFTY POWER|NIFTY REALTY|NIFTY TELECOMMUNICATIONS,-0.6912531473371172,2005-09
2009,19,-0.03902565186248854,0.09171347588250157,NIFTY BANK|NIFTY CONSTRUCTION|NIFTY FMCG|NIFTY OIL & GAS|NIFTY PSU BANK|NIFTY REALTY,-0.4255170953556065,2005-09
2010,19,-0.06295610978676441,0.09301875935164296,NIFTY AUTO|NIFTY CONSTRUCTION|NIFTY METAL|NIFTY OIL & GAS|NIFTY POWER|NIFTY REALTY,-0.6768108951955447,2010-14
2010,19,-0.03210637577945919,0.09372818407132522,NIFTY CONSTRUCTION|NIFTY MEDIA|NIFTY POWER|NIFTY PSU BANK|NIFTY REALTY|NIFTY TELECOMMUNICATIONS,-0.3425477202783199,2010-14
2010,19,-0.020463342069898343,0.11137314082944272,NIFTY AUTO|NIFTY IT|NIFTY OIL & GAS|NIFTY POWER|NIFTY REALTY|NIFTY TELECOMMUNICATIONS,-0.18373677816302217,2010-14
2010,19,-0.051156013406912136,0.09596482358109923,NIFTY CEMENT|NIFTY HEALTHCARE|NIFTY MEDIA|NIFTY METAL|NIFTY OIL & GAS|NIFTY TELECOMMUNICATIONS,-0.5330704678853552,2010-14
2010,19,0.01120358277275102,0.0957557054544842,NIFTY CEMENT|NIFTY CONSTRUCTION|NIFTY CONSUMER DURABLES|NIFTY METAL|NIFTY REALTY|NIFTY TELECOMMUNICATIONS,0.11700172558465925,2010-14
2010,19,0.05787165370520836,0.13268309962407115,NIFTY BANK|NIFTY CEMENT|NIFTY COMMERCIAL & TRANSPORT SERVICES|NIFTY IT|NIFTY METAL|NIFTY PSU BANK,0.4361644690934653,2010-14
2010,19,0.024297599938468594,0.09831129633352759,NIFTY AUTO|NIFTY CEMENT|NIFTY FMCG|NIFTY HEALTHCARE|NIFTY OIL & GAS|NIFTY POWER,0.2471496241493691,2010-14
2010,19,-0.027207551269864492,0.10049136421167887,NIFTY CONSTRUCTION|NIFTY IT|NIFTY METAL|NIFTY POWER|NIFTY REALTY|NIFTY TELECOMMUNICATIONS,-0.270745167839034,2010-14
2010,19,-0.00011090256481143441,0.10667243310937902,NIFTY CAPITAL GOODS|NIFTY CHEMICALS|NIFTY COMMERCIAL & TRANSPORT SERVICES|NIFTY OIL & GAS|NIFTY POWER|NIFTY TELECOMMUNICATIONS,-0.00103965534092316,2010-14
2010,19,-0.06270019402761749,0.10153909966157001,NIFTY CONSTRUCTION|NIFTY FMCG|NIFTY MEDIA|NIFTY METAL|NIFTY POWER|NIFTY REALTY,-0.6174980301834204,2010-14
2010,19,-0.04528701921630262,0.06183595204230482,NIFTY CONSTRUCTION|NIFTY MEDIA|NIFTY METAL|NIFTY NBFC|NIFTY POWER|NIFTY REALTY,-0.7323736066248271,2010-14
2010,19,-0.048899133751385805,0.06750001967950169,NIFTY BANK|NIFTY CONSTRUCTION|NIFTY MEDIA|NIFTY NBFC|NIFTY PSU BANK|NIFTY REALTY,-0.7244313999249904,2010-14
2011,19,-0.020646991461837936,0.06759488233197643,NIFTY AUTO|NIFTY CEMENT|NIFTY CONSTRUCTION|NIFTY MEDIA|NIFTY NBFC|NIFTY REALTY,-0.30545199206701884,2010-14
2011,19,0.001975666050069278,0.07437026050114123,NIFTY CONSTRUCTION|NIFTY HEALTHCARE|NIFTY MEDIA|NIFTY POWER|NIFTY REALTY|NIFTY TELECOMMUNICATIONS,0.026565269998468824,2010-14
2011,19,0.03576100963294671,0.0969139822886714,NIFTY CAPITAL GOODS|NIFTY COMMERCIAL & TRANSPORT SERVICES|NIFTY FMCG|NIFTY HEALTHCARE|NIFTY MEDIA|NIFTY METAL,0.3689974221307686,2010-14
2011,19,-0.07221800983858752,0.08099901369135383,NIFTY BANK|NIFTY CONSTRUCTION|NIFTY IT|NIFTY POWER|NIFTY PSU BANK|NIFTY REALTY,-0.891591224971871,2010-14
2011,19,-0.030165480713513892,0.07774327012141258,NIFTY CEMENT|NIFTY METAL|NIFTY NBFC|NIFTY POWER|NIFTY PSU BANK|NIFTY TELECOMMUNICATIONS,-0.38801404502800185,2010-14
2011,19,0.0045871890863600035,0.09928131518541278,NIFTY CEMENT|NIFTY CONSTRUCTION|NIFTY METAL|NIFTY OIL & GAS|NIFTY REALTY|NIFTY TELECOMMUNICATIONS,0.046203951647832225,2010-14
2011,19,-0.048311035316600755,0.10356914968988205,NIFTY CAPITAL GOODS|NIFTY COMMERCIAL & TRANSPORT SERVICES|NIFTY CONSTRUCTION|NIFTY IT|NIFTY MEDIA|NIFTY METAL,-0.4664616390233856,2010-14
2011,19,-0.0038434567507935474,0.08720591628079875,NIFTY BANK|NIFTY CONSTRUCTION|NIFTY IT|NIFTY METAL|NIFTY PSU BANK|NIFTY REALTY,-0.04407334862944168,2010-14
2011,19,-0.013503778641150268,0.0693887205749291,NIFTY CAPITAL GOODS|NIFTY CONSTRUCTION|NIFTY MEDIA|NIFTY METAL|NIFTY NBFC|NIFTY TELECOMMUNICATIONS,-0.19461057257235737,2010-14
2011,19,-0.012833257363827436,0.06510116896994506,NIFTY CAPITAL GOODS|NIFTY CHEMICALS|NIFTY COMMERCIAL & TRANSPORT SERVICES|NIFTY NBFC|NIFTY PSU BANK|NIFTY TELECOMMUNICATIONS,-0.19712790978841108,2010-14
2011,19,0.0007221096389752139,0.0749500689461672,NIFTY BANK|NIFTY CAPITAL GOODS|NIFTY COMMERCIAL & TRANSPORT SERVICES|NIFTY CONSTRUCTION|NIFTY METAL|NIFTY REALTY,0.00963454269126648,2010-14
2011,19,0.02699023062735063,0.08569216629087474,NIFTY BANK|NIFTY CHEMICALS|NIFTY CONSTRUCTION|NIFTY METAL|NIFTY PSU BANK|NIFTY REALTY,0.3149673044293757,2010-14
2012,19,0.041262210523018705,0.07754795216631465,NIFTY CHEMICALS|NIFTY FMCG|NIFTY HEALTHCARE|NIFTY IT|NIFTY MEDIA|NIFTY OIL & GAS,0.5320863977752107,2010-14
2012,19,0.03522721208070504,0.0809006644093194,NIFTY COMMERCIAL & TRANSPORT SERVICES|NIFTY FMCG|NIFTY HEALTHCARE|NIFTY MEDIA|NIFTY OIL & GAS|NIFTY TELECOMMUNICATIONS,0.4354378587358922,2010-14
2012,19,-0.04512602239880801,0.08046432166331288,NIFTY COMMERCIAL & TRANSPORT SERVICES|NIFTY METAL|NIFTY OIL & GAS|NIFTY POWER|NIFTY PSU BANK|NIFTY REALTY,-0.5608202674923299,2010-14
2012,19,-0.01907718875968881,0.10091005075121419,NIFTY CAPITAL GOODS|NIFTY CEMENT|NIFTY CONSTRUCTION|NIFTY IT|NIFTY REALTY|NIFTY TELECOMMUNICATIONS,-0.1890514236953673,2010-14
2012,19,-0.030114254208590208,0.1029909271225009,NIFTY AUTO|NIFTY BANK|NIFTY CAPITAL GOODS|NIFTY CONSTRUCTION|NIFTY METAL|NIFTY TELECOMMUNICATIONS,-0.29239715623465834,2010-14
2012,19,-0.019381776544186793,0.09025732050622894,NIFTY CHEMICALS|NIFTY COMMERCIAL & TRANSPORT SERVICES|NIFTY CONSUMER DURABLES|NIFTY HEALTHCARE|NIFTY IT|NIFTY TELECOMMUNICATIONS,-0.21473910853412934,2010-14
2012,19,-0.009578896125624745,0.09231827281108453,NIFTY CAPITAL GOODS|NIFTY COMMERCIAL & TRANSPORT SERVICES|NIFTY CONSTRUCTION|NIFTY IT|NIFTY PSU BANK|NIFTY REALTY,-0.10375948156251273,2010-14
2012,19,0.07305221873589766,0.12445959654354634,NIFTY COMMERCIAL & TRANSPORT SERVICES|NIFTY CONSTRUCTION|NIFTY METAL|NIFTY PSU BANK|NIFTY REALTY|NIFTY TELECOMMUNICATIONS,0.5869552912325078,2010-14
2012,19,-0.0076832811898573565,0.07224996230414087,NIFTY CHEMICALS|NIFTY FMCG|NIFTY HEALTHCARE|NIFTY IT|NIFTY METAL|NIFTY OIL & GAS,-0.10634304773079452,2010-14
2012,19,0.023970949468574903,0.08302685417582552,NIFTY CAPITAL GOODS|NIFTY IT|NIFTY POWER|NIFTY PSU BANK|NIFTY REALTY|NIFTY TELECOMMUNICATIONS,0.2887132085940743,2010-14
2012,19,-0.009750330104513157,0.082867110795039,NIFTY CAPITAL GOODS|NIFTY CEMENT|NIFTY IT|NIFTY METAL|NIFTY OIL & GAS|NIFTY POWER,-0.1176622427277491,2010-14
2012,19,0.047860681888508054,0.10107344977868121,NIFTY CAPITAL GOODS|NIFTY CONSUMER DURABLES|NIFTY FMCG|NIFTY IT|NIFTY POWER|NIFTY TELECOMMUNICATIONS,0.47352377892817316,2010-14
2013,19,-0.050736432958159,0.1110700656391716,NIFTY AUTO|NIFTY CAPITAL GOODS|NIFTY CEMENT|NIFTY CONSTRUCTION|NIFTY CONSUMER DURABLES|NIFTY METAL,-0.45679664152701777,2010-14
2013,19,-0.10803702486454637,0.12542878452865427,NIFTY BANK|NIFTY CAPITAL GOODS|NIFTY CONSTRUCTION|NIFTY METAL|NIFTY PSU BANK|NIFTY REALTY,-0.8613415594397732,2010-14
2013,19,-0.16275625172038913,0.16320330172999517,NIFTY CEMENT|NIFTY CONSTRUCTION|NIFTY METAL|NIFTY POWER|NIFTY PSU BANK|NIFTY REALTY,-0.9972607783980643,2010-14
2013,19,0.05692849146530899,0.17537613257799378,NIFTY CAPITAL GOODS|NIFTY CHEMICALS|NIFTY CONSUMER DURABLES|NIFTY IT|NIFTY METAL|NIFTY NBFC,0.3246079761736768,2010-14
2013,19,-0.02867196727820082,0.15844807299059646,NIFTY CEMENT|NIFTY CONSTRUCTION|NIFTY METAL|NIFTY PSU BANK|NIFTY REALTY|NIFTY TELECOMMUNICATIONS,-0.18095497620789897,2010-14
2013,19,-0.06860362956374323,0.12208144664551136,NIFTY BANK|NIFTY CONSTRUCTION|NIFTY CONSUMER DURABLES|NIFTY METAL|NIFTY PSU BANK|NIFTY REALTY,-0.5619496774390953,2010-14
2013,19,0.04219103557104068,0.09469107671997325,NIFTY BANK|NIFTY CEMENT|NIFTY CONSTRUCTION|NIFTY METAL|NIFTY PSU BANK|NIFTY REALTY,0.4455650630714742,2010-14
2013,19,0.005991126131982836,0.06591470746665623,NIFTY BANK|NIFTY CEMENT|NIFTY CONSTRUCTION|NIFTY CONSUMER DURABLES|NIFTY PSU BANK|NIFTY REALTY,0.09089209923314188,2010-14
2013,19,0.004428376949326097,0.062031358303538696,NIFTY CONSUMER DURABLES|NIFTY IT|NIFTY MEDIA|NIFTY NBFC|NIFTY OIL & GAS|NIFTY REALTY,0.07138932743753044,2010-14
2013,19,-0.037441908019440355,0.07737880939077983,NIFTY FMCG|NIFTY HEALTHCARE|NIFTY IT|NIFTY NBFC|NIFTY POWER|NIFTY TELECOMMUNICATIONS,-0.4838780580139269,2010-14
2013,19,-0.03086526618380044,0.06696037651480108,NIFTY BANK|NIFTY CONSUMER DURABLES|NIFTY FMCG|NIFTY MEDIA|NIFTY OIL & GAS|NIFTY TELECOMMUNICATIONS,-0.46094821729352,2010-14
2013,19,-0.0011488121425952957,0.10515899623231732,NIFTY AUTO|NIFTY BANK|NIFTY CEMENT|NIFTY CHEMICALS|NIFTY FMCG|NIFTY TELECOMMUNICATIONS,-0.010924525563721997,2010-14
2014,19,0.22336108116763267,0.23592978568812517,NIFTY BANK|NIFTY CEMENT|NIFTY CONSTRUCTION|NIFTY POWER|NIFTY PSU BANK|NIFTY REALTY,0.9467269277432099,2010-14
2014,19,0.00890945685496893,0.18394315416825502,NIFTY FMCG|NIFTY METAL|NIFTY NBFC|NIFTY POWER|NIFTY PSU BANK|NIFTY TELECOMMUNICATIONS,0.04843592519251542,2010-14
2014,19,-0.08732750860681061,0.08847176335432874,NIFTY AUTO|NIFTY FMCG|NIFTY HEALTHCARE|NIFTY IT|NIFTY MEDIA|NIFTY TELECOMMUNICATIONS,-0.98706644126742,2010-14
2014,19,-0.08156244858414652,0.10193994889959623,NIFTY CEMENT|NIFTY FMCG|NIFTY IT|NIFTY MEDIA|NIFTY OIL & GAS|NIFTY REALTY,-0.8001028984670168,2010-14
2014,19,0.13224963088290229,0.14236789765016977,NIFTY AUTO|NIFTY CHEMICALS|NIFTY FMCG|NIFTY HEALTHCARE|NIFTY IT|NIFTY TELECOMMUNICATIONS,0.9289287336943729,2010-14
2014,19,0.0352431099201787,0.1342887746938351,NIFTY BANK|NIFTY COMMERCIAL & TRANSPORT SERVICES|NIFTY FMCG|NIFTY NBFC|NIFTY OIL & GAS|NIFTY PSU BANK,0.2624427097538826,2010-14
2014,19,-0.06775412377387169,0.126797565986634,NIFTY CAPITAL GOODS|NIFTY CEMENT|NIFTY CONSTRUCTION|NIFTY POWER|NIFTY PSU BANK|NIFTY REALTY,-0.5343487727596742,2010-14
2014,19,-0.05773928344911231,0.11649973191192702,NIFTY CONSTRUCTION|NIFTY MEDIA|NIFTY METAL|NIFTY POWER|NIFTY PSU BANK|NIFTY REALTY,-0.49561730745237087,2010-14
2014,19,-0.039689103788040275,0.09164918091895512,NIFTY CEMENT|NIFTY CONSTRUCTION|NIFTY METAL|NIFTY OIL & GAS|NIFTY PSU BANK|NIFTY REALTY,-0.43305464806212657,2010-14
2014,19,-0.016906204608222567,0.09975410472931986,NIFTY CHEMICALS|NIFTY FMCG|NIFTY IT|NIFTY METAL|NIFTY REALTY|NIFTY TELECOMMUNICATIONS,-0.16947878640279623,2010-14
2014,19,-0.038513833392387474,0.09132458676430552,NIFTY CEMENT|NIFTY CONSUMER DURABLES|NIFTY METAL|NIFTY OIL & GAS|NIFTY POWER|NIFTY TELECOMMUNICATIONS,-0.4217246938306511,2010-14
2014,19,0.0019131904543964043,0.07092769735521524,NIFTY CONSUMER DURABLES|NIFTY IT|NIFTY METAL|NIFTY OIL & GAS|NIFTY REALTY|NIFTY TELECOMMUNICATIONS,0.026973813132758206,2010-14
2015,19,-0.01441894092652217,0.06403805735909707,NIFTY CHEMICALS|NIFTY MEDIA|NIFTY METAL|NIFTY NBFC|NIFTY OIL & GAS|NIFTY PSU BANK,-0.22516206020534218,2015-19
2015,19,0.05224273573210939,0.08257391056941918,NIFTY CHEMICALS|NIFTY CONSUMER DURABLES|NIFTY MEDIA|NIFTY OIL & GAS|NIFTY PSU BANK|NIFTY TELECOMMUNICATIONS,0.6326784740101339,2015-19
2015,19,-0.058266716623532555,0.07178306843770615,NIFTY BANK|NIFTY CEMENT|NIFTY METAL|NIFTY POWER|NIFTY PSU BANK|NIFTY REALTY,-0.8117055719636284,2015-19
2015,19,0.03105987803330228,0.09899833862368314,NIFTY CEMENT|NIFTY CONSTRUCTION|NIFTY HEALTHCARE|NIFTY IT|NIFTY MEDIA|NIFTY REALTY,0.3137414068267192,2015-19
2015,19,-0.03987986616350985,0.08505944901712302,NIFTY CHEMICALS|NIFTY METAL|NIFTY NBFC|NIFTY POWER|NIFTY PSU BANK|NIFTY REALTY,-0.4688469843659788,2015-19
2015,19,0.003671704519272165,0.06890977344523272,NIFTY COMMERCIAL & TRANSPORT SERVICES|NIFTY IT|NIFTY POWER|NIFTY PSU BANK|NIFTY REALTY|NIFTY TELECOMMUNICATIONS,0.05328278320622137,2015-19
2015,19,-0.01682181227432733,0.05220932581258976,NIFTY BANK|NIFTY METAL|NIFTY NBFC|NIFTY OIL & GAS|NIFTY POWER|NIFTY REALTY,-0.32219937745817273,2015-19
2015,19,0.012790825311328672,0.09211661961568314,NIFTY CONSTRUCTION|NIFTY METAL|NIFTY OIL & GAS|NIFTY POWER|NIFTY PSU BANK|NIFTY TELECOMMUNICATIONS,0.13885469706436115,2015-19
2015,19,-0.050384804708950424,0.09339565313548483,NIFTY AUTO|NIFTY CAPITAL GOODS|NIFTY COMMERCIAL & TRANSPORT SERVICES|NIFTY HEALTHCARE|NIFTY METAL|NIFTY PSU BANK,-0.5394769779687656,2015-19
2015,19,-0.04621832233917982,0.07030885219932914,NIFTY BANK|NIFTY COMMERCIAL & TRANSPORT SERVICES|NIFTY FMCG|NIFTY IT|NIFTY PSU BANK|NIFTY REALTY,-0.6573613548426099,2015-19
2015,19,0.039934621180508466,0.08220411330790821,NIFTY CAPITAL GOODS|NIFTY CEMENT|NIFTY HEALTHCARE|NIFTY IT|NIFTY METAL|NIFTY REALTY,0.4857983326324216,2015-19
2015,19,-0.028155453326678775,0.08248631127144196,NIFTY AUTO|NIFTY BANK|NIFTY CHEMICALS|NIFTY COMMERCIAL & TRANSPORT SERVICES|NIFTY FMCG|NIFTY PSU BANK,-0.34133485778053735,2015-19
2016,19,-0.01928275914073244,0.0976972758535056,NIFTY CAPITAL GOODS|NIFTY COMMERCIAL & TRANSPORT SERVICES|NIFTY CONSTRUCTION|NIFTY PSU BANK|NIFTY REALTY|NIFTY TELECOMMUNICATIONS,-0.1973725364630065,2015-19
2016,19,0.02874815455916957,0.1442024638761924,NIFTY CAPITAL GOODS|NIFTY COMMERCIAL & TRANSPORT SERVICES|NIFTY CONSTRUCTION|NIFTY MEDIA|NIFTY POWER|NIFTY REALTY,0.19935966270210065,2015-19
2016,19,-0.048140810003645944,0.10784002060681601,NIFTY CHEMICALS|NIFTY CONSUMER DURABLES|NIFTY FMCG|NIFTY HEALTHCARE|NIFTY MEDIA|NIFTY TELECOMMUNICATIONS,-0.446409503009713,2015-19
2016,19,-0.04439678481675637,0.12441063884141641,NIFTY AUTO|NIFTY FMCG|NIFTY IT|NIFTY OIL & GAS|NIFTY PSU BANK|NIFTY TELECOMMUNICATIONS,-0.3568568189200283,2015-19
2016,19,-0.01103983462237125,0.11701690036170255,NIFTY CAPITAL GOODS|NIFTY COMMERCIAL & TRANSPORT SERVICES|NIFTY HEALTHCARE|NIFTY METAL|NIFTY OIL & GAS|NIFTY TELECOMMUNICATIONS,-0.09434393312629892,2015-19
2016,19,-0.03539298558356079,0.11643832054066118,NIFTY AUTO|NIFTY BANK|NIFTY HEALTHCARE|NIFTY IT|NIFTY MEDIA|NIFTY TELECOMMUNICATIONS,-0.30396338094898306,2015-19
2016,19,-0.0023806088736984554,0.09549814229200049,NIFTY CAPITAL GOODS|NIFTY CHEMICALS|NIFTY FMCG|NIFTY IT|NIFTY POWER|NIFTY TELECOMMUNICATIONS,-0.024928326526178612,2015-19
2016,19,-0.030681313104587004,0.073583024917005,NIFTY CONSUMER DURABLES|NIFTY FMCG|NIFTY HEALTHCARE|NIFTY IT|NIFTY REALTY|NIFTY TELECOMMUNICATIONS,-0.4169618351405471,2015-19
2016,19,0.04915877023966412,0.07314737490119322,NIFTY BANK|NIFTY FMCG|NIFTY IT|NIFTY METAL|NIFTY POWER|NIFTY TELECOMMUNICATIONS,0.6720510518124173,2015-19
2016,19,-0.026579632459566432,0.06345806971651506,NIFTY AUTO|NIFTY CEMENT|NIFTY FMCG|NIFTY HEALTHCARE|NIFTY IT|NIFTY MEDIA,-0.4188534662069786,2015-19
2016,19,0.09121966530431896,0.10148997381612697,NIFTY CEMENT|NIFTY COMMERCIAL & TRANSPORT SERVICES|NIFTY CONSTRUCTION|NIFTY CONSUMER DURABLES|NIFTY NBFC|NIFTY REALTY,0.8988046983792203,2015-19
2016,19,-0.04730874318214098,0.15415012350051666,NIFTY CEMENT|NIFTY HEALTHCARE|NIFTY METAL|NIFTY NBFC|NIFTY PSU BANK|NIFTY TELECOMMUNICATIONS,-0.3069004559181065,2015-19
2017,19,0.03344558395595071,0.1234601308995632,NIFTY CONSTRUCTION|NIFTY FMCG|NIFTY HEALTHCARE|NIFTY IT|NIFTY OIL & GAS|NIFTY REALTY,0.270901899360201,2015-19
2017,19,-0.013263482793039039,0.1178116530046975,NIFTY AUTO|NIFTY CHEMICALS|NIFTY COMMERCIAL & TRANSPORT SERVICES|NIFTY METAL|NIFTY POWER|NIFTY PSU BANK,-0.11258209569905776,2015-19
2017,19,-0.030970186601458196,0.08371554637551343,NIFTY AUTO|NIFTY HEALTHCARE|NIFTY IT|NIFTY METAL|NIFTY OIL & GAS|NIFTY TELECOMMUNICATIONS,-0.36994546344520896,2015-19
2017,19,-0.01060198668133087,0.09285627931809771,NIFTY FMCG|NIFTY HEALTHCARE|NIFTY IT|NIFTY METAL|NIFTY POWER|NIFTY TELECOMMUNICATIONS,-0.11417630298336258,2015-19
2017,19,-0.0459455131234314,0.08870817428217168,NIFTY CAPITAL GOODS|NIFTY HEALTHCARE|NIFTY MEDIA|NIFTY POWER|NIFTY PSU BANK|NIFTY REALTY,-0.5179400150575008,2015-19
2017,19,-0.014388401886785779,0.09017042406643418,NIFTY AUTO|NIFTY CEMENT|NIFTY IT|NIFTY MEDIA|NIFTY OIL & GAS|NIFTY PSU BANK,-0.15956897215194357,2015-19
2017,19,0.018890816027211033,0.08036901476665832,NIFTY AUTO|NIFTY CHEMICALS|NIFTY COMMERCIAL & TRANSPORT SERVICES|NIFTY CONSUMER DURABLES|NIFTY FMCG|NIFTY HEALTHCARE,0.2350509842886369,2015-19
2017,19,-0.02049909645151442,0.08554028415142627,NIFTY AUTO|NIFTY BANK|NIFTY CONSTRUCTION|NIFTY HEALTHCARE|NIFTY MEDIA|NIFTY PSU BANK,-0.23964260412352892,2015-19
2017,19,-0.003194308459384639,0.06207264886404202,NIFTY CEMENT|NIFTY COMMERCIAL & TRANSPORT SERVICES|NIFTY FMCG|NIFTY OIL & GAS|NIFTY PSU BANK|NIFTY REALTY,-0.05146080468357563,2015-19
2017,19,0.06109482989304093,0.090695605727096,NIFTY AUTO|NIFTY BANK|NIFTY CONSUMER DURABLES|NIFTY FMCG|NIFTY IT|NIFTY NBFC,0.6736250274007309,2015-19
2017,19,-0.004321740602472273,0.0849064717551554,NIFTY CEMENT|NIFTY HEALTHCARE|NIFTY METAL|NIFTY NBFC|NIFTY OIL & GAS|NIFTY TELECOMMUNICATIONS,-0.05090001401700999,2015-19
2017,19,0.01201614333683384,0.0877940561113052,NIFTY BANK|NIFTY COMMERCIAL & TRANSPORT SERVICES|NIFTY FMCG|NIFTY MEDIA|NIFTY OIL & GAS|NIFTY PSU BANK,0.13686739022058383,2015-19
2018,19,0.000780269731110598,0.08029301473988407,NIFTY AUTO|NIFTY CEMENT|NIFTY CONSUMER DURABLES|NIFTY NBFC|NIFTY POWER|NIFTY TELECOMMUNICATIONS,0.009717778484695674,2015-19
2018,19,-0.013667261108516496,0.09369804467617296,NIFTY BANK|NIFTY CAPITAL GOODS|NIFTY CEMENT|NIFTY CONSUMER DURABLES|NIFTY MEDIA|NIFTY PSU BANK,-0.1458649554081039,2015-19
2018,19,-0.014934287922627599,0.10095703901125516,NIFTY CAPITAL GOODS|NIFTY COMMERCIAL & TRANSPORT SERVICES|NIFTY HEALTHCARE|NIFTY METAL|NIFTY OIL & GAS|NIFTY REALTY,-0.1479271586101357,2015-19
2018,19,-0.008154498292341272,0.10653381419947411,NIFTY CAPITAL GOODS|NIFTY CONSUMER DURABLES|NIFTY MEDIA|NIFTY OIL & GAS|NIFTY PSU BANK|NIFTY TELECOMMUNICATIONS,-0.07654375611740301,2015-19
2018,19,-0.018856940037070242,0.10611334680039781,NIFTY CEMENT|NIFTY CONSTRUCTION|NIFTY CONSUMER DURABLES|NIFTY HEALTHCARE|NIFTY MEDIA|NIFTY REALTY,-0.17770563841078987,2015-19
2018,19,0.008608789895682695,0.07623185918032643,NIFTY CAPITAL GOODS|NIFTY CHEMICALS|NIFTY CONSTRUCTION|NIFTY POWER|NIFTY PSU BANK|NIFTY REALTY,0.11292902978161147,2015-19
2018,19,-0.013756305899239077,0.0571308897305203,NIFTY AUTO|NIFTY CHEMICALS|NIFTY HEALTHCARE|NIFTY MEDIA|NIFTY METAL|NIFTY REALTY,-0.24078578093437644,2015-19
2018,19,-0.02215652090865471,0.05023302568112308,NIFTY AUTO|NIFTY COMMERCIAL & TRANSPORT SERVICES|NIFTY MEDIA|NIFTY NBFC|NIFTY OIL & GAS|NIFTY REALTY,-0.4410747831377564,2015-19
2018,19,0.006283343283173555,0.08448783846238381,NIFTY AUTO|NIFTY CONSTRUCTION|NIFTY MEDIA|NIFTY NBFC|NIFTY PSU BANK|NIFTY REALTY,0.07436979567149257,2015-19
2018,19,-0.009333916404505788,0.08166599868190932,NIFTY AUTO|NIFTY CEMENT|NIFTY FMCG|NIFTY IT|NIFTY METAL|NIFTY OIL & GAS,-0.11429378878793335,2015-19
2018,19,-0.024656151377825564,0.07617837478234653,NIFTY HEALTHCARE|NIFTY IT|NIFTY METAL|NIFTY POWER|NIFTY PSU BANK|NIFTY TELECOMMUNICATIONS,-0.32366339460866717,2015-19
2018,19,-0.029529476388328795,0.08250091383088988,NIFTY AUTO|NIFTY CHEMICALS|NIFTY HEALTHCARE|NIFTY IT|NIFTY METAL|NIFTY TELECOMMUNICATIONS,-0.3579290824445681,2015-19
2019,19,0.020582340096855545,0.08851516257727526,NIFTY AUTO|NIFTY CAPITAL GOODS|NIFTY CEMENT|NIFTY CONSTRUCTION|NIFTY MEDIA|NIFTY NBFC,0.23252897579990103,2015-19
2019,19,0.033484723020541445,0.0985369992756384,NIFTY BANK|NIFTY CHEMICALS|NIFTY COMMERCIAL & TRANSPORT SERVICES|NIFTY HEALTHCARE|NIFTY POWER|NIFTY PSU BANK,0.3398187814393895,2015-19
2019,19,-0.025532371500424974,0.08315688025993145,NIFTY AUTO|NIFTY FMCG|NIFTY HEALTHCARE|NIFTY IT|NIFTY MEDIA|NIFTY TELECOMMUNICATIONS,-0.30703859284542645,2015-19
2019,19,0.018727666648056838,0.07449416868609075,NIFTY CONSTRUCTION|NIFTY NBFC|NIFTY POWER|NIFTY PSU BANK|NIFTY REALTY|NIFTY TELECOMMUNICATIONS,0.25139775338621356,2015-19
2019,19,-0.012279079277969479,0.08674320937180281,NIFTY AUTO|NIFTY FMCG|NIFTY HEALTHCARE|NIFTY MEDIA|NIFTY METAL|NIFTY TELECOMMUNICATIONS,-0.1415566632465524,2015-19
2019,19,0.0013324916605157444,0.08327905415458489,NIFTY AUTO|NIFTY CEMENT|NIFTY CHEMICALS|NIFTY MEDIA|NIFTY OIL & GAS|NIFTY TELECOMMUNICATIONS,0.016000321738072774,2015-19
2019,19,0.02877345926259345,0.07449455148931243,NIFTY AUTO|NIFTY CONSUMER DURABLES|NIFTY METAL|NIFTY NBFC|NIFTY PSU BANK|NIFTY TELECOMMUNICATIONS,0.38624917779015716,2015-19
2019,19,0.02113450487121295,0.07581216939970331,NIFTY BANK|NIFTY CAPITAL GOODS|NIFTY CEMENT|NIFTY CONSTRUCTION|NIFTY METAL|NIFTY PSU BANK,0.2787745692882871,2015-19
2019,19,0.023738367400491133,0.06612967885447897,NIFTY HEALTHCARE|NIFTY IT|NIFTY MEDIA|NIFTY POWER|NIFTY PSU BANK|NIFTY REALTY,0.3589669239544981,2015-19
2019,19,0.024110205733844186,0.10077643939276139,NIFTY CEMENT|NIFTY COMMERCIAL & TRANSPORT SERVICES|NIFTY IT|NIFTY MEDIA|NIFTY NBFC|NIFTY TELECOMMUNICATIONS,0.23924446903584473,2015-19
2019,19,0.09993646251751175,0.14891221947499422,NIFTY AUTO|NIFTY CAPITAL GOODS|NIFTY CHEMICALS|NIFTY CONSUMER DURABLES|NIFTY FMCG|NIFTY IT,0.6711098852051787,2015-19
2019,19,0.00909177696609359,0.15848674061283288,NIFTY CEMENT|NIFTY COMMERCIAL & TRANSPORT SERVICES|NIFTY FMCG|NIFTY OIL & GAS|NIFTY PSU BANK|NIFTY TELECOMMUNICATIONS,0.05736616786324027,2015-19
2020,19,-0.028444795127048266,0.15518456896712865,NIFTY AUTO|NIFTY BANK|NIFTY METAL|NIFTY OIL & GAS|NIFTY POWER|NIFTY PSU BANK,-0.18329654369870674,2020-26
2020,19,-0.0545818512745771,0.16454201270377003,NIFTY AUTO|NIFTY CONSTRUCTION|NIFTY METAL|NIFTY POWER|NIFTY PSU BANK|NIFTY REALTY,-0.3317198469721071,2020-26
2020,19,-0.009530680535333716,0.16023963386101917,NIFTY AUTO|NIFTY BANK|NIFTY CONSTRUCTION|NIFTY MEDIA|NIFTY NBFC|NIFTY REALTY,-0.0594776729432618,2020-26
2020,19,-0.08374754022909642,0.13087147119126633,NIFTY BANK|NIFTY CONSTRUCTION|NIFTY CONSUMER DURABLES|NIFTY NBFC|NIFTY PSU BANK|NIFTY REALTY,-0.6399220507477973,2020-26
2020,19,-0.004292298317711431,0.09950834299085441,NIFTY BANK|NIFTY CHEMICALS|NIFTY CONSUMER DURABLES|NIFTY NBFC|NIFTY PSU BANK|NIFTY REALTY,-0.04313505972163486,2020-26
2020,19,0.07740973145849517,0.11509554588467577,NIFTY CHEMICALS|NIFTY CONSUMER DURABLES|NIFTY FMCG|NIFTY HEALTHCARE|NIFTY IT|NIFTY METAL,0.6725693063401316,2020-26
2020,19,0.035443892645753504,0.10711078222391154,NIFTY COMMERCIAL & TRANSPORT SERVICES|NIFTY CONSTRUCTION|NIFTY MEDIA|NIFTY POWER|NIFTY PSU BANK|NIFTY TELECOMMUNICATIONS,0.3309087274860828,2020-26
2020,19,-0.027945925525556786,0.1188838280920358,NIFTY CEMENT|NIFTY CONSUMER DURABLES|NIFTY FMCG|NIFTY HEALTHCARE|NIFTY IT|NIFTY OIL & GAS,-0.23506919295971865,2020-26
2020,19,0.15525637788182292,0.19745479928138976,NIFTY BANK|NIFTY METAL|NIFTY NBFC|NIFTY POWER|NIFTY PSU BANK|NIFTY TELECOMMUNICATIONS,0.7862881958142202,2020-26
2020,19,-0.10629364461372376,0.19365703832356004,NIFTY AUTO|NIFTY FMCG|NIFTY HEALTHCARE|NIFTY MEDIA|NIFTY OIL & GAS|NIFTY PSU BANK,-0.5488757110708753,2020-26
2020,19,-0.05676359305683929,0.12708756670032864,NIFTY CHEMICALS|NIFTY FMCG|NIFTY HEALTHCARE|NIFTY IT|NIFTY MEDIA|NIFTY OIL & GAS,-0.44664946013709855,2020-26
2020,19,0.03012733458890166,0.17580807150875863,NIFTY AUTO|NIFTY CEMENT|NIFTY NBFC|NIFTY OIL & GAS|NIFTY POWER|NIFTY TELECOMMUNICATIONS,0.17136491135107376,2020-26
2021,19,0.03888218691397144,0.20113868934228463,NIFTY CHEMICALS|NIFTY FMCG|NIFTY HEALTHCARE|NIFTY METAL|NIFTY OIL & GAS|NIFTY REALTY,0.19331033249304058,2020-26
2021,19,-0.030573055627688372,0.11170677283481414,NIFTY AUTO|NIFTY CONSUMER DURABLES|NIFTY FMCG|NIFTY HEALTHCARE|NIFTY IT|NIFTY MEDIA,-0.27369025934441893,2020-26
2021,19,-0.050142674905556066,0.1029742085890037,NIFTY AUTO|NIFTY BANK|NIFTY MEDIA|NIFTY PSU BANK|NIFTY REALTY|NIFTY TELECOMMUNICATIONS,-0.4869440182413856,2020-26
2021,19,-0.022307385282508033,0.0894926822476946,NIFTY AUTO|NIFTY BANK|NIFTY CONSTRUCTION|NIFTY FMCG|NIFTY PSU BANK|NIFTY REALTY,-0.24926490884211583,2020-26
2021,19,0.006038330830924819,0.13931130541170422,NIFTY CHEMICALS|NIFTY CONSUMER DURABLES|NIFTY FMCG|NIFTY HEALTHCARE|NIFTY NBFC|NIFTY TELECOMMUNICATIONS,0.04334415511418723,2020-26
2021,19,-0.033149068858679964,0.13233015146782406,NIFTY AUTO|NIFTY BANK|NIFTY COMMERCIAL & TRANSPORT SERVICES|NIFTY METAL|NIFTY OIL & GAS|NIFTY POWER,-0.2505027651747238,2020-26
2021,19,-0.0234153838237611,0.1183219543423542,NIFTY AUTO|NIFTY BANK|NIFTY COMMERCIAL & TRANSPORT SERVICES|NIFTY FMCG|NIFTY OIL & GAS|NIFTY PSU BANK,-0.19789551274660946,2020-26
2021,19,0.09450888470264042,0.12385741855334922,NIFTY CEMENT|NIFTY CONSTRUCTION|NIFTY MEDIA|NIFTY PSU BANK|NIFTY REALTY|NIFTY TELECOMMUNICATIONS,0.7630458135370592,2020-26
2021,19,-0.035236741798450384,0.07659004560960653,NIFTY BANK|NIFTY CEMENT|NIFTY FMCG|NIFTY HEALTHCARE|NIFTY METAL|NIFTY NBFC,-0.4600694714043977,2020-26
2021,19,0.009582081101709354,0.07376462051398114,NIFTY CHEMICALS|NIFTY FMCG|NIFTY HEALTHCARE|NIFTY IT|NIFTY REALTY|NIFTY TELECOMMUNICATIONS,0.1299007713310637,2020-26
2021,19,0.018260360649907017,0.0922215255277805,NIFTY AUTO|NIFTY BANK|NIFTY CEMENT|NIFTY METAL|NIFTY NBFC|NIFTY PSU BANK,0.1980054064970583,2020-26
2021,19,0.021055189803847834,0.08855163402535197,NIFTY BANK|NIFTY MEDIA|NIFTY NBFC|NIFTY OIL & GAS|NIFTY PSU BANK|NIFTY REALTY,0.2377730240169235,2020-26
2022,19,-0.020527455901792495,0.06941525961190037,NIFTY CEMENT|NIFTY CONSUMER DURABLES|NIFTY FMCG|NIFTY HEALTHCARE|NIFTY IT|NIFTY TELECOMMUNICATIONS,-0.29571964459343925,2020-26
2022,19,-0.023274646948218448,0.08765760509095089,NIFTY CEMENT|NIFTY CONSTRUCTION|NIFTY MEDIA|NIFTY PSU BANK|NIFTY REALTY|NIFTY TELECOMMUNICATIONS,-0.26551771433943894,2020-26
2022,19,0.07710783580677115,0.10233905648879246,NIFTY AUTO|NIFTY BANK|NIFTY CEMENT|NIFTY CONSUMER DURABLES|NIFTY FMCG|NIFTY POWER,0.7534546286853399,2020-26
2022,19,-0.029699449471901906,0.08570723423053664,NIFTY CHEMICALS|NIFTY CONSTRUCTION|NIFTY IT|NIFTY MEDIA|NIFTY REALTY|NIFTY TELECOMMUNICATIONS,-0.34652208461208617,2020-26
2022,19,0.0030807839863373626,0.06163967708870437,NIFTY CEMENT|NIFTY CONSUMER DURABLES|NIFTY METAL|NIFTY NBFC|NIFTY POWER|NIFTY REALTY,0.04998053415990274,2020-26
2022,19,0.050316410121475065,0.11441197660932029,NIFTY COMMERCIAL & TRANSPORT SERVICES|NIFTY CONSUMER DURABLES|NIFTY MEDIA|NIFTY METAL|NIFTY POWER|NIFTY PSU BANK,0.43978271866842444,2020-26
2022,19,-0.075607957628967,0.1367279657731183,NIFTY AUTO|NIFTY HEALTHCARE|NIFTY IT|NIFTY OIL & GAS|NIFTY POWER|NIFTY TELECOMMUNICATIONS,-0.5529809296982321,2020-26
2022,19,-0.05020588906391929,0.12328394791385013,NIFTY FMCG|NIFTY HEALTHCARE|NIFTY IT|NIFTY MEDIA|NIFTY NBFC|NIFTY REALTY,-0.4072378433160072,2020-26
2022,19,-0.013172202139649277,0.12265907746237421,NIFTY AUTO|NIFTY CAPITAL GOODS|NIFTY CONSTRUCTION|NIFTY OIL & GAS|NIFTY POWER|NIFTY REALTY,-0.10738872664104182,2020-26
2022,19,-0.025819823223835903,0.10043302387542528,NIFTY CHEMICALS|NIFTY COMMERCIAL & TRANSPORT SERVICES|NIFTY CONSUMER DURABLES|NIFTY FMCG|NIFTY MEDIA|NIFTY NBFC,-0.2570849928392298,2020-26
2022,19,-0.003618708672880916,0.07062101613844671,NIFTY AUTO|NIFTY CHEMICALS|NIFTY CONSUMER DURABLES|NIFTY HEALTHCARE|NIFTY NBFC|NIFTY POWER,-0.05124124334017985,2020-26
2022,19,-0.050366785533373225,0.09738969683133582,NIFTY CEMENT|NIFTY IT|NIFTY MEDIA|NIFTY POWER|NIFTY REALTY|NIFTY TELECOMMUNICATIONS,-0.5171674948388109,2020-26
2023,19,-0.028329262024140642,0.09298763978196767,NIFTY CEMENT|NIFTY COMMERCIAL & TRANSPORT SERVICES|NIFTY OIL & GAS|NIFTY POWER|NIFTY PSU BANK|NIFTY TELECOMMUNICATIONS,-0.3046562111971607,2020-26
2023,19,-0.006491245066284003,0.0914135055814898,NIFTY COMMERCIAL & TRANSPORT SERVICES|NIFTY MEDIA|NIFTY METAL|NIFTY OIL & GAS|NIFTY POWER|NIFTY PSU BANK,-0.0710096940817726,2020-26
2023,19,0.052637077609665815,0.1032268097036552,NIFTY AUTO|NIFTY CAPITAL GOODS|NIFTY IT|NIFTY MEDIA|NIFTY REALTY|NIFTY TELECOMMUNICATIONS,0.5099167334607839,2020-26
2023,19,-0.003703072963877424,0.10853696126547493,NIFTY CEMENT|NIFTY CONSUMER DURABLES|NIFTY FMCG|NIFTY IT|NIFTY MEDIA|NIFTY POWER,-0.0341180821786592,2020-26
2023,19,0.012526018398883834,0.10488076382526484,NIFTY CHEMICALS|NIFTY CONSTRUCTION|NIFTY METAL|NIFTY OIL & GAS|NIFTY POWER|NIFTY PSU BANK,0.11943103713234425,2020-26
2023,19,-0.0012371844145305604,0.10034413389355075,NIFTY CEMENT|NIFTY CHEMICALS|NIFTY IT|NIFTY MEDIA|NIFTY OIL & GAS|NIFTY PSU BANK,-0.01232941445130233,2020-26
2023,19,-0.05503664889232912,0.08467980770201189,NIFTY BANK|NIFTY CEMENT|NIFTY CHEMICALS|NIFTY CONSUMER DURABLES|NIFTY FMCG|NIFTY IT,-0.6499382838232581,2020-26
2023,19,-0.02008001640414332,0.12961841642186228,NIFTY BANK|NIFTY CEMENT|NIFTY FMCG|NIFTY HEALTHCARE|NIFTY OIL & GAS|NIFTY PSU BANK,-0.15491638424890133,2020-26
2023,19,-0.11081270193819158,0.16914526535892735,NIFTY CAPITAL GOODS|NIFTY CHEMICALS|NIFTY COMMERCIAL & TRANSPORT SERVICES|NIFTY CONSUMER DURABLES|NIFTY FMCG|NIFTY MEDIA,-0.6551333358521524,2020-26
2023,19,0.06077564890090257,0.18411406958390572,NIFTY CHEMICALS|NIFTY HEALTHCARE|NIFTY METAL|NIFTY POWER|NIFTY PSU BANK|NIFTY TELECOMMUNICATIONS,0.3300977977308001,2020-26
2023,19,-0.0880247145347469,0.15944133080024844,NIFTY BANK|NIFTY FMCG|NIFTY MEDIA|NIFTY NBFC|NIFTY PSU BANK|NIFTY TELECOMMUNICATIONS,-0.5520821614630536,2020-26
2023,19,-0.024950794849586937,0.13485879700448844,NIFTY AUTO|NIFTY CAPITAL GOODS|NIFTY CONSUMER DURABLES|NIFTY HEALTHCARE|NIFTY MEDIA|NIFTY NBFC,-0.18501421786193534,2020-26
2024,19,-0.04002798127226165,0.11486263266426473,NIFTY BANK|NIFTY CHEMICALS|NIFTY CONSUMER DURABLES|NIFTY FMCG|NIFTY MEDIA|NIFTY METAL,-0.3484856680001457,2020-26
2024,19,-0.016640658966878292,0.10767079373066224,NIFTY BANK|NIFTY CEMENT|NIFTY CONSTRUCTION|NIFTY FMCG|NIFTY MEDIA|NIFTY POWER,-0.1545512797881363,2020-26
2024,19,0.0012668202056869322,0.07838906078302085,NIFTY CEMENT|NIFTY CONSTRUCTION|NIFTY IT|NIFTY MEDIA|NIFTY OIL & GAS|NIFTY REALTY,0.01616067590340777,2020-26
2024,19,0.03859695834937868,0.08734973365211396,NIFTY BANK|NIFTY CEMENT|NIFTY FMCG|NIFTY HEALTHCARE|NIFTY IT|NIFTY OIL & GAS,0.44186692661362903,2020-26
2024,19,0.042557616710237355,0.09382944197543998,NIFTY CEMENT|NIFTY CHEMICALS|NIFTY HEALTHCARE|NIFTY IT|NIFTY NBFC|NIFTY PSU BANK,0.45356357039165685,2020-26
2024,19,0.0296961714489134,0.07427350033260646,NIFTY FMCG|NIFTY HEALTHCARE|NIFTY MEDIA|NIFTY METAL|NIFTY POWER|NIFTY PSU BANK,0.3998218922755768,2020-26
2024,19,0.03380822433466229,0.07374090849453908,NIFTY BANK|NIFTY CAPITAL GOODS|NIFTY CEMENT|NIFTY METAL|NIFTY NBFC|NIFTY REALTY,0.45847311926142015,2020-26
2024,19,-0.015301804700182229,0.06808578642920418,NIFTY CAPITAL GOODS|NIFTY CEMENT|NIFTY CONSTRUCTION|NIFTY POWER|NIFTY PSU BANK|NIFTY REALTY,-0.22474301176051031,2020-26
2024,19,0.013437641152023441,0.07264171422599086,NIFTY COMMERCIAL & TRANSPORT SERVICES|NIFTY CONSTRUCTION|NIFTY IT|NIFTY OIL & GAS|NIFTY PSU BANK|NIFTY TELECOMMUNICATIONS,0.1849851878525124,2020-26
2024,19,0.026926589877912965,0.06739091699993345,NIFTY AUTO|NIFTY CONSUMER DURABLES|NIFTY FMCG|NIFTY NBFC|NIFTY OIL & GAS|NIFTY TELECOMMUNICATIONS,0.3995581463587972,2020-26
2024,19,0.049308596459058135,0.08736902688160846,NIFTY CHEMICALS|NIFTY FMCG|NIFTY METAL|NIFTY NBFC|NIFTY OIL & GAS|NIFTY POWER,0.5643715881816442,2020-26
2024,19,0.008700691793610653,0.08465561229532001,NIFTY CAPITAL GOODS|NIFTY CHEMICALS|NIFTY MEDIA|NIFTY METAL|NIFTY POWER|NIFTY PSU BANK,0.10277749528594043,2020-26
2025,19,-0.007509377985622702,0.0688869115569946,NIFTY CAPITAL GOODS|NIFTY CONSTRUCTION|NIFTY CONSUMER DURABLES|NIFTY HEALTHCARE|NIFTY MEDIA|NIFTY REALTY,-0.1090102287342307,2020-26
2025,19,0.01638101330772433,0.07949273971762898,NIFTY CAPITAL GOODS|NIFTY CONSTRUCTION|NIFTY IT|NIFTY MEDIA|NIFTY REALTY|NIFTY TELECOMMUNICATIONS,0.20606930099418297,2020-26
2025,19,-0.011540292900503355,0.05170922754758356,NIFTY AUTO|NIFTY CONSUMER DURABLES|NIFTY FMCG|NIFTY IT|NIFTY MEDIA|NIFTY TELECOMMUNICATIONS,-0.22317666396938177,2020-26
2025,19,0.0009939286682542764,0.06840649116288257,NIFTY CONSTRUCTION|NIFTY IT|NIFTY MEDIA|NIFTY METAL|NIFTY NBFC|NIFTY POWER,0.01452974200778161,2020-26
2025,19,0.006234307080069507,0.06176825874071581,NIFTY BANK|NIFTY CEMENT|NIFTY FMCG|NIFTY HEALTHCARE|NIFTY OIL & GAS|NIFTY POWER,0.10093059456701241,2020-26
2025,19,-0.024343993219724747,0.08172984945188598,NIFTY CAPITAL GOODS|NIFTY CONSTRUCTION|NIFTY FMCG|NIFTY MEDIA|NIFTY PSU BANK|NIFTY REALTY,-0.297859269079603,2020-26
2025,19,0.002773443154957303,0.10159104754481266,NIFTY CONSTRUCTION|NIFTY IT|NIFTY MEDIA|NIFTY NBFC|NIFTY REALTY|NIFTY TELECOMMUNICATIONS,0.027300074386317496,2020-26
2025,19,-0.018957243151024445,0.11419649338357805,NIFTY CHEMICALS|NIFTY CONSTRUCTION|NIFTY OIL & GAS|NIFTY POWER|NIFTY REALTY|NIFTY TELECOMMUNICATIONS,-0.1660054752062166,2020-26
2025,19,-0.05276459846210072,0.08718796268758552,NIFTY CEMENT|NIFTY CHEMICALS|NIFTY CONSUMER DURABLES|NIFTY FMCG|NIFTY IT|NIFTY MEDIA,-0.6051821471178124,2020-26
2025,19,-0.05577042964211901,0.0906684387663122,NIFTY AUTO|NIFTY CEMENT|NIFTY CHEMICALS|NIFTY CONSTRUCTION|NIFTY FMCG|NIFTY MEDIA,-0.6151030104958692,2020-26
2025,19,0.030679785706556762,0.09063338943320039,NIFTY CEMENT|NIFTY CONSTRUCTION|NIFTY MEDIA|NIFTY METAL|NIFTY POWER|NIFTY REALTY,0.33850423004613234,2020-26
2025,19,0.02187604092841411,0.11552738519519513,NIFTY CAPITAL GOODS|NIFTY COMMERCIAL & TRANSPORT SERVICES|NIFTY CONSUMER DURABLES|NIFTY HEALTHCARE|NIFTY MEDIA|NIFTY REALTY,0.18935805472834288,2020-26
2026,19,-0.008240168256914137,0.11445136182979153,NIFTY AUTO|NIFTY COMMERCIAL & TRANSPORT SERVICES|NIFTY CONSTRUCTION|NIFTY CONSUMER DURABLES|NIFTY FMCG|NIFTY REALTY,-0.0719971184717632,2020-26
2026,19,0.015164219137677024,0.09999627650329428,NIFTY CEMENT|NIFTY CONSTRUCTION|NIFTY FMCG|NIFTY IT|NIFTY REALTY|NIFTY TELECOMMUNICATIONS,0.15164783797902168,2020-26
2026,19,0.02410258087247503,0.09195311392648353,NIFTY AUTO|NIFTY BANK|NIFTY CONSTRUCTION|NIFTY NBFC|NIFTY PSU BANK|NIFTY REALTY,0.26211815830125157,2020-26
2026,19,-0.018335662943984792,0.09118656783474786,NIFTY AUTO|NIFTY CEMENT|NIFTY HEALTHCARE|NIFTY IT|NIFTY OIL & GAS|NIFTY PSU BANK,-0.20107855114377648,2020-26
