Date,Open,Close,Volume
2020-06-01,19.855098091011467,20.244413375854492,6111
2020-06-02,19.563113702794617,20.682395935058594,8827
2020-06-03,20.731059212815826,21.801677703857422,23251
2020-06-04,21.41236067346105,21.12037467956543,3366
2020-06-05,22.969625544891073,23.212947845458984,12627
2020-06-08,24.234899554395934,26.57079315185547,75512
2020-06-09,25.840825180141053,25.50017547607422,32470
2020-06-10,26.278808847878615,24.4295597076416,12686
2020-06-11,24.429560968898336,23.40760612487793,11034
2020-06-12,22.38565201357362,23.261611938476562,8754
2020-06-15,23.35894099619055,23.69959259033203,4069
2020-06-16,24.13757080071007,23.602262496948242,13759
2020-06-17,22.87229618181946,22.96962547302246,8047
2020-06-18,22.969624919643447,24.77021026611328,13953
2020-06-19,25.88949124579262,24.867536544799805,11184
2020-06-22,24.916202713051348,25.402847290039062,3432
2020-06-23,25.743498949472045,25.646169662475586,20121
2020-06-24,26.084148753128442,25.88949203491211,106831
2020-06-25,26.03548592502631,25.062196731567383,34678
2020-06-26,25.305518727516993,25.256855010986328,13900
2020-06-29,25.256854500673345,24.964866638183594,3812
2020-06-30,24.52688797216876,24.77021026611328,8388
2020-07-01,24.429558903995204,24.332229614257812,6527
2020-07-02,24.380891890595258,24.62421417236328,10739
2020-07-03,25.500177771930243,24.38089370727539,6401
2020-07-06,24.47822142642143,24.186235427856445,9948
2020-07-07,23.845585909471627,23.504934310913086,9940
2020-07-08,23.504932656652507,24.234899520874023,7616
2020-07-09,24.81887488142068,23.942914962768555,5979
2020-07-10,23.796920857242547,24.04024314880371,2967
2020-07-13,23.748257361110973,23.35894203186035,3554
2020-07-14,23.164283130807057,23.553600311279297,863
2020-07-15,23.69959259033203,23.69959259033203,1089
2020-07-16,23.115618332278785,22.482980728149414,3293
2020-07-17,23.212947340831295,22.92095947265625,1027
2020-07-20,23.261610756071107,23.115617752075195,2635
2020-07-21,23.845585840545812,23.261611938476562,1272
2020-07-22,24.186236521944544,22.92095947265625,5025
2020-07-23,23.407602849906077,22.774965286254883,1078
2020-07-24,23.261612098706934,22.33698844909668,8065
2020-07-27,22.385651519734942,21.5583553314209,5559
2020-07-28,21.55835625876572,23.553600311279297,153166
2020-07-29,23.35894070678089,22.726303100585938,17967
2020-07-30,23.407604572072213,23.212947845458984,16262
2020-07-31,23.3589406305133,22.482980728149414,3364
2020-08-03,22.09366446258565,21.899005889892578,13546
2020-08-04,22.28832324673773,22.385652542114258,3488
2020-08-05,22.434316079786868,23.06695556640625,5414
2020-08-06,23.310275940034476,24.234899520874023,22978
2020-08-07,23.407603783581283,24.283565521240234,4824
2020-08-10,23.845583243171074,25.50017547607422,45511
2020-08-11,25.548840422124794,24.72154426574707,7685
2020-08-12,24.721543887370874,24.672880172729492,7477
2020-08-13,25.256855913021855,24.4295597076416,16095
2020-08-14,25.208190338351336,24.4295597076416,12355
2020-08-17,25.694833120539254,24.916202545166016,11844
2020-08-18,24.91620342606632,25.256855010986328,4875
2020-08-19,24.47822321064654,25.11086082458496,8961
2020-08-20,25.11085964122759,24.964866638183594,8897
2020-08-21,24.964865721946506,25.548839569091797,18517
2020-08-24,26.181478776460047,25.743499755859375,11177
2020-08-25,25.50017666018177,25.646169662475586,4164
2020-08-26,26.278807909344568,25.256855010986328,11898
2020-08-27,25.256854452005967,25.88949203491211,5830
2020-08-28,26.132814460238944,25.208189010620117,13465
2020-08-31,25.208187630900014,24.575550079345703,16274
2020-09-01,24.47822197601255,24.72154426574707,5447
2020-09-02,25.548838345034138,24.478219985961914,1689
2020-09-03,24.52688811605148,24.08890724182129,637
2020-09-04,24.332229458555883,23.845584869384766,3211
2020-09-07,23.845586004798704,22.33698844909668,21705
2020-09-08,23.11561817632324,21.996335983276367,5338
2020-09-09,22.288322072636703,22.23965835571289,4623
2020-09-10,22.774965286254883,22.774965286254883,10741
2020-09-11,23.74825458963246,22.093664169311523,5157
2020-09-14,22.872295879730363,21.996335983276367,5561
2020-09-15,21.996335260451236,22.1423282623291,3176
2020-09-16,22.190993203820288,23.69959259033203,44190
2020-09-17,23.796920678596937,24.72154426574707,30273
2020-09-18,24.916201837139333,24.137569427490234,6581
2020-09-21,24.18623781316057,23.06695556640625,8394
2020-09-22,23.11561848162605,22.96962547302246,2764
2020-09-23,22.434315308086877,24.38089370727539,7459
2020-09-24,22.9209611262022,23.35894203186035,4656
2020-09-25,24.186236607852624,24.332229614257812,13330
2020-09-28,24.3322291561164,24.04024314880371,8578
2020-09-29,25.110860454508405,23.894248962402344,1685
2020-09-30,23.845582875885043,24.526885986328125,16080
2020-10-01,23.89424732705921,24.62421417236328,3258
2020-10-05,24.38089278900791,23.796920776367188,9089
2020-10-06,24.624215245438975,24.283565521240234,10154
2020-10-07,24.672879455699135,24.818872451782227,15013
2020-10-08,24.721544427957944,25.208189010620117,5197
2020-10-09,25.15952602219364,25.062196731567383,1212
2020-10-12,25.062196165318866,25.694833755493164,8913
2020-10-13,25.062195545998282,24.916202545166016,6220
2020-10-14,25.013530534815576,24.526885986328125,5274
2020-10-15,25.98682136804725,29.393333435058594,308883
2020-10-16,30.999262122298973,29.150012969970703,233415
2020-10-19,27.836071238346744,28.566038131713867,23599
2020-10-20,28.95535395458928,34.25978088378906,128785
2020-10-21,36.79033042483633,40.245506286621094,608847
2020-10-22,38.590919999811334,36.303688049316406,298528
2020-10-23,37.714958868396,34.01646041870117,152542
2020-10-26,34.8437544234026,33.967796325683594,75529
2020-10-27,34.06512239553633,33.33515548706055,30933
2020-10-28,33.140496232051206,32.313201904296875,20417
2020-10-29,32.556522117721194,30.90192985534668,17912
2020-10-30,30.366625961184493,32.16720962524414,28698
2020-11-02,33.967791680386895,30.8532657623291,19514
2020-11-03,31.193917544039703,30.171964645385742,15234
2020-11-04,29.539327269491874,29.733983993530273,10040
2020-11-05,28.712030513386754,30.123300552368164,7217
2020-11-06,29.34466807959609,28.955352783203125,12482
2020-11-09,29.24733881429597,30.123300552368164,43016
2020-11-10,28.760695375270288,29.101346969604492,8523
2020-11-11,28.420046094335547,27.982065200805664,6157
2020-11-12,28.566037979831467,28.07939338684082,7831
2020-11-13,27.252098409538597,28.46870994567871,7353
2020-11-14,27.787405262673303,29.685319900512695,8102
2020-11-17,29.685318723102906,30.707271575927734,11540
2020-11-18,29.733983399268627,30.123300552368164,9932
2020-11-19,30.65860938795762,29.49066162109375,6359
2020-11-20,29.49066228181422,29.101346969604492,9452
2020-11-23,29.101347327834294,28.90669059753418,9651
2020-11-24,30.025972072744587,29.052682876586914,7808
2020-11-25,29.05268229230987,28.517372131347656,15621
2020-11-26,29.052683180999857,28.85802459716797,6057
2020-11-27,28.274049413633463,29.393333435058594,8976
2020-12-01,29.685318462206318,29.977304458618164,16854
2020-12-02,30.46394971683569,30.755937576293945,10892
2020-12-03,32.02121846245234,32.16720962524414,27704
2020-12-04,32.897174697432526,32.41053009033203,10525
2020-12-07,32.75118589758666,32.702518463134766,6658
2020-12-08,31.923884887610832,32.79984664916992,8794
2020-12-09,32.848514470838964,32.36186981201172,16320
2020-12-10,32.36186650771342,32.89717483520508,8266
2020-12-11,32.89717225783292,33.04316711425781,9821
2020-12-14,33.87046634670472,32.702518463134766,10160
2020-12-15,31.29125125851715,32.60519027709961,3211
2020-12-16,33.286492252657055,32.45919418334961,13043
2020-12-17,31.631899953727775,32.945838928222656,17774
2020-12-18,33.28649350306247,32.60519027709961,4405
2020-12-21,32.60518792271614,31.145254135131836,4939
2020-12-22,30.65860768337791,30.220626831054688,3163
2020-12-23,30.22062770192972,31.729225158691406,5327
2020-12-24,31.7292236392272,31.534568786621094,2781
2020-12-28,30.658612102812405,32.65385437011719,15033
2020-12-29,31.72922457522575,32.1185417175293,6370
2020-12-30,32.89717378006843,31.826557159423828,4321
2020-12-31,31.631900653197043,32.55652618408203,5502
2021-01-01,31.291248471678248,33.18915939331055,10756
2021-01-04,34.454439177006584,33.28649139404297,10578
2021-01-05,33.04316781867154,34.065120697021484,14515
2021-01-06,34.746424551097405,35.087074279785156,18245
2021-01-07,36.35234955857974,36.49834442138672,33423
2021-01-08,36.88766382324873,36.303688049316406,20489
2021-01-11,37.763621914941496,36.303688049316406,8368
2021-01-12,35.08707564025399,35.7197151184082,11741
2021-01-13,35.087075132239534,35.18440628051758,18545
2021-01-14,36.011704614836326,35.67105484008789,8174
2021-01-15,34.64909228523385,34.94108200073242,6950
2021-01-18,34.94108114037074,34.84375,3068
2021-01-19,34.64909547294055,34.4057731628418,4861
2021-01-20,35.038412138805434,33.87046432495117,6144
2021-01-21,34.74642558600779,33.33515548706055,6243
2021-01-22,33.2378278189985,33.773136138916016,10645
2021-01-25,33.72447028852714,32.1185417175293,4273
2021-01-27,32.60518668271833,30.99925994873047,2314
2021-01-28,29.490660044622505,31.388574600219727,7898
2021-01-29,31.437240150087973,31.145254135131836,995
2021-02-01,30.658607098680328,31.534568786621094,2166
2021-02-02,32.1185412669745,30.90192985534668,10509
2021-02-03,31.631900535388986,32.069881439208984,13623
2021-02-04,32.361868330746425,32.65385437011719,8982
2021-02-05,34.989747017368934,31.826557159423828,7131
2021-02-08,32.79984440004676,30.90192985534668,21967
2021-02-09,32.26453630674257,31.388574600219727,6261
2021-02-10,32.02121411282569,31.63189697265625,4746
2021-02-11,31.6318965933755,31.583232879638672,7535
2021-02-12,32.069877945893296,30.950593948364258,5875
2021-02-15,31.339910818902542,30.220626831054688,7518
2021-02-16,30.269294006118233,29.247339248657227,18247
2021-02-17,30.171964794497974,29.49066162109375,3364
2021-02-18,30.269294371784007,29.052682876586914,9780
2021-02-19,29.636653996279893,29.879976272583008,14882
2021-02-22,29.879978857061328,29.733983993530273,9006
2021-02-23,31.72922568722985,29.685319900512695,6740
2021-02-24,30.171964489045692,29.685319900512695,4880
2021-02-25,29.831312444119,29.393333435058594,6263
2021-02-26,29.53932748791638,30.463951110839844,21415
2021-03-01,31.145252865836557,30.755937576293945,13840
2021-03-02,31.14525398375496,30.65860939025879,5278
2021-03-03,30.56127871752026,32.1185417175293,14679
2021-03-04,33.28649264704788,35.33039855957031,42624
2021-03-05,36.790332420466974,36.741668701171875,147358
2021-03-08,37.374311992672,36.255027770996094,22401
2021-03-09,36.49834472776058,35.135738372802734,26350
2021-03-10,37.22831280557955,36.20635986328125,46739
2021-03-12,36.98499126716268,34.892417907714844,28452
2021-03-15,35.62238340283296,36.595672607421875,28288
2021-03-16,37.32564455562196,36.255027770996094,23821
2021-03-17,36.20635840857634,36.49834442138672,12308
2021-03-18,38.34759769370599,34.892417907714844,22892
2021-03-19,34.11378501168325,33.675804138183594,11911
2021-03-22,34.065119762637124,33.48114776611328,5242
2021-03-23,34.5517643306748,33.48114776611328,31312
2021-03-24,33.481150974605676,32.945838928222656,12648
2021-03-25,33.43248070124584,31.437238693237305,9571
2021-03-26,32.06988302434574,32.26454162597656,12409
2021-03-30,33.52981469351219,32.945838928222656,11717
2021-03-31,32.31320058397163,31.92388343811035,6478
2021-04-01,32.897174228787215,33.28649139404297,11205
2021-04-05,34.69776239479966,33.87046432495117,16791
2021-04-06,34.50310346129121,35.233070373535156,24558
2021-04-07,35.23306914225338,35.087074279785156,5713
2021-04-08,35.52505884943782,36.01170349121094,164608
2021-04-09,36.741667095883614,36.5470085144043,14486
2021-04-12,36.54700996169125,33.4324836730957,21639
2021-04-13,34.35710979817965,33.967796325683594,11105
2021-04-15,33.967795453026795,32.45919418334961,18019
2021-04-16,32.50786127639003,33.821800231933594,9671
2021-04-19,34.40577223688331,32.41053009033203,7299
2021-04-20,32.264538935884104,32.41053009033203,10910
2021-04-22,37.52029653943663,33.14049530029297,21902
2021-04-23,33.72447316872173,33.87046432495117,17425
2021-04-26,36.011702780747456,34.50310516357422,14827
2021-04-27,35.03841018676758,35.03841018676758,24242
2021-04-28,35.4277307072623,34.50310516357422,37650
2021-04-29,35.281734845496175,36.741668701171875,46108
2021-04-30,36.936325761034915,35.62238311767578,13762
2021-05-03,35.76838018977742,36.83899688720703,120718
2021-05-04,37.66629881515306,36.35235595703125,26406
2021-05-05,36.741669194028155,37.2769775390625,25738
2021-05-06,37.13098571767873,44.72264099121094,583060
2021-05-07,44.771303731044675,52.11963653564453,1337455
2021-05-10,51.584325071653886,48.46979904174805,312183
2021-05-11,49.05377669332464,47.30185317993164,93381
2021-05-12,47.44784791796038,45.4039421081543,70660
2021-05-14,45.74459136778395,43.944007873535156,38029
2021-05-17,43.79801596364668,45.25794982910156,27813
2021-05-18,46.52322621226543,46.81521224975586,35900
2021-05-19,47.49651217968564,45.93925094604492,32456
2021-05-20,46.86387830948319,45.69593048095703,19622
2021-05-21,46.71788203754575,48.810455322265625,112697
2021-05-24,49.78373879538742,49.05377197265625,112245
2021-05-25,49.345765390461025,46.669219970703125,56873
2021-05-26,47.64250631674721,46.32856369018555,63389
2021-05-27,46.32856445691741,47.350521087646484,18379
2021-05-28,47.69117078011856,48.76178741455078,49964
2021-05-31,49.54041856277624,48.37247085571289,49575
2021-06-01,49.443089677015905,48.17781448364258,40887
2021-06-02,48.61579735026357,48.421138763427734,47458
2021-06-03,49.102439886722486,52.84960174560547,309614
2021-06-04,53.53090578867204,58.10536575317383,334837
2021-06-07,60.34393507309866,63.89644241333008,227591
2021-06-08,65.11304712589457,60.733245849609375,304435
2021-06-09,60.733247961721005,57.71604919433594,100237
2021-06-10,55.47748528193359,55.4288215637207,114637
2021-06-11,56.8400916687166,55.4288215637207,69943
2021-06-14,55.42882056455416,54.844844818115234,59163
2021-06-15,56.353448082217646,56.49943923950195,74925
2021-06-16,57.22940454051487,56.304779052734375,36054
2021-06-17,56.93741807878166,54.844844818115234,53203
2021-06-18,56.3047788089793,53.920223236083984,50289
2021-06-21,55.47748471292199,53.482242584228516,43177
2021-06-22,53.53090864500848,53.77423095703125,30414
2021-06-23,54.50419726364541,54.16354751586914,19552
2021-06-24,54.163545536404214,53.920223236083984,15837
2021-06-25,55.039501567487925,55.088165283203125,32959
2021-06-28,56.84009152684258,54.942176818847656,18411
2021-06-29,54.21220977133201,54.45553207397461,10324
2021-06-30,54.50419440801244,53.82289123535156,17154
2021-07-01,53.92022156767105,54.65018844604492,12092
2021-07-02,54.65019396936291,55.818138122558594,30323
2021-07-05,57.13207580379761,55.672142028808594,10848
2021-07-06,54.01754868625462,55.088165283203125,25372
2021-07-07,55.86680444995215,54.2608757019043,79843
2021-07-08,54.21221160888672,54.21221160888672,10883
2021-07-09,53.628237266110816,55.818138122558594,36359
2021-07-12,56.79142370573723,57.71604919433594,50414
2021-07-13,59.27331692065677,57.57006072998047,54992
2021-07-14,59.2733184515714,57.76471710205078,25878
2021-07-15,59.0786549493315,58.10536575317383,44192
2021-07-16,58.592006859148015,59.078651428222656,56826
2021-07-19,59.27331193479102,60.24660110473633,115216
2021-07-20,60.14927100905137,58.9813232421875,31514
2021-07-22,61.75520312300454,61.268558502197266,70227
2021-07-23,61.65786781651681,60.295265197753906,22558
2021-07-26,60.34392843135801,58.835330963134766,24772
2021-07-27,58.932658137623754,61.60920333862305,55565
2021-07-28,63.16647675334141,64.52908325195312,75410
2021-07-29,66.18366737329916,67.74092864990234,114299
2021-07-30,69.88216629254379,71.0987777709961,106272
2021-08-02,73.3373400743993,67.54627227783203,62472
2021-08-03,67.546265687061,69.54150390625,165697
2021-08-04,71.09878195639361,66.91363525390625,146611
2021-08-05,68.90887372424844,66.03766632080078,48607
2021-08-06,67.40027301154267,65.16170501708984,53193
2021-08-09,65.16170479342915,63.2637939453125,30078
2021-08-10,62.631158081821766,61.365882873535156,38919
2021-08-11,61.41454503130908,58.835330963134766,32358
2021-08-12,60.05194188566663,59.71128845214844,39295
2021-08-13,61.65786446487983,62.6798210144043,65742
2021-08-16,63.26379544127221,62.047183990478516,31691
2021-08-17,63.06914134874956,60.733245849609375,21166
2021-08-18,61.80386195807341,59.273311614990234,83153
2021-08-20,60.830574759854585,58.10536575317383,25263
2021-08-23,56.98608510715078,55.23416519165039,18299
2021-08-24,56.93742226764236,55.818138122558594,33860
2021-08-25,57.8620469213029,55.23416519165039,12566
2021-08-26,56.791424757209306,55.96413040161133,9368
2021-08-27,57.326734223868826,55.18549728393555,31457
2021-08-30,55.67214571233642,56.596771240234375,10017
2021-08-31,56.69409845017431,57.521392822265625,23887
2021-09-01,59.46797001031226,56.888755798339844,26940
2021-09-02,57.91070647179593,58.49467849731445,66058
2021-09-03,58.44601202210586,61.41454315185547,71697
2021-09-06,64.48040008544922,64.48040008544922,106428
2021-09-07,66.13500089161775,66.91363525390625,228134
2021-09-08,67.20561885217538,67.10828399658203,74459
2021-09-09,67.05963010037506,65.0157241821289,44633
2021-09-13,66.67031857230815,63.79911804199219,36836
2021-09-14,64.72372609721403,63.06913757324219,44008
2021-09-15,64.18842774547481,63.31247329711914,31175
2021-09-16,63.26379512246368,62.48516082763672,24591
2021-09-17,62.339171702052305,61.80385971069336,18239
2021-09-20,61.80386063433407,60.05194091796875,25115
2021-09-21,59.857285480363146,59.029991149902344,17353
2021-09-22,60.83057061927524,59.95460891723633,17883
2021-09-23,61.70653250499943,60.441253662109375,25620
2021-09-24,59.07865194289933,60.5385856628418,21766
2021-09-27,60.53858625156261,60.149269104003906,18561
2021-09-28,59.85728337904986,62.047183990478516,34576
2021-09-29,62.0471873915339,60.58725357055664,12267
2021-09-30,60.5872493429841,61.46321105957031,11866
2021-10-01,62.67982551171264,61.365882873535156,25331
2021-10-04,60.24659999747398,61.51187515258789,30967
2021-10-05,60.8305698339283,61.7065315246582,16342
2021-10-06,61.31721301383196,64.77239227294922,39643
2021-10-07,68.1302437758417,71.24476623535156,130014
2021-10-08,72.51005332762051,68.4222412109375,82661
2021-10-11,68.13024570202566,75.23526000976562,118179
2021-10-12,80.05303838393267,82.72958374023438,190587
2021-10-13,85.60077194116242,86.86605072021484,71290
2021-10-14,89.34795178780378,82.53492736816406,149614
2021-10-18,82.53492852343759,78.93375396728516,78641
2021-10-19,77.37648662496126,76.30587005615234,42957
2021-10-20,78.83642688770512,74.26197052001953,29391
2021-10-21,76.79251846453974,73.96997833251953,19754
2021-10-22,73.96997157567934,74.99192810058594,24389
2021-10-25,74.99193103534034,72.55870819091797,11976
2021-10-26,71.63408925659307,72.89936828613281,12778
2021-10-27,74.35928908249262,75.96521759033203,17912
2021-10-28,75.77056374825085,77.96046447753906,25512
2021-10-29,79.3230640300031,75.2839126586914,30768
2021-11-01,77.66847568002899,79.03107452392578,11679
2021-11-02,82.972900390625,82.972900390625,13425
2021-11-03,84.62748766314083,84.67615509033203,74106
2021-11-04,86.91472823792772,87.15805053710938,14647
2021-11-08,86.67140312159701,91.48918151855469,68263
2021-11-09,93.24111157154694,96.06364440917969,45799
2021-11-10,100.83275604248047,100.83275604248047,31280
2021-11-11,105.84520305414215,95.91765594482422,119668
2021-11-12,93.97107592307859,91.975830078125,33828
2021-11-15,93.43576425946608,95.77165985107422,23934
2021-11-16,94.26306645412281,93.92241668701172,31254
2021-11-17,95.38234536092631,94.21440124511719,22531
2021-11-18,95.09034992206405,94.45771789550781,53676
2021-11-22,96.35563591414201,90.61322784423828,49718
2021-11-23,89.54260971966912,95.13902282714844,47699
2021-11-24,99.85946655273438,99.85946655273438,23429
2021-11-25,102.1953661936634,103.16865539550781,55383
2021-11-26,103.07132386303783,98.01021575927734,31427
2021-11-29,94.40905490373967,93.1437759399414,26025
2021-11-30,93.09511911712893,93.53309631347656,20406
2021-12-01,95.38234739087008,93.53309631347656,11534
2021-12-02,92.46247468171296,91.975830078125,27640
2021-12-03,93.14377138314471,91.63517761230469,11933
2021-12-06,94.40905121310679,89.88325500488281,13907
2021-12-07,92.2678173736575,92.60846710205078,8791
2021-12-08,94.45773025717207,94.11707305908203,19639
2021-12-09,94.11706468061033,94.01973724365234,15711
2021-12-10,94.01973330911447,94.45771789550781,13221
2021-12-13,97.32891859997072,103.89862060546875,35036
2021-12-14,108.18109508212943,114.26415252685547,124768
2021-12-15,121.51515531399842,125.65164184570312,130477
2021-12-16,131.8806808119517,119.37391662597656,73439
2021-12-17,115.14011522936714,113.43685913085938,14715
2021-12-20,107.7917709350586,107.7917709350586,9676
2021-12-21,105.16390345497398,102.48735809326172,48698
2021-12-22,102.48734671258653,107.59711456298828,20928
2021-12-23,112.512225991664,112.95021057128906,19902
2021-12-24,117.57333738262258,116.16206359863281,65747
2021-12-27,114.84811666502947,110.51698303222656,31833
2021-12-28,114.84812487814628,110.5656509399414,18151
2021-12-29,113.38818274491943,112.36622619628906,17055
2021-12-30,114.7507947654933,109.30037689208984,23103
2021-12-31,111.44161149082835,111.34428405761719,22568
2022-01-03,114.65347031373763,111.5389404296875,18795
2022-01-04,111.63626666181206,112.31757354736328,35900
2022-01-05,113.6801851371197,112.02558898925781,11378
2022-01-06,107.30512776094325,111.68492889404297,17111
2022-01-07,113.87482839497758,115.28609466552734,28249
2022-01-10,120.39587574180344,119.66590881347656,54631
2022-01-11,120.6878541819109,121.0771713256836,50197
2022-01-12,124.58101624286898,118.9359359741211,48546
2022-01-13,122.4397841353144,116.25939178466797,56932
2022-01-14,116.25939282692141,118.254638671875,35876
2022-01-17,118.78994761360771,116.01606750488281,29893
2022-01-18,120.39587185596478,115.43209838867188,31266
2022-01-19,115.82141356727479,115.18877410888672,39435
2022-01-20,113.87483828362141,113.68018341064453,19330
2022-01-21,114.65346841162895,109.44636535644531,46369
2022-01-24,110.95497062344933,104.2879409790039,22118
2022-01-25,100.24878249156713,108.0837631225586,14386
2022-01-27,107.11046600341797,107.11046600341797,11406
2022-01-28,110.95496425953547,109.15438079833984,5508
2022-01-31,112.90154286489076,109.20304107666016,11547
2022-02-01,113.38820161627626,111.83094024658203,27087
2022-02-02,115.82141854458753,116.74604034423828,28426
2022-02-03,118.69261679818801,116.50271606445312,38631
2022-02-04,118.74127210279518,114.11814880371094,20717
2022-02-07,117.67066876848942,113.826171875,14188
2022-02-08,116.30805704792562,109.44636535644531,28190
2022-02-09,109.98167570354545,110.17633056640625,16107
2022-02-10,109.4950347668878,109.68968963623047,17941
2022-02-11,111.73360136973425,105.74787139892578,45682
2022-02-14,106.0885262604497,100.73543548583984,18877
2022-02-15,105.0665582291272,102.19535827636719,10597
2022-02-16,103.16865520771286,104.09327697753906,20173
2022-02-17,108.95971862694502,101.7087173461914,6933
2022-02-18,101.22207335055131,99.90813446044922,13296
2022-02-21,101.22208522600005,95.6743392944336,13817
2022-02-22,91.48918816077284,93.2411117553711,14057
2022-02-23,96.16097877394715,97.8642349243164,14302
2022-02-24,94.06839640987741,92.9977798461914,13583
2022-02-25,91.53785108443171,94.55504608154297,10713
2022-02-28,91.5378425815494,93.48442077636719,5605
2022-03-02,91.00253573961581,96.9395980834961,9730
2022-03-03,100.2487844570738,97.13426208496094,6456
2022-03-04,94.40905441341886,94.94436645507812,2699
2022-03-07,91.58651634108185,90.51589965820312,16058
2022-03-08,91.48918392006152,94.60370635986328,7465
2022-03-09,96.50162085605639,98.78884887695312,12557
2022-03-10,97.37759060655488,100.73543548583984,19665
2022-03-11,105.01790802842876,99.61614990234375,6317
2022-03-14,98.2048767316711,99.71347045898438,8150
2022-03-15,99.08084773938822,104.62859344482422,27959
2022-03-16,108.32708438707236,109.83567810058594,13851
2022-03-17,115.28609466552734,115.28609466552734,54612
2022-03-21,119.47124463589789,117.57333374023438,57291
2022-03-22,115.43210207722437,114.9454574584961,26745
2022-03-23,117.57334208984709,114.84812927246094,11776
2022-03-24,116.74603980916399,115.72409057617188,16048
2022-03-25,117.76798963358873,114.89678955078125,6720
2022-03-28,117.57333820960494,112.5122299194336,11644
2022-03-29,111.92824215761087,106.91580200195312,37219
2022-03-30,107.06180720476674,110.03034210205078,7086
2022-03-31,112.90154385515808,109.30037689208984,24679
2022-04-01,109.30038037321462,109.73835754394531,8671
2022-04-04,111.7336030155969,112.5122299194336,28551
2022-04-05,114.99411430383472,112.7068862915039,10212
2022-04-06,113.87483552214388,112.41490173339844,8532
2022-04-07,111.92825515978765,112.17157745361328,31995
2022-04-08,113.87483444914338,111.34428405761719,11733
2022-04-11,113.7775060460801,122.43978118896484,88446
2022-04-12,123.6077256649251,128.13351440429688,154312
2022-04-13,137.23377783533414,135.09254455566406,121801
2022-04-18,137.62306874811668,148.57257080078125,141441
2022-04-19,155.2396359787774,141.61358642578125,169303
2022-04-20,139.1803648012672,138.01242065429688,63295
2022-04-21,142.58686422825383,144.8740997314453,35085
2022-04-22,148.91324489061586,147.84262084960938,55247
2022-04-25,147.93994918881594,140.49429321289062,31122
2022-04-26,140.494301137731,141.46759033203125,34013
2022-04-27,137.76907923896175,136.60113525390625,10980
2022-04-28,139.0830303426649,131.44271850585938,37880
2022-04-29,129.3987907805791,125.01898956298828,68924
2022-05-02,128.4741818132442,131.24806213378906,15251
2022-05-04,135.23853369543986,125.89496612548828,18723
2022-05-05,130.4207442070524,124.62967681884766,12999
2022-05-06,120.68785431324622,124.82433319091797,20720
2022-05-09,128.96081461752786,125.11632537841797,18995
2022-05-10,125.50563312423206,122.09912109375,12768
2022-05-11,126.13828390672975,116.01606750488281,11297
2022-05-12,111.92825452118257,110.2249984741211,10739
2022-05-13,110.46832539974038,108.91106414794922,30921
2022-05-16,109.00838724986792,103.70396423339844,31371
2022-05-17,104.09328234488991,108.5217514038086,22404
2022-05-18,112.7068862915039,112.7068862915039,18341
2022-05-19,113.38818839527623,108.37574768066406,8544
2022-05-20,111.9282594999645,109.88435363769531,8255
2022-05-23,107.5971199790826,104.53125762939453,9163
2022-05-24,105.06657451254964,99.42150115966797,16262
2022-05-25,99.42149697755306,100.78410339355469,13170
2022-05-26,102.14670190163034,100.73543548583984,12709
2022-05-27,100.83276055923702,103.26598358154297,17993
2022-05-30,106.18584590218029,103.55796813964844,7476
2022-05-31,103.94728833607996,104.87191009521484,6301
2022-06-01,107.0618144684906,102.48735809326172,9677
2022-06-02,101.22207625432036,103.07132720947266,6798
2022-06-03,107.06181095246701,103.9472885131836,4980
2022-06-06,106.03985586385438,104.1419448852539,4802
2022-06-07,106.0885278328708,100.93009185791016,11921
2022-06-08,102.97400744508852,102.1467056274414,18868
2022-06-09,102.195367132772,102.34136199951172,3604
2022-06-10,102.34136593497432,102.82801055908203,13455
2022-06-13,103.16865730996034,100.58943939208984,7419
2022-06-14,98.35086938026745,97.57223510742188,14251
2022-06-15,99.5674827510437,99.66481018066406,18038
2022-06-16,102.19537301792369,93.63042449951172,16020
2022-06-17,90.80788084659976,91.34318542480469,9102
2022-06-20,90.12658354039563,84.04352569580078,11096
2022-06-21,84.62748940946531,87.69335174560547,11077
2022-06-22,91.9758163365217,85.69810485839844,6179
2022-06-23,85.26013314945604,87.30403900146484,9599
2022-06-24,90.27257077119357,87.83934783935547,4748
2022-06-27,93.43576078576456,90.6618881225586,6409
2022-06-28,90.46723443931383,89.83460235595703,3389
2022-06-29,90.95386467490111,89.98057556152344,4505
2022-06-30,91.00253814654891,87.88801574707031,3071
2022-07-01,85.64945836235165,90.22391510009766,8711
2022-07-04,91.4891787651428,91.14852905273438,11111
2022-07-05,93.28976583069176,96.25830078125,19079
2022-07-06,98.30221031464662,95.77165985107422,20214
2022-07-07,97.96156018737841,98.5455322265625,17177
2022-07-08,100.24878413554006,98.98350524902344,6104
2022-07-11,98.78885480885401,99.5188217163086,7690
2022-07-12,97.47491075277085,98.88617706298828,4422
2022-07-13,97.37759035472281,99.76214599609375,4013
2022-07-14,100.7354344123572,96.84227752685547,5870
2022-07-15,97.32891246113428,96.59894561767578,7218
2022-07-18,98.78885269224862,96.45295715332031,7161
2022-07-19,99.76214141845703,97.32891845703125,8151
2022-07-20,99.7621462540926,100.73543548583984,30096
2022-07-21,98.88617267973734,110.41964721679688,69916
2022-07-22,112.22024339546562,114.79945373535156,111888
2022-07-25,116.60003617281399,107.30512237548828,46865
2022-07-26,107.20780612195308,104.92057800292969,9511
2022-07-27,104.87191084679206,104.96923828125,7839
2022-07-28,107.01314334045858,109.543701171875,21663
2022-07-29,108.52173625138975,107.59711456298828,7018
2022-08-01,110.90630113364033,109.68968963623047,8622
2022-08-02,109.88434481792864,107.88909912109375,8737
2022-08-03,109.00838621437728,109.20304107666016,9158
2022-08-04,109.20303468242643,107.4997787475586,5787
2022-08-05,107.84044977862159,114.84812927246094,105733
2022-08-08,117.76799147292746,119.81189727783203,40696
2022-08-10,120.68785793660751,114.9941177368164,28743
2022-08-11,114.84812520261967,112.46356964111328,21031
2022-08-12,112.46357263671705,112.8528823852539,13490
2022-08-16,112.90153590364945,113.92349243164062,25816
2022-08-17,117.96265410389657,114.16683197021484,9004
2022-08-18,117.57333710509963,116.1134033203125,25915
2022-08-19,119.81189474561765,115.77274322509766,23920
2022-08-22,113.9235002231479,115.8214111328125,16857
2022-08-23,115.82142395743068,115.52943420410156,7396
2022-08-24,117.71931749447985,115.28609466552734,10154
2022-08-25,115.23744467128196,113.68018341064453,11987
2022-08-26,110.95496305234873,114.60479736328125,9612
2022-08-29,109.20304382053857,114.21548461914062,5623
2022-08-30,114.21548930406908,115.72409057617188,46149
2022-09-01,115.33476980093586,112.46356964111328,20212
2022-09-02,112.46356732451288,114.06948852539062,12740
2022-09-05,115.23744171801164,114.26415252685547,7160
2022-09-06,114.21548829673611,114.65347290039062,10195
2022-09-07,115.3347691520058,114.26415252685547,9027
2022-09-08,113.43686693551743,137.08779907226562,233236
2022-09-09,146.9666647957069,151.34646606445312,583748
2022-09-12,151.34648046120412,143.65750122070312,74727
2022-09-13,142.19755230774305,138.10972595214844,39760
2022-09-14,132.90263116793207,140.0076446533203,39986
2022-09-15,145.8960408435727,142.92752075195312,19174
2022-09-16,146.86934404910272,138.01242065429688,18134
2022-09-19,140.83493715813933,139.7643280029297,11888
2022-09-20,147.2236570099682,143.49398803710938,187114
2022-09-21,144.27919866533105,142.6597442626953,14437
2022-09-22,145.26067876592325,142.75787353515625,13508
2022-09-23,142.90509355536952,137.2615203857422,12831
2022-09-26,137.26153068842783,128.3299560546875,37171
2022-09-27,129.60590038460816,126.75956726074219,15849
2022-09-28,127.59384397153161,123.71695709228516,33724
2022-09-29,125.63085859554515,118.41690063476562,46680
2022-09-30,115.4724250730783,117.3863296508789,39195
2022-10-03,119.69284177573644,140.84397888183594,107917
2022-10-04,157.03857928286888,163.8599395751953,793751
2022-10-06,161.7988071240561,155.95892333984375,129426
2022-10-07,154.0940979086804,148.79405212402344,43163
2022-10-10,147.22366424343457,141.1875,37375
2022-10-11,143.88659493744854,144.1810302734375,21593
2022-10-12,142.4634404545308,137.5559844970703,23185
2022-10-13,140.05877781918787,135.0041046142578,13867
2022-10-14,139.07728143713672,142.9051055908203,76192
2022-10-17,143.346767936703,141.97267150878906,30833
2022-10-18,143.39586008189323,147.02737426757812,42747
2022-10-19,147.0273554147565,142.7087860107422,26795
2022-10-20,138.880986761285,140.79489135742188,43470
2022-10-21,141.3347019871885,137.2615203857422,25405
2022-10-24,142.31620549845576,139.8134002685547,10804
2022-10-25,140.3532287012183,137.8013458251953,10213
2022-10-27,135.93651058249569,137.45782470703125,12033
2022-10-28,140.20600955957377,135.1513214111328,13795
2022-10-31,137.31059822450587,136.28004455566406,23715
2022-11-01,135.44577868657692,136.7707977294922,18618
2022-11-02,138.04671094287139,137.3105926513672,19146
2022-11-03,137.40875916368162,138.04672241210938,15752
2022-11-04,138.8809882547195,148.3523712158203,70657
2022-11-07,148.69589362343277,144.47547912597656,29771
2022-11-09,147.02736179589456,143.49398803710938,10604
2022-11-10,146.1931040669017,164.7923583984375,368128
2022-11-11,165.87198067475103,160.52285766601562,182522
2022-11-14,159.4922957312401,158.2163543701172,32780
2022-11-15,162.82937042365143,160.08120727539062,29065
2022-11-16,161.8478730888929,161.2589874267578,45892
2022-11-17,161.40620965898552,153.5052032470703,95628
2022-11-18,154.73206718957445,150.56072998046875,10838
2022-11-21,151.14962136970087,147.41995239257812,20891
2022-11-22,151.6894593895239,175.73599243164062,371010
2022-11-23,176.47209837014225,172.20260620117188,155077
2022-11-24,170.77945666972164,201.54920959472656,699652
2022-11-25,201.20566412769546,220.78640747070312,762930
2022-11-28,218.3817641827772,207.6835174560547,146493
2022-11-29,210.03908765962714,207.14369201660156,77814
2022-11-30,208.2723865803044,203.90475463867188,41748
2022-12-01,211.41315935364267,200.0769500732422,66990
2022-12-02,201.9908714908387,196.83804321289062,42344
2022-12-05,201.20566178762084,201.45103454589844,42208
2022-12-06,204.15015680388294,197.32879638671875,11261
2022-12-07,195.31673445055247,191.8815155029297,11322
2022-12-08,191.88150414000165,196.05284118652344,17194
2022-12-09,196.05285275680114,192.86300659179688,5974
2022-12-12,195.12042362370482,189.91851806640625,6319
2022-12-13,192.37225867657216,193.30467224121094,8466
2022-12-14,192.27409743473183,190.55648803710938,11982
2022-12-15,191.68520790206944,189.32962036132812,6917
2022-12-16,188.9370413551611,189.08425903320312,10729
2022-12-19,186.5323785574334,195.5130157470703,9817
2022-12-20,196.29821106523244,197.62322998046875,7866
2022-12-21,201.15658854623132,190.75279235839844,8980
2022-12-22,192.17596472213543,181.3795623779297,10762
2022-12-23,180.59435727219437,172.34983825683594,10272
2022-12-26,166.9025522148404,168.91461181640625,5611
2022-12-27,171.27019642630202,177.35543823242188,4169
2022-12-28,178.63137958357905,186.18885803222656,2545
2022-12-29,193.35373361237248,187.5629425048828,9804
2022-12-30,187.5629522109169,190.55648803710938,6897
2023-01-02,190.55648891301826,191.39076232910156,5304
2023-01-03,194.0898503553174,191.78334045410156,4745
2023-01-04,195.21858242583664,190.31112670898438,2670
2023-01-05,186.4833153744299,186.82684326171875,3104
2023-01-06,186.82682630880456,188.10275268554688,2130
2023-01-09,189.37869723692873,186.53237915039062,2776
2023-01-10,186.5323820692666,184.9619903564453,1645
2023-01-11,186.48329999900102,182.90086364746094,666
2023-01-12,184.52033338073338,180.93789672851562,1535
2023-01-13,181.57583464871047,180.8887939453125,5216
2023-01-16,182.55733953578854,179.22027587890625,3001
2023-01-17,179.22028025482047,183.244384765625,3187
2023-01-18,183.2443870997233,183.78421020507812,2094
2023-01-19,183.73512261414137,181.7721405029297,2015
2023-01-20,180.98695079656318,178.63137817382812,2038
2023-01-23,181.52676125998062,177.06097412109375,1965
2023-01-24,179.41657404019497,178.63137817382812,1519
2023-01-25,178.63137579519804,176.12857055664062,2098
2023-01-27,174.65632830588203,167.34422302246094,4262
2023-01-30,170.73037439245374,161.50436401367188,3385
2023-01-31,168.76739898211073,166.06829833984375,10976
2023-02-01,168.7183084116431,170.53407287597656,3730
2023-02-02,164.89050379605598,166.70626831054688,3430
2023-02-03,162.92751417092245,167.19700622558594,6750
2023-02-06,167.19702055730718,168.3257293701172,3876
2023-02-07,168.32572319990683,169.50350952148438,8517
2023-02-08,162.92751332392092,167.34422302246094,1509
2023-02-09,166.8534821960349,168.4238739013672,1873
2023-02-10,167.8349715029381,167.73681640625,4527
2023-02-13,171.7609302255046,175.78504943847656,7788
2023-02-14,177.6989646346774,174.70541381835938,3482
2023-02-15,174.70539702413168,174.0183563232422,2437
2023-02-16,173.72391643434162,169.99424743652344,1625
2023-02-17,169.01275775355185,166.7553253173828,3583
2023-02-20,173.72393042409522,172.25169372558594,4919
2023-02-21,172.25167574043462,175.78504943847656,2899
2023-02-22,172.7424367801669,177.60081481933594,2851
2023-02-23,171.76094583735954,171.7118682861328,5827
2023-02-24,175.68690490722656,164.8905029296875,7237
2023-02-27,167.78588970724493,159.63951110839844,1920
2023-02-28,152.42556909634732,158.0200653076172,3025
2023-03-01,163.90902092872548,164.10531616210938,1420
2023-03-02,163.9090118408203,161.94602966308594,5571
2023-03-03,161.11174672477767,168.7673797607422,7468
2023-03-06,169.30720789286264,160.8663787841797,21115
2023-03-08,164.89051425579896,166.60812377929688,8139
2023-03-09,170.7794485565085,165.0377197265625,3665
2023-03-10,163.9090154759384,172.00631713867188,21218
2023-03-13,172.0063095629299,174.4600372314453,7212
2023-03-14,174.46003318454908,169.3072052001953,2821
2023-03-15,165.97014823186015,164.0562286376953,3652
2023-03-16,165.1849714784353,159.54139709472656,4684
2023-03-17,156.0570697363958,160.67007446289062,9121
2023-03-20,162.8784384529621,160.8663787841797,9175
2023-03-21,163.66362898505787,161.89694213867188,1603
2023-03-22,161.89695495816497,167.24607849121094,7458
2023-03-23,169.7488680193541,163.32009887695312,7157
2023-03-24,164.5960549551569,164.44883728027344,5036
2023-03-27,170.2887070972588,157.43116760253906,5774
2023-03-28,153.45614555693675,149.67739868164062,5819
2023-03-29,148.40145439811639,146.34033203125,12429
2023-03-31,152.0820319978831,149.97183227539062,9249
2023-04-03,155.0265173851996,157.43116760253906,6171
2023-04-05,161.94603254254022,165.28309631347656,8453
2023-04-06,166.8534765845711,166.50994873046875,5450
2023-04-10,169.84702484667133,162.04417419433594,6357
2023-04-11,157.3330208735409,163.66363525390625,4171
2023-04-12,172.69335783537701,175.93228149414062,14215
2023-04-13,181.57584898148338,173.18409729003906,5359
2023-04-17,183.34253272448714,170.82852172851562,3083
2023-04-18,167.98220507740623,171.5155792236328,2710
2023-04-19,171.31927728693836,169.8961181640625,729
2023-04-20,166.95164390945126,172.00631713867188,2409
2023-04-21,174.0674567455518,174.50912475585938,7201
2023-04-24,174.50912602877065,179.12213134765625,17892
2023-04-25,191.19446559451464,185.7962646484375,27030
2023-04-26,188.34812288696568,179.7110137939453,17852
2023-04-27,183.34253535598677,177.25729370117188,5169
2023-04-28,177.3063600931162,176.52117919921875,7865
2023-05-02,178.63136896370844,176.4720916748047,8558
2023-05-03,176.66838183845442,190.4092559814453,43852
2023-05-04,197.23062891356224,192.8139190673828,43937
2023-05-05,186.48330454500405,186.9249725341797,11610
2023-05-08,187.75924171577597,192.7157745361328,33388
2023-05-09,201.7454812933765,193.20651245117188,69483
2023-05-10,195.807464363039,189.91851806640625,19014
2023-05-11,188.44629295318725,184.7657012939453,20318
2023-05-12,190.31110627045783,192.3231658935547,14196
2023-05-15,187.4647933292274,189.32962036132812,3499
2023-05-16,191.3907662185968,187.71017456054688,5010
2023-05-17,187.7101692534352,184.8147735595703,19898
2023-05-18,200.22419183681907,187.66110229492188,13378
2023-05-19,188.05369714580078,187.75924682617188,6578
2023-05-22,185.01105836650987,191.78334045410156,8197
2023-05-23,192.12689094302357,197.1815643310547,22566
2023-05-24,197.1815643310547,197.1815643310547,0
2023-05-25,194.38430349865777,183.342529296875,15908
2023-05-26,184.0786514977319,186.53237915039062,3097
2023-05-29,188.44628049696993,187.1212615966797,7903
2023-05-30,187.12128071190452,186.38516235351562,8441
2023-05-31,189.32961966023265,185.55088806152344,11030
2023-06-01,189.4277739657268,188.642578125,5695
2023-06-02,193.8444781710691,186.72866821289062,10164
2023-06-05,188.44628993909367,188.299072265625,13367
2023-06-06,188.8879624108544,186.43423461914062,4739
2023-06-07,190.1638998588096,200.91122436523438,143248
2023-06-08,205.1316360323321,195.61117553710938,20933
2023-06-09,196.3963767624039,192.6176300048828,7009
2023-06-12,197.42693347842433,192.0287322998047,6584
2023-06-13,190.80186839557297,192.0287322998047,7897
2023-06-14,191.8815101945007,193.89356994628906,16553
2023-06-15,197.2797118246742,195.70932006835938,31749
2023-06-16,193.69727611925845,197.52508544921875,16096
2023-06-19,197.5250963165135,193.5009765625,7809
2023-06-20,193.50096070386306,192.6667022705078,8103
2023-06-21,195.31673753072022,190.31112670898438,12544
2023-06-22,193.15744631232354,190.9981689453125,19264
2023-06-23,192.27409979698638,191.0963134765625,7221
2023-06-26,192.37225489717403,191.0963134765625,5715
2023-06-27,188.44629446045465,184.47125244140625,7438
2023-06-28,181.5758590492598,182.0666046142578,5042
2023-06-30,186.4833020647808,181.47769165039062,5036
2023-07-03,177.993424164565,175.88320922851562,5917
2023-07-04,177.64988403845075,171.36834716796875,11137
2023-07-05,172.69334428343137,175.6378173828125,1743
2023-07-06,169.79795837402344,172.742431640625,5476
2023-07-07,173.23319159651723,172.88966369628906,606
2023-07-10,176.4721084585523,175.1961669921875,2383
2023-07-11,174.6072610956248,172.30076599121094,792
2023-07-12,169.84704517488822,167.04978942871094,5340
2023-07-13,167.04978803628973,165.38125610351562,6111
2023-07-14,164.74328439788337,167.98219299316406,6618
2023-07-17,167.9821947414139,168.66925048828125,2044
2023-07-18,170.77944797899866,169.1109161376953,4345
2023-07-19,169.69979076973692,175.24522399902344,8901
2023-07-20,169.84703216764674,172.49705505371094,2861
2023-07-21,172.4970691928007,176.57025146484375,8041
2023-07-24,176.57023546616665,171.8100128173828,3329
2023-07-25,172.69335943575413,170.73037719726562,2022
2023-07-26,170.73036123138846,168.91461181640625,3349
2023-07-27,164.89050673871657,165.13587951660156,986
2023-07-28,171.4665002996287,169.8470458984375,1450
2023-07-31,169.8470359237399,168.81646728515625,3140
2023-08-01,174.50910291370445,169.79794311523438,5121
2023-08-02,169.30719976845648,167.39329528808594,3173
2023-08-03,164.44882972856328,166.90255737304688,1511
2023-08-04,162.04418476251885,168.81646728515625,2120
2023-08-07,173.03689695340609,166.01922607421875,2986
2023-08-08,169.35627223904828,164.3506622314453,2253
2023-08-09,167.78590159484656,167.24607849121094,1419
2023-08-10,167.83497918045077,165.28309631347656,2543
2023-08-11,167.04976943528482,162.04417419433594,7132
2023-08-14,162.38770807177505,164.7923583984375,3844
2023-08-16,164.79234783025458,164.8905029296875,3163
2023-08-17,164.89050053375607,161.4062042236328,3269
2023-08-18,158.26543346506725,160.8663787841797,3037
2023-08-21,162.87843375327589,156.84226989746094,3146
2023-08-22,158.85434267511667,153.3579864501953,18501
2023-08-23,156.8422837074932,156.15524291992188,11974
2023-08-24,156.15524414038975,162.73123168945312,5572
2023-08-25,162.92751169680386,163.71270751953125,4974
2023-08-28,165.8719963701193,165.43032836914062,1683
2023-08-29,165.77382290295674,167.0006866455078,10140
2023-08-30,169.3562903793063,171.7609405517578,7019
2023-08-31,176.17763879654254,172.98779296875,7285
2023-09-01,172.74243795121896,168.62017822265625,2521
2023-09-04,168.62015577149367,167.0006866455078,2865
2023-09-05,167.34424214651025,166.60812377929688,1715
2023-09-06,167.24607022613367,165.9210662841797,3187
2023-09-07,165.92107156827115,166.85348510742188,2773
2023-09-08,169.79797381127787,167.83499145507812,2049
2023-09-11,169.7979631167168,167.93313598632812,5664
2023-09-12,170.58313716840996,167.14791870117188,5586
2023-09-13,165.87198932517123,165.77383422851562,2166
2023-09-14,165.77383514575519,167.589599609375,827
2023-09-15,167.83496569565446,168.91461181640625,4007
2023-09-18,169.50352346257455,167.83499145507812,5084
2023-09-20,168.8164572491924,167.785888671875,2868
2023-09-21,168.330502015509,166.89474487304688,3156
2023-09-22,172.14270358696615,163.67666625976562,7143
2023-09-25,163.67666778985014,163.4291229248047,2194
2023-09-26,163.4291191821508,165.01339721679688,6792
2023-09-27,164.36978759765626,168.33050537109375,2713
2023-09-28,168.33051191341693,171.2020263671875,10536
2023-09-29,172.29121753989014,170.70692443847656,3397
2023-10-03,178.13327907049015,182.1435089111328,27408
2023-10-04,185.11403779116486,176.20242309570312,9107
2023-10-05,179.81658894257302,180.36117553710938,8491
2023-10-06,185.01503086345733,190.8075714111328,122671
2023-10-09,189.76787341996317,181.8959503173828,17890
2023-10-10,185.9557097805931,187.44097900390625,6713
2023-10-11,187.14390785005912,190.758056640625,13268
2023-10-12,190.1144447421725,185.51011657714844,9444
2023-10-13,185.75766609082686,189.7183837890625,7343
2023-10-16,194.07516775857118,188.62918090820312,12445
2023-10-17,192.09480261424233,187.14390563964844,4830
2023-10-18,191.45120883073136,189.9164276123047,5926
2023-10-19,188.23310670679547,183.52975463867188,10292
2023-10-20,183.48024161631838,182.68809509277344,2460
2023-10-23,182.1930222770659,177.4896697998047,8125
2023-10-25,179.9650990969146,171.10299682617188,9704
2023-10-26,175.0142178747876,173.57846069335938,6389
2023-10-27,179.22247203557322,175.90536499023438,2888
2023-10-30,178.2818166881471,176.945068359375,1175
2023-10-31,180.21266864876105,175.6578369140625,2397
2023-11-01,188.13409483112827,174.6676483154297,10494
2023-11-02,178.13328614236704,179.51954650878906,3255
2023-11-03,183.1831929312474,180.36117553710938,7667
2023-11-06,182.19300356444285,174.96469116210938,20294
2023-11-07,180.01461625883982,172.2912139892578,10790
2023-11-08,176.25193242758377,178.62835693359375,4660
2023-11-09,179.71757651941675,175.06373596191406,2937
2023-11-10,178.23229544656945,175.9548797607422,3200
2023-11-13,179.32149643174492,175.36077880859375,3283
2023-11-15,180.21266585501394,178.0837860107422,5529
2023-11-16,177.78673252655926,177.04409790039062,2798
2023-11-17,176.99458198071832,174.22207641601562,7112
2023-11-20,175.21225153718655,176.8955535888672,2876
2023-11-21,179.22248179012234,176.35096740722656,3151
2023-11-22,179.17295607217937,175.55880737304688,4952
2023-11-23,178.9749284671901,176.20242309570312,6076
2023-11-24,174.46961462190922,173.8260040283203,8602
2023-11-28,177.09359706233812,182.58908081054688,27906
2023-11-29,184.17336935336192,183.3317108154297,29213
2023-11-30,186.15373380303222,183.4307403564453,9618
2023-12-01,185.16354314874064,203.28382873535156,121608
2023-12-04,207.83865466230188,200.70936584472656,55315
2023-12-05,198.1349121052178,196.64964294433594,33414
2023-12-06,196.64963127685309,192.0452880859375,14723
2023-12-07,198.03588992067486,198.33294677734375,14589
2023-12-08,201.99660590050914,204.07598876953125,87582
2023-12-11,207.93768412537474,198.87754821777344,30595
2023-12-12,202.98679225620725,194.5702667236328,24216
2023-12-13,198.03589575617087,197.8873748779297,14635
2023-12-14,199.1250814913473,218.73062133789062,504277
2023-12-15,218.82966075709933,208.82884216308594,95095
2023-12-18,210.85870062771252,205.85829162597656,25673
2023-12-19,207.9376798716694,213.9282684326172,53993
2023-12-20,215.85911806300322,201.6005401611328,32566
2023-12-21,199.3231303546149,205.56126403808594,10920
2023-12-22,207.9376841006017,203.8284454345703,6178
2023-12-26,206.3038948829636,204.6700897216797,11913
2023-12-27,207.88816909664266,214.22532653808594,175347
2023-12-28,215.26500778266012,210.462646484375,41594
2023-12-29,211.20527519799123,208.43276977539062,14919
2024-01-01,214.8689357882258,208.9773712158203,13023
2024-01-02,209.0763698386099,207.14552307128906,7382
2024-01-03,204.57107511975244,210.06655883789062,10733
2024-01-04,212.5915299595842,208.87835693359375,14884
2024-01-05,211.00723865842082,207.54161071777344,9797
2024-01-08,210.6606821978524,208.03671264648438,11128
2024-01-09,212.7895483140587,209.72000122070312,15491
2024-01-10,211.84888608879461,210.36361694335938,22119
2024-01-11,209.9180480386609,211.89840698242188,11800
2024-01-12,214.17582027154197,211.30429077148438,12970
2024-01-15,215.7106085079318,209.2249298095703,15704
2024-01-16,213.73023544927742,206.50192260742188,18903
2024-01-17,200.2637802559433,205.51173400878906,8952
2024-01-18,203.08580808162492,203.7789306640625,8176
2024-01-19,206.55145125457923,204.32354736328125,10224
2024-01-23,208.82884042109652,202.19464111328125,2933
2024-01-24,202.98678185455915,202.6402130126953,11244
2024-01-25,202.68972322684277,203.43235778808594,4200
2024-01-29,204.22450921929195,204.62057495117188,10054
2024-01-30,207.78916960605474,207.24456787109375,12660
2024-01-31,207.24456257500415,209.07638549804688,13173
2024-02-01,214.67090060645006,207.83865356445312,17723
2024-02-02,210.21511130637148,205.95733642578125,10464
2024-02-05,205.95731932591804,204.27401733398438,17672
2024-02-06,201.699551365461,204.6700897216797,14063
2024-02-07,207.93768367234688,201.8975830078125,19579
2024-02-08,202.04612120227947,203.0363006591797,13140
2024-02-09,198.53098117635233,198.0854034423828,22386
2024-02-12,198.13492033222244,189.9164276123047,11634
2024-02-13,189.91641532816257,186.9458770751953,11835
2024-02-14,184.61894759813157,198.1844024658203,29782
2024-02-15,197.243745805597,191.50070190429688,20331
2024-02-16,195.41192262004066,189.56985473632812,37021
2024-02-19,190.46102072210226,190.31248474121094,24868
2024-02-20,193.18401642728594,191.45120239257812,13131
2024-02-21,197.04571496614625,190.7085723876953,8920
2024-02-22,192.787932487642,189.47084045410156,7176
2024-02-23,190.16395593738773,189.61935424804688,8686
2024-02-26,188.62917813012092,188.5796661376953,6678
2024-02-27,194.91682627345088,186.1537322998047,22193
2024-02-28,192.88695858819412,185.6586456298828,4761
2024-02-29,190.8570847742205,180.65823364257812,4755
2024-03-01,181.25235343940756,182.1435089111328,6264
2024-03-04,195.70896639591868,183.82681274414062,18346
2024-03-05,183.87631561402506,185.31207275390625,6592
2024-03-06,185.36158935919747,174.6676483154297,12627
2024-03-07,177.0936078252338,182.78713989257812,19056
2024-03-11,180.6087249863542,177.14309692382812,16591
2024-03-12,176.84605724620266,168.92462158203125,7104
2024-03-13,170.90496965516041,168.18197631835938,55014
2024-03-14,168.1819835329274,169.96429443359375,6659
2024-03-15,177.24211092510293,166.79571533203125,15108
2024-03-18,176.1034229068764,170.85546875,5134
2024-03-19,170.50889236892561,164.1222381591797,7383
2024-03-20,166.25112376680818,163.67666625976562,8066
2024-03-21,165.35996396159837,163.87469482421875,8282
2024-03-22,165.5084830362975,164.66683959960938,13396
2024-03-26,160.75563631058756,170.2118377685547,13272
2024-03-27,169.37019365431115,163.87469482421875,13037
2024-03-28,169.17216202787236,159.22085571289062,11271
2024-04-01,160.40907254061855,180.21266174316406,247689
2024-04-02,180.16314850101327,179.9156036376953,12484
2024-04-03,180.85626829148947,177.39064025878906,19606
2024-04-04,176.35095775642037,181.40086364746094,23959
2024-04-05,185.1140410692136,180.65823364257812,5967
2024-04-08,183.1336726956419,177.19259643554688,9965
2024-04-09,177.14308289293612,180.46018981933594,5147
2024-04-10,181.15332459207448,178.47984313964844,2482
2024-04-12,179.1729640612295,186.69833374023438,19282
2024-04-15,185.85667354095338,181.99497985839844,6273
2024-04-16,181.15332098174244,180.0641326904297,3641
2024-04-18,184.1238563858473,180.01461791992188,3143
2024-04-19,179.66806025751876,182.1435089111328,6108
2024-04-22,182.2920492099636,181.9454803466797,18550
2024-04-23,182.34153223766256,187.19342041015625,12326
2024-04-24,189.0747583624627,189.1737823486328,14490
2024-04-25,189.07475432385505,188.82720947265625,5285
2024-04-26,190.16396412853288,187.2924346923828,4445
2024-04-29,186.20323571055323,186.54978942871094,5857
2024-04-30,188.92624363942267,185.70816040039062,1514
2024-05-02,188.0845690096113,181.30184936523438,7414
2024-05-03,181.30187277887882,177.04409790039062,12182
2024-05-06,180.21265715071297,178.47984313964844,3686
2024-05-07,180.60872107340333,179.27198791503906,3426
2024-05-08,176.59850728001388,177.63818359375,5709
2024-05-09,176.99456611202746,177.78671264648438,3992
2024-05-10,175.26175724858118,178.43032836914062,2471
2024-05-13,175.50931370835605,175.06373596191406,2912
2024-05-14,178.6778739530532,179.81658935546875,3554
2024-05-15,177.48966928109442,176.10342407226562,7550
2024-05-16,180.21264655621619,177.19259643554688,1447
2024-05-17,177.34114686463056,176.35096740722656,4487
2024-05-21,166.49866422412535,176.79653930664062,29708
2024-05-22,176.84604359086745,175.55880737304688,3939
2024-05-23,174.3706014320141,184.47042846679688,115376
2024-05-24,184.47043233278328,182.34153747558594,5221
2024-05-27,182.58909238841116,184.1733856201172,39851
2024-05-28,184.96551149790284,175.55880737304688,19597
2024-05-29,175.7568487214342,177.63818359375,22408
2024-05-30,180.70774785065524,176.84605407714844,6514
2024-05-31,180.16315277284966,172.83583068847656,9443
2024-06-03,181.1038207775339,174.22207641601562,8080
2024-06-04,174.271570843427,162.0923614501953,16062
2024-06-05,168.33050563549043,175.21224975585938,9967
2024-06-06,180.11364069146128,175.311279296875,12350
2024-06-07,178.82640631774407,175.90536499023438,3152
2024-06-10,176.31134954407221,175.21224975585938,3599
2024-06-11,178.62836384670925,184.36151123046875,44025
2024-06-12,185.16355541147797,184.6585693359375,11452
2024-06-13,189.2233085789583,187.1736297607422,7777
2024-06-14,187.9162562752597,187.7974395751953,9019
2024-06-18,192.09481678102983,191.02542114257812,17792
2024-06-19,193.28303023496719,186.9161834716797,23996
2024-06-20,191.0551162172668,186.2428436279297,17320
2024-06-21,186.2428364718334,185.2328643798828,29609
2024-06-24,183.33172295048016,197.36257934570312,215112
2024-06-25,201.25396810762965,190.10455322265625,41202
2024-06-26,194.05535750518598,197.16452026367188,87620
2024-06-27,199.3231306271141,195.6594696044922,34364
2024-06-28,197.93685907323513,201.729248046875,48143
2024-07-01,197.9368645200127,199.3528289794922,33895
2024-07-02,201.7985732952326,196.10504150390625,11935
2024-07-03,198.23392801247957,193.63949584960938,35985
2024-07-04,194.12467190188627,198.3824462890625,144161
2024-07-05,200.99652427896967,197.8675537109375,20220
2024-07-08,199.07556948421558,198.06558227539062,24601
2024-07-09,202.47188706701294,197.73883056640625,29657
2024-07-10,200.01623707753632,195.43170166015625,10948
2024-07-11,197.39227422922858,200.93710327148438,153643
2024-07-12,202.98678986163085,202.9471893310547,50477
2024-07-15,207.05641463399417,209.5813751220703,91000
2024-07-16,212.74004488843983,207.0762176513672,61532
2024-07-18,210.16558109848387,200.79847717285156,25090
2024-07-19,200.02613669943096,197.79823303222656,19641
2024-07-22,197.79824604430473,197.9764862060547,25417
2024-07-23,199.9667208364444,193.9266357421875,39926
2024-07-24,195.85749414637704,200.07565307617188,20583
2024-07-25,203.0858161527928,206.4029083251953,37624
2024-07-26,209.52196580870026,205.33349609375,23551
2024-07-29,208.4327737588165,205.917724609375,16418
2024-07-30,208.94240846356382,216.61358642578125,84470
2024-07-31,219.88700339916346,234.54281616210938,195414
2024-08-01,239.77634008074108,238.29383850097656,233389
2024-08-02,236.7615930378946,230.3639678955078,54006
2024-08-05,230.35403236956617,213.72817993164062,45507
2024-08-06,217.43938406385163,230.33412170410156,877649
2024-08-07,234.21448595573438,218.90199279785156,167233
2024-08-08,219.98651398310736,213.56898498535156,70055
2024-08-09,215.6086595734453,211.93724060058594,69145
2024-08-12,213.81772127486076,215.37982177734375,36323
2024-08-13,218.59355653615202,210.82289123535156,22204
2024-08-14,212.92226396243976,208.73345947265625,31421
2024-08-16,208.94240851151315,212.67352294921875,13742
2024-08-19,215.84744803348937,215.0315704345703,20386
2024-08-20,217.7975828721547,213.4396514892578,22677
2024-08-21,214.7132021204194,212.97201538085938,20234
2024-08-22,218.89203409976372,223.53851318359375,45394
2024-08-23,227.83676988674424,221.10086059570312,18366
2024-08-26,227.83676822025342,224.87176513671875,60811
2024-08-27,227.74721881054074,232.37380981445312,81414
2024-08-28,234.71196554530184,228.13525390625,52649
2024-08-29,225.95628298228436,219.5984649658203,42702
2024-08-30,219.7775521907122,219.0711212158203,20451
2024-09-02,219.88700674654962,217.39959716796875,13740
2024-09-03,215.95690804162635,216.48423767089844,14997
2024-09-04,214.96194293607144,214.7928009033203,20530
2024-09-05,215.91708781663436,217.15084838867188,25718
2024-09-06,217.1508521270468,216.06634521484375,12080
2024-09-09,216.0663550711165,217.08120727539062,22653
2024-09-10,220.77251528509078,218.1756591796875,22176
2024-09-11,218.89204878320606,214.96194458007812,5455
2024-09-12,214.91218351553064,214.14605712890625,4169
2024-09-13,214.16596284688148,216.9319610595703,8101
2024-09-16,220.8819764721621,216.98171997070312,12789
2024-09-17,214.96193305205662,229.23965454101562,62329
2024-09-18,230.78186365770216,220.92176818847656,24689
2024-09-19,217.90702140605686,213.09140014648438,38879
2024-09-20,213.41974606488418,214.99179077148438,9173
2024-09-23,217.8970745846301,219.409423828125,26899
2024-09-24,220.4043910332883,225.70755004882812,29256
2024-09-25,227.83676683066315,223.08084106445312,13427
2024-09-26,226.85174571332374,215.62855529785156,13434
2024-09-27,215.1310726989865,216.6533660888672,18115
2024-09-30,218.8920374829935,214.47439575195312,13344
2024-10-01,218.35476740504214,219.15072631835938,12703
2024-10-03,217.89707469079488,217.68812561035156,11623
2024-10-04,214.9121934060822,213.04165649414062,11559
2024-10-07,213.04164679150506,204.64414978027344,17946
2024-10-08,208.73344840025143,204.40536499023438,8024
2024-10-09,206.9524787365281,211.9073944091797,79179
2024-10-10,214.812689307466,222.97140502929688,27922
2024-10-11,223.86685477114543,225.62794494628906,57637
2024-10-14,227.33928467466228,219.04127502441406,17654
2024-10-15,220.99141728895165,215.4793243408203,8571
2024-10-16,216.37478780116228,222.3047637939453,21008
2024-10-17,221.7276919196339,225.9662322998047,18947
2024-10-18,225.96624016592878,220.25514221191406,33792
2024-10-21,225.45881288089396,220.6829833984375,24107
2024-10-22,224.8518757650078,212.056640625,8489
2024-10-23,210.23585513584354,210.33534240722656,7036
2024-10-24,215.90714968488595,211.27061462402344,3572
2024-10-25,215.90715105380283,209.02200317382812,18781
2024-10-28,208.94240997709647,222.84205627441406,41652
2024-10-29,220.1357390652419,218.1756591796875,16538
2024-10-30,217.89707515479407,237.58740234375,276749
2024-10-31,237.7963594856226,240.1544189453125,156581
2024-11-01,240.15441701628845,261.6058349609375,139305
2024-11-04,262.6704560460483,260.75018310546875,341041
2024-11-05,258.6905902361499,251.4571990966797,106822
2024-11-06,251.7357954154022,247.4674072265625,46611
2024-11-07,245.65656676570967,244.82080078125,44894
2024-11-08,248.4922150933397,234.9109649658203,42885
2024-11-11,234.910969271392,242.60203552246094,142299
2024-11-12,244.56211000563414,235.6372833251953,51149
2024-11-13,237.6968483646049,234.87115478515625,60649
2024-11-14,237.29887266804647,231.76687622070312,30072
2024-11-18,231.76687909045742,219.58851623535156,57339
2024-11-19,222.77238699785528,221.91671752929688,25801
2024-11-21,221.97643170126722,220.6332244873047,25463
2024-11-22,220.63322390045073,218.01646423339844,20898
2024-11-25,223.6678658680661,220.96156311035156,18900
2024-11-26,224.86182864358673,222.90174865722656,12661
2024-11-27,227.8467107775852,222.8818359375,19502
2024-11-28,223.86685572106595,240.16436767578125,48546
2024-11-29,243.26865394355283,237.55755615234375,25546
2024-12-02,234.9109720272207,238.3037872314453,23307
2024-12-03,243.06967335533304,284.330810546875,794760
2024-12-04,288.3405201669056,267.8542175292969,175004
2024-12-05,271.2271303653892,262.36199951171875,188239
2024-12-06,262.3620048048295,261.4466247558594,42684
2024-12-09,262.6704528324548,272.5305480957031,182190
2024-12-10,274.61001700844173,268.12286376953125,28622
2024-12-11,268.6402430384855,286.5197448730469,558497
2024-12-12,283.5746444695066,275.9233703613281,79149
2024-12-13,274.1125404463416,279.1271667480469,84961
2024-12-16,280.5798059813385,283.9626770019531,83118
2024-12-17,283.66419919694323,278.72918701171875,34779
2024-12-18,278.72919320913485,274.76922607421875,68190
2024-12-19,272.62009788050165,279.4654541015625,95161
2024-12-20,283.66420262810783,277.2466735839844,60204
2024-12-23,284.0621591083291,325.83074951171875,2166311
2024-12-24,319.38340079734553,304.0708923339844,524225
2024-12-26,301.48399370486527,286.42022705078125,200685
2024-12-27,287.9922936416522,281.2364807128906,100631
2024-12-30,279.6942757844565,270.5903625488281,110339
2024-12-31,269.0481804227552,272.212158203125,48354
2025-01-01,269.0879775316802,273.01806640625,27117
2025-01-02,274.51050718069666,276.3511962890625,46329
2025-01-03,277.1969273239003,273.8140563964844,36670
2025-01-06,274.9084877954173,258.7403259277344,64174
2025-01-07,259.5363223137733,267.8940124511719,41035
2025-01-08,270.5804363545082,259.8348083496094,23851
2025-01-09,259.83480136900386,250.58164978027344,23989
2025-01-10,249.536935355673,241.37823486328125,45323
2025-01-13,245.2585752138744,235.55767822265625,32798
2025-01-14,235.55767942350533,237.0501251220703,10411
2025-01-15,237.79634851649385,237.74659729003906,30710
2025-01-16,241.32847541555202,240.6320037841797,8173
2025-01-17,241.87571640689126,240.88075256347656,14759
2025-01-20,241.07973871110963,246.10430908203125,13864
2025-01-21,248.24347316597772,243.51739501953125,19532
2025-01-22,239.13955841429274,231.4285888671875,51981
2025-01-23,226.85175696255865,221.67794799804688,18609
2025-01-24,228.79192290697145,218.54379272460938,20422
2025-01-27,218.5437951468225,192.625,108296
2025-01-28,193.52046231861888,193.91844177246094,41725
2025-01-29,196.1571164183538,201.77867126464844,24734
2025-01-30,201.7786611735131,198.7440185546875,16055
2025-01-31,198.7440202519692,200.8334503173828,37676
2025-02-01,199.73898984816927,200.5150604248047,11071
2025-02-03,203.86807502070195,199.370849609375,7831
2025-02-04,203.40045086595046,200.28622436523438,12682
2025-02-05,200.2862252209349,205.4202423095703,14310
2025-02-06,205.52968357345452,206.43508911132812,8628
2025-02-07,207.499705557807,203.74868774414062,9418
2025-02-10,204.71381286667028,201.45033264160156,6839
2025-02-11,204.3556178503168,186.33682250976562,34646
2025-02-12,186.3368308591902,185.26226806640625,15408
2025-02-13,185.3319149269886,188.7545928955078,13316
2025-02-14,184.56579190887436,173.33265686035156,39983
2025-02-17,174.0191609214646,155.80137634277344,139024
2025-02-18,154.21939142169867,170.3776092529297,178844
2025-02-19,162.88553802310952,165.3231964111328,35782
2025-02-20,162.07959686615806,170.7357940673828,7490
2025-02-21,173.3724421027421,174.57635498046875,12796
2025-02-24,176.10859523228237,174.11866760253906,16519
2025-02-25,172.12874481055204,168.46728515625,3934
2025-02-27,168.69611524201443,170.7357940673828,1632
2025-02-28,163.1740679760466,173.3625030517578,6174
2025-03-03,166.3579485652633,164.68641662597656,6793
2025-03-04,163.17406076691438,171.49195861816406,12681
2025-03-05,171.4919644029303,171.07408142089844,2978
2025-03-06,179.09348187008732,172.0889434814453,2925
2025-03-07,178.09851737686563,175.03402709960938,10801
2025-03-10,169.14385670588882,175.16339111328125,20919
2025-03-11,179.04373001313118,169.57167053222656,13981
2025-03-12,166.3579417487098,167.65139770507812,28378
2025-03-13,164.1690256831636,167.32305908203125,1837
2025-03-17,167.35290532982776,159.97027587890625,5908
2025-03-18,159.97027587890625,159.97027587890625,0
2025-03-19,167.15391797040672,174.07887268066406,9135
2025-03-20,182.7748519358885,178.72535705566406,18372
2025-03-21,179.83971080680908,179.55117797851562,4540
2025-03-24,180.28744407827176,181.01376342773438,6796
2025-03-25,181.01376543809434,173.50180053710938,8560
2025-03-26,170.02936811811873,169.4224395751953,2617
2025-03-27,167.1539262490954,163.3034210205078,6924
2025-03-28,166.15895293499344,163.1840057373047,7117
2025-04-01,163.18401345205936,167.2733154296875,893
2025-04-02,171.13377136020313,166.22860717773438,1962
2025-04-03,165.6614742887214,172.92471313476562,4601
2025-04-04,172.06903961138357,169.8701629638672,3511
2025-04-07,174.01917133914753,170.15872192382812,3910
2025-04-08,164.26853028766575,168.1886749267578,646
2025-04-09,164.9351611218522,163.3034210205078,3459
2025-04-11,166.5668952839889,165.64157104492188,4261
2025-04-15,173.07395122686876,168.586669921875,6217
2025-04-16,168.1986381443147,167.20367431640625,5068
2025-04-17,164.71626735061676,168.66627502441406,5229
2025-04-21,168.66627874355302,167.58175659179688,3540
2025-04-22,174.6161432030012,164.63665771484375,10222
2025-04-23,167.1539276867378,163.174072265625,3633
2025-04-24,161.19407804580456,161.1642303466797,12872
2025-04-25,161.1642334263602,155.4431915283203,11418
2025-04-28,153.22442541538882,154.0502471923828,3035
2025-04-29,155.2143544679425,152.00062561035156,10070
2025-04-30,152.75679057651735,151.33399963378906,2121
2025-05-02,151.23450475270377,151.2842559814453,6876
2025-05-05,149.24457303589546,149.9510040283203,1891
2025-05-06,146.90640318666706,145.68260192871094,7717
2025-05-07,144.26975595692133,144.75729370117188,3725
2025-05-08,145.47366685948998,144.19015502929688,1894
2025-05-09,144.19015586592855,141.3445587158203,3714
2025-05-12,142.34948379182967,145.75225830078125,9996
2025-05-13,147.22480184301813,145.52340698242188,3511
2025-05-14,148.05061868485618,147.03575134277344,5628
2025-05-15,147.76206748067614,154.3785858154297,11985
2025-05-16,156.50781863563577,158.60719299316406,10064
2025-05-19,164.169036966272,166.38780212402344,14615
2025-05-20,166.1589534526287,165.70126342773438,9712
2025-05-21,165.76098646957206,170.09902954101562,6153
2025-05-22,166.69622802734375,166.69622802734375,3260
2025-05-23,163.3531494140625,163.3531494140625,2577
2025-05-26,160.07972717285156,160.07972717285156,2645
2025-05-27,156.87594604492188,156.87594604492188,968
2025-05-28,153.7318572998047,153.7318572998047,2366
2025-05-29,150.64747619628906,150.64747619628906,6444
2025-05-30,147.6327362060547,147.6327362060547,4016
2025-06-02,145.76220703125,145.76220703125,3267
2025-06-03,142.8469696044922,142.8469696044922,4082
2025-06-04,140.3396453857422,140.3396453857422,4013
2025-06-05,140.19039916992188,140.19039916992188,1626
2025-06-06,137.38461303710938,137.38461303710938,5404
2025-06-09,134.62855529785156,134.62855529785156,5602
2025-06-10,133.3251495361328,133.3251495361328,5616
2025-06-11,130.65866088867188,130.65866088867188,7125
2025-06-12,128.04190063476562,128.04190063476562,35559
2025-06-13,130.5989532470703,130.5989532470703,9018
2025-06-16,132.08145141601562,132.08145141601562,6533
2025-06-17,129.43484497070312,129.43484497070312,3562
2025-06-18,129.3452911376953,129.3452911376953,451
2025-06-19,126.75839233398438,126.75839233398438,4876
2025-06-20,129.2855987548828,129.2855987548828,5786
2025-06-23,129.92237854003906,129.92237854003906,2529
2025-06-24,130.3900146484375,130.3900146484375,5622
2025-06-25,130.9073944091797,130.9073944091797,8672
2025-06-26,133.52413940429688,133.52413940429688,6548
2025-06-27,136.19065856933594,136.19065856933594,1895
2025-06-30,142.89669810734702,142.99620056152344,16608
2025-07-01,148.99582762097774,150.14002990722656,26405
2025-07-02,157.63211523003213,157.64207458496094,19663
2025-07-03,165.0048008276467,165.52218627929688,14666
2025-07-04,173.7903289794922,173.7903289794922,8354
2025-07-07,182.4763641357422,182.4763641357422,26188
2025-07-08,191.60019507848213,175.22308349609375,55898
2025-07-09,171.7108612060547,171.7108612060547,1307
2025-07-10,168.26828002929688,168.26828002929688,615
2025-07-11,164.89535522460938,164.89535522460938,75
2025-07-14,161.59207153320312,161.59207153320312,771
2025-07-15,158.3584442138672,158.3584442138672,9701
2025-07-16,156.30882263183594,156.30882263183594,6584
2025-07-17,159.43301391601562,159.43301391601562,1953
2025-07-18,161.18414306640625,161.18414306640625,1654
2025-07-21,159.1942138671875,159.1942138671875,1580
2025-07-22,156.20932006835938,156.20932006835938,319
2025-07-23,154.81637573242188,154.81637573242188,4504
2025-07-24,153.22442626953125,153.22442626953125,20399
2025-07-25,151.33399963378906,151.33399963378906,2231
2025-07-28,151.33399963378906,151.33399963378906,1017
2025-07-29,153.59255981445312,153.59255981445312,663
2025-07-30,154.21939086914062,154.21939086914062,1717
2025-07-31,154.21939086914062,154.21939086914062,2561
2025-08-01,151.2344970703125,151.2344970703125,1444
2025-08-04,149.60276794433594,149.60276794433594,1815
2025-08-05,146.75717163085938,146.75717163085938,9850
2025-08-06,146.2596893310547,146.2596893310547,984
2025-08-07,143.33448791503906,143.33448791503906,1212
2025-08-08,144.26976013183594,144.26976013183594,747
2025-08-11,141.38436889648438,141.38436889648438,479
2025-08-12,141.38436889648438,141.38436889648438,857
2025-08-13,142.32957458496094,142.32957458496094,644
2025-08-14,141.2848663330078,141.2848663330078,277
2025-08-18,139.3944381554384,143.3643341064453,4338
2025-08-19,143.26485211662958,150.528076171875,58303
2025-08-20,158.0500030517578,158.0500030517578,13854
2025-08-21,165.9499969482422,165.9499969482422,3421
2025-08-22,174.24000549316406,174.24000549316406,4196
2025-08-25,181.0,165.52000427246094,18203
2025-08-26,161.3800048828125,162.82000732421875,2204
2025-08-28,155.0,158.2899932861328,11502
2025-08-29,158.2899932861328,163.3800048828125,3610
2025-09-01,171.02999877929688,196.0500030517578,73287
2025-09-02,205.0,177.69000244140625,222207
2025-09-03,178.8800048828125,177.35000610351562,23639
2025-09-04,179.0,170.33999633789062,13708
2025-09-05,170.69000244140625,170.57000732421875,8383
2025-09-08,173.8800048828125,169.4499969482422,5823
2025-09-09,172.0,165.17999267578125,9683
2025-09-10,166.00999450683594,162.07000732421875,12477
2025-09-11,163.2899932861328,166.0500030517578,15157
2025-09-12,167.6999969482422,163.4600067138672,20566
2025-09-15,164.38999938964844,164.80999755859375,5233
2025-09-16,163.99000549316406,163.19000244140625,11356
2025-09-17,167.99000549316406,171.0,245395
2025-09-18,171.0500030517578,168.4600067138672,8318
2025-09-19,164.3000030517578,165.49000549316406,11773
2025-09-22,166.0,163.94000244140625,5186
2025-09-23,163.94000244140625,164.8699951171875,5521
2025-09-24,160.5,163.16000366210938,4765
2025-09-25,163.97999572753906,161.80999755859375,4517
2025-09-26,164.75999450683594,160.69000244140625,3573
2025-09-29,160.8000030517578,159.0,12732
2025-09-30,160.30999755859375,159.14999389648438,7586
2025-10-01,159.0,160.32000732421875,5774
2025-10-03,160.3699951171875,162.86000061035156,6048
2025-10-06,160.3699951171875,162.8000030517578,2961
2025-10-07,164.89999389648438,161.0800018310547,7676
2025-10-08,161.0800018310547,161.75,2068
2025-10-09,164.0,161.4499969482422,1825
2025-10-10,161.5,160.6999969482422,7553
2025-10-13,163.0,164.27000427246094,9971
2025-10-14,167.4199981689453,161.42999267578125,24599
2025-10-15,161.42999267578125,175.00999450683594,60306
2025-10-16,175.00999450683594,181.8000030517578,23839
2025-10-17,184.89999389648438,179.0,16552
2025-10-20,179.0,182.57000732421875,21989
2025-10-21,179.00999450683594,186.41000366210938,4278
2025-10-23,182.10000610351562,185.1300048828125,30400
2025-10-24,185.22000122070312,189.86000061035156,23657
2025-10-27,189.72000122070312,187.72000122070312,9423
2025-10-28,185.89999389648438,191.4199981689453,17586
2025-10-29,191.4199981689453,186.60000610351562,7956
2025-10-30,186.5800018310547,195.57000732421875,38485
2025-10-31,197.8000030517578,197.64999389648438,24237
2025-11-03,203.0,201.91000366210938,12645
2025-11-04,203.99000549316406,202.36000061035156,14066
2025-11-06,199.0,189.00999450683594,16152
2025-11-07,185.00999450683594,192.30999755859375,14449
2025-11-10,191.3000030517578,200.2899932861328,10364
2025-11-11,203.99000549316406,203.2899932861328,18912
2025-11-12,205.0,199.00999450683594,17030
2025-11-13,199.00999450683594,202.36000061035156,18645
2025-11-14,199.10000610351562,199.91000366210938,14927
2025-11-17,197.30999755859375,197.6300048828125,7116
2025-11-18,198.0,192.19000244140625,7333
2025-11-19,194.99000549316406,189.02999877929688,7902
2025-11-20,189.02999877929688,187.2100067138672,2583
2025-11-21,190.1999969482422,186.5500030517578,9965
2025-11-24,190.27999877929688,185.92999267578125,11599
2025-11-25,184.0,175.52000427246094,12180
2025-11-26,173.11000061035156,175.02999877929688,19634
2025-11-27,172.6999969482422,174.3800048828125,4294
2025-11-28,174.9199981689453,174.7899932861328,6229
2025-12-01,177.99000549316406,174.11000061035156,2556
2025-12-02,174.0500030517578,172.97999572753906,10480
2025-12-03,170.0500030517578,167.4600067138672,7841
2025-12-04,168.30999755859375,171.6699981689453,12796
2025-12-05,174.88999938964844,170.86000061035156,14511
2025-12-08,167.3000030517578,158.02000427246094,23399
2025-12-09,163.63999938964844,158.4199981689453,10273
2025-12-10,158.4199981689453,162.3300018310547,16872
2025-12-11,163.9199981689453,161.74000549316406,8966
2025-12-12,161.0,162.30999755859375,1847
2025-12-15,165.5399932861328,164.6699981689453,12719
2025-12-16,169.7899932861328,155.8000030517578,20894
2025-12-17,155.0,155.02999877929688,6292
2025-12-18,163.0,156.3800048828125,14478
2025-12-19,156.94000244140625,154.86000061035156,20621
2025-12-22,157.0,155.63999938964844,12922
2025-12-23,157.0,155.80999755859375,14453
2025-12-24,154.5,153.8300018310547,2931
2025-12-26,153.8300018310547,157.19000244140625,13396
2025-12-29,158.8000030517578,154.2899932861328,17359
2025-12-30,154.0,153.3000030517578,12975
2025-12-31,156.3699951171875,155.0399932861328,9884
2026-01-01,155.99000549316406,155.1300048828125,4538
2026-01-02,156.0,147.1699981689453,19154
2026-01-05,147.1699981689453,148.25,12366
2026-01-06,149.0,145.74000549316406,2973
2026-01-07,146.5,146.3000030517578,6380
2026-01-08,145.35000610351562,142.9199981689453,6753
2026-01-09,144.0,144.19000244140625,10877
2026-01-12,144.19000244140625,141.5800018310547,21506
2026-01-13,141.5800018310547,139.8300018310547,10648
2026-01-14,138.0,139.27000427246094,5326
2026-01-16,139.0,137.35000610351562,8779
2026-01-19,139.3300018310547,137.6199951171875,1745
2026-01-20,141.0,133.1999969482422,9944
2026-01-21,130.39999389648438,130.63999938964844,8295
2026-01-22,131.10000610351562,133.16000366210938,5785
2026-01-23,138.99000549316406,135.0399932861328,956
2026-01-27,140.60000610351562,132.8800048828125,8733
2026-01-28,133.5800018310547,135.13999938964844,7360
2026-01-29,132.05999755859375,137.5500030517578,7601
2026-01-30,139.89999389648438,139.99000549316406,4734
2026-02-02,148.3800048828125,140.25,11064
2026-02-03,146.0,140.22999572753906,11638
2026-02-04,143.0,138.85000610351562,16150
2026-02-05,138.85000610351562,139.1199951171875,5627
2026-02-06,142.5,139.77000427246094,2805
2026-02-09,139.77000427246094,141.10000610351562,8041
2026-02-10,141.10000610351562,142.69000244140625,4851
2026-02-11,145.5399932861328,142.8699951171875,2147
2026-02-12,142.8000030517578,138.77000427246094,2047
2026-02-13,139.00999450683594,138.2899932861328,2291
2026-02-16,141.05999755859375,131.17999267578125,5432
2026-02-17,132.0,132.0800018310547,6610
2026-02-18,134.72000122070312,133.27000427246094,1622
2026-02-19,137.89999389648438,131.47000122070312,3991
2026-02-20,121.80000305175781,132.38999938964844,8623
2026-02-23,139.89999389648438,130.55999755859375,7496
2026-02-24,134.8000030517578,131.00999450683594,2102
2026-02-25,128.1199951171875,131.77000427246094,48218
2026-02-26,131.1199951171875,130.69000244140625,3620
2026-02-27,132.85000610351562,130.14999389648438,562
2026-03-02,121.30000305175781,127.94999694824219,3096
2026-03-04,126.0,124.5199966430664,1924
2026-03-05,124.5199966430664,122.0,4475
2026-03-06,124.69999694824219,129.1699981689453,15483
2026-03-09,127.0999984741211,126.94999694824219,4178
2026-03-10,131.0,127.87000274658203,2780
2026-03-11,127.0,126.5999984741211,1346
2026-03-12,132.60000610351562,125.55999755859375,1751
2026-03-13,128.5,123.19999694824219,6882
2026-03-16,123.61000061035156,120.5,1268
2026-03-17,125.0,121.77999877929688,21854
2026-03-18,126.0,122.55000305175781,1568
2026-03-19,122.55000305175781,120.4800033569336,3292
2026-03-20,120.0,123.36000061035156,794
2026-03-23,126.88999938964844,115.72000122070312,7735
2026-03-24,115.72000122070312,114.62999725341797,25925
2026-03-25,119.0,116.33999633789062,2339
2026-03-27,117.5,104.06999969482422,15111
2026-03-30,104.0,102.79000091552734,6351
2026-04-01,103.41000366210938,114.91999816894531,5503
2026-04-02,114.9000015258789,113.76000213623047,1500
2026-04-06,113.76000213623047,112.13999938964844,3710
2026-04-07,111.0,110.81999969482422,4099
2026-04-08,119.0,117.83000183105469,11027
2026-04-09,111.55000305175781,113.45999908447266,10869
2026-04-10,115.0,117.13999938964844,2152
2026-04-13,116.0,120.4800033569336,3630
2026-04-15,120.4800033569336,123.61000061035156,6392
2026-04-16,127.0,126.4000015258789,7826
2026-04-17,128.99000549316406,128.8699951171875,2759
2026-04-20,129.50999450683594,125.12999725341797,1637
2026-04-21,133.99000549316406,125.2300033569336,3435
2026-04-22,123.0,126.18000030517578,11297
2026-04-23,128.5,127.66999816894531,3473
2026-04-24,122.30000305175781,125.38999938964844,6912
2026-04-27,125.19999694824219,128.80999755859375,3061
2026-04-28,128.1699981689453,125.70999908447266,4890
2026-04-29,125.0999984741211,127.11000061035156,20106
2026-04-30,126.05000305175781,124.5999984741211,2666
2026-05-04,129.99000549316406,125.5199966430664,3033
2026-05-05,125.0,125.76000213623047,795
2026-05-06,128.27999877929688,125.93000030517578,6218
2026-05-07,124.25,129.02000427246094,13637
2026-05-08,131.58999633789062,130.00999450683594,2473
2026-05-11,131.5,126.05000305175781,3460
2026-05-12,125.9000015258789,125.18000030517578,7314
2026-05-13,129.99000549316406,126.66999816894531,1678
2026-05-14,127.30000305175781,126.16000366210938,971
2026-05-15,126.16000366210938,124.2300033569336,1856
2026-05-18,124.2300033569336,123.94000244140625,2033
2026-05-19,123.98999786376953,123.25,1369
2026-05-20,121.5,122.51000213623047,5934
2026-05-21,123.12000274658203,122.5999984741211,2018
2026-05-22,123.25,123.13999938964844,2554
2026-05-25,123.13999938964844,123.30000305175781,1116
2026-05-26,125.0,122.41000366210938,4823
2026-05-27,124.98999786376953,136.88999938964844,289244
2026-05-28,136.88999938964844,136.88999938964844,0
2026-05-29,142.8000030517578,131.41000366210938,10495
2026-06-01,139.97999572753906,129.8300018310547,6694
2026-06-02,129.8300018310547,126.52999877929688,7755
2026-06-03,126.05000305175781,124.43000030517578,3348
2026-06-04,126.94999694824219,125.54000091552734,3941
2026-06-05,125.52999877929688,127.94999694824219,2508
2026-06-08,127.9800033569336,125.69000244140625,3862
2026-06-09,123.20999908447266,125.05999755859375,1527
2026-06-10,126.0,122.91999816894531,8635
2026-06-11,120.01000213623047,122.62999725341797,3422
2026-06-12,126.5,123.19999694824219,2020
2026-06-15,123.5999984741211,123.30000305175781,4844
2026-06-16,123.30000305175781,123.63999938964844,4038
2026-06-17,123.63999938964844,127.55000305175781,5471
2026-06-18,129.25,126.16000366210938,2754
2026-06-19,126.16000366210938,127.91000366210938,4564
2026-06-22,127.27999877929688,126.76000213623047,1886
2026-06-23,126.30000305175781,131.05999755859375,15288
2026-06-24,131.05999755859375,127.9000015258789,6931
2026-06-25,126.75,127.37999725341797,3680
2026-06-26,127.37999725341797,127.37999725341797,0
2026-06-29,131.8000030517578,125.41999816894531,964
2026-06-30,126.66999816894531,136.6699981689453,116908
2026-07-01,139.39999389648438,132.55999755859375,7451
2026-07-02,135.0,133.0399932861328,6515
2026-07-03,135.6999969482422,129.19000244140625,7875
2026-07-06,133.0,130.6199951171875,3949
2026-07-07,130.52000427246094,130.3800048828125,5797
2026-07-08,128.1999969482422,126.8499984741211,16426
2026-07-09,127.5,127.0,1594
2026-07-10,131.39999389648438,127.98999786376953,661
2026-07-13,128.0,128.38999938964844,3383
2026-07-14,127.0,127.69000244140625,3180
2026-07-15,129.5,126.52999877929688,2429
2026-07-16,129.0,126.12000274658203,3010
2026-07-17,127.94999694824219,126.54000091552734,2118
2026-07-20,125.80000305175781,127.0999984741211,2639
2026-07-21,127.7300033569336,126.0199966430664,968
2026-07-22,126.0,125.0999984741211,4895
2026-07-23,125.72000122070312,124.45999908447266,1949
2026-07-24,125.08000183105469,124.73999786376953,2310
2026-07-27,124.73999786376953,124.94999694824219,2714
2026-07-28,127.4000015258789,126.18000030517578,3961
2026-07-29,126.80999755859375,125.3499984741211,1305
2026-07-30,124.19999694824219,124.69999694824219,1450
2026-07-31,122.0999984741211,124.80000305175781,1240
2026-08-03,126.94999694824219,123.6500015258789,3036
2026-08-04,127.19999694824219,124.87000274658203,2703
2026-08-05,126.75,126.26000213623047,3548
2026-08-06,126.26000213623047,123.91999816894531,3912
2026-08-07,123.91999816894531,123.52999877929688,2686
2026-08-10,124.0,124.0,1749
2026-08-11,125.23999786376953,122.76000213623047,3322
2026-08-12,125.0,123.08000183105469,1936
2026-08-13,123.69000244140625,122.08000183105469,1875
2026-08-14,122.08000183105469,122.44999694824219,2049
2026-08-17,124.0,123.72000122070312,3114
2026-08-18,123.72000122070312,122.8499984741211,836
2026-08-19,122.01000213623047,121.2300033569336,2317
2026-08-20,121.88999938964844,121.5199966430664,1568
2026-08-21,123.44999694824219,122.2300033569336,3404
2026-08-24,124.0,124.12999725341797,2322
2026-08-25,126.0,122.04000091552734,8189
2026-08-26,123.26000213623047,121.55999755859375,5065
2026-08-27,123.0,123.41999816894531,3420
2026-08-28,125.0,123.02999877929688,1236
2026-08-31,124.0,123.05999755859375,2248
2026-09-01,122.05000305175781,123.25,1462
2026-09-02,122.88999938964844,122.12000274658203,1740
2026-09-03,124.0,123.22000122070312,53035
2026-09-04,124.0,123.58000183105469,1949
2026-09-07,123.8499984741211,122.62999725341797,12827
2026-09-08,122.0199966430664,123.33000183105469,3612
2026-09-09,125.98999786376953,123.25,1297
2026-09-10,125.0,122.05999755859375,3578
2026-09-11,122.05999755859375,120.38999938964844,4137
2026-09-15,120.0,119.3499984741211,2783
2026-09-16,119.88999938964844,117.97000122070312,1724
2026-09-17,119.98999786376953,117.31999969482422,641
2026-09-18,116.80000305175781,118.26000213623047,3489
2026-09-22,123.62999725341797,126.37000274658203,1031
