date,year,K,topU,midU,botU,topB,botB,disp
2005-05-31,2005,178,0.006060160240379649,-0.012436381914803825,0.006587007808573397,-0.0008771117676974471,-0.0003502641995036992,0.0813937155269941
2005-06-30,2005,147,1.6948737556883147,-1.203941183200696,-0.4909325724876169,3.4237255884842925,1.2379192603083617,9.736764727348762
2005-07-29,2005,173,0.049182343697704765,-0.026203960115428963,-0.02205894638524325,0.11437840888330991,0.0431371188003619,0.14531922665206012
2005-08-31,2005,161,0.09351130264984127,-0.04171842647923994,-0.0502185959261017,0.0952687763168902,-0.04846112225905279,0.4353403343226063
2005-09-30,2005,157,-0.006165473460870605,-0.001589712649948786,0.00778575750793374,0.005407183291324692,0.019358414260129034,0.08382160292619766
2005-10-31,2005,167,0.011694926672097518,0.008729339163394786,-0.020741696350524908,0.0187795462001419,-0.013657076822480544,0.09624110712960074
2005-11-30,2005,149,0.01697751652579635,0.0014076838579053209,-0.018442656867697794,0.007347144415860036,-0.028073028977634112,0.08511737230375126
2005-12-30,2005,147,-0.005239531064107607,0.013330680698538171,-0.008091149634430557,-0.016584699020194847,-0.019436317590517806,0.12072321207493315
2006-01-31,2006,167,-0.010860056839981275,0.006486029762319441,0.004138171449941136,-0.003784321228779915,0.011213907061142498,0.12400516476850401
2006-02-28,2006,151,-0.004059541461617939,-0.05763344041349303,0.06284565068338076,0.026964633374586162,0.09386982551958484,0.3980212723194324
2006-03-31,2006,147,-0.027568299196666857,-0.01354672417301113,0.041115023369678004,-0.012679683266966318,0.05600363929937855,0.2007142534948844
2006-05-31,2006,148,-0.02465807968572062,0.028736661651192187,-0.00466504444814888,-0.08177052611590825,-0.061777490878336505,0.1061632696556544
2006-06-30,2006,176,-0.008921976061222357,0.011753945476459913,-0.0032372778799430557,-0.020311775959282012,-0.014627077778002704,0.08977192663985133
2006-07-31,2006,156,-0.013305052422278337,-0.01014468035246621,0.023449732774744554,0.0018472767762173108,0.038602061973240204,0.09709939796724083
2006-08-31,2006,154,-0.008793650231468282,0.003589629929744225,0.005133635401140879,-0.0047201986205201475,0.009207087012089011,0.08981073473509181
2006-09-29,2006,128,-0.017468032036352315,0.0013909539417690116,0.016010842192594327,-0.012021848085706869,0.02145702614323977,0.10055689396615028
2006-10-31,2006,164,-0.31265798413757256,-0.3719856973421546,0.6984209295294366,0.03433135873393319,1.0454102724009422,4.639441273149867
2006-11-30,2006,121,0.015012124494085616,0.008126903783412368,-0.0233422008720833,0.032564991430710385,-0.005789333935458535,0.12642851231841723
2006-12-29,2006,186,-0.015224855995114904,0.03142939115535233,-0.016204535160237444,-0.004270864951993568,-0.005250544117116111,0.13300725678728464
2007-01-31,2007,172,-0.017144252575598852,0.0454719685546747,-0.029125469813368346,0.006863252209409832,-0.0051179650283596605,0.29213836258310044
2007-02-28,2007,181,0.006664249769132571,-0.003634824324768175,-0.002968845038951588,-0.026769062531426767,-0.03640215733951093,0.07679834755085016
2007-03-30,2007,148,0.015019933595261842,-0.012043105733832651,-0.002731050193391776,0.016400749829462654,-0.0013502339591909716,0.09591412302319584
2007-04-30,2007,130,0.014696014407755585,-0.0071854656150285605,-0.007343444941214688,0.024461765432444823,0.0024223060834745523,0.1008623346397323
2007-05-31,2007,181,0.06167546712233175,-0.030129400234594705,-0.031043910217160457,0.12257518729558872,0.029855809956096498,0.36151271766447557
2007-06-29,2007,181,-0.012772072880164295,0.012372529559651025,0.00019333449451908654,-0.0024636873205643745,0.010501720054119004,0.12314367082481038
2007-07-31,2007,165,0.0017112410865495445,-0.0027621395307726934,0.0010508984442231478,0.01287473794583238,0.012214395303505985,0.08253775331666376
2007-08-31,2007,181,-0.000298415883773027,-0.0038539136965382646,0.0042165614752536105,-0.021865341516804672,-0.01735036415777803,0.1396370295531285
2007-09-28,2007,186,0.21439605473945514,-0.07580025005230812,-0.13859580468714688,0.24054558965909253,-0.11244626976750936,1.2730313518777547
2007-10-31,2007,180,-0.0029441852858879698,0.022035792921249443,-0.01909160763536148,0.07368899827901139,0.05754157592953786,0.29858304685838205
2007-11-30,2007,122,-0.014163628656188382,0.006070224505595399,0.007789892925313224,0.061379954814174575,0.08333347639567619,0.17133889392003876
2007-12-31,2007,154,-0.009329993899533913,0.015112499019100167,-0.0060788286297446285,-0.04295233364511396,-0.03970116837532467,0.12429759804080111
2008-01-31,2008,211,-0.024455400297939387,-0.006137199342822225,0.030680273917087626,-0.036242006483951116,0.01889366773107589,0.09796729734577743
2008-02-29,2008,193,0.24819037953623385,-0.11426234993204654,-0.132142680386499,0.3899153191986872,0.009582259275954389,1.9878271080035839
2008-03-31,2008,217,0.012670907841444878,-0.02332897136676495,0.010982077016525087,0.015328967722916913,0.013640136897997113,0.12925505384253416
2008-04-30,2008,197,-0.010094620702962916,0.0005690308331160368,0.009508081228827956,0.002487003264792175,0.022089705196583043,0.1178502659705314
2008-05-30,2008,195,-0.02800738787535396,0.02194595319688569,0.006061434678468271,0.021139191950832796,0.05520801450465502,0.09777351179578395
2008-06-30,2008,200,-0.0012878873313039297,-0.020646325322405762,0.02255985887560077,-0.027397123004936356,-0.0035493767980316676,0.12251132057810417
2008-07-31,2008,171,-0.025126229465148395,0.01621553455742307,0.008910694907725322,-0.014391054453544654,0.019645869919329057,0.0925788530601512
2008-08-29,2008,228,0.028739811227818872,-0.006839201076868305,-0.021900610150950576,0.024017130873520497,-0.026623290505248944,0.09740052249955744
2008-09-30,2008,212,0.02758188422094372,0.02068326567840854,-0.048856100347306856,0.02480559972684752,-0.051632384841403055,0.1351213070715201
2008-10-31,2008,204,0.05257807841102891,-0.02262323142094572,-0.02995484699008318,0.04715063401297798,-0.035382291388134104,0.13983039439176972
2008-11-28,2008,210,-0.04390806887583136,-0.016983471367579696,0.06089154024341104,-0.05155458347519354,0.053245025644048885,0.13239608010318782
2008-12-31,2008,171,0.0316031399104,0.007860556297288006,-0.03946369620768799,0.032354033014900675,-0.038712803103187324,0.12027732463698625
2009-01-30,2009,219,0.0147104099010856,0.00377621691031196,-0.018486626811397563,0.03943569121439255,0.006238654501909395,0.09765559300983298
2009-02-27,2009,210,-0.023331504168163777,0.01378784930414422,0.009543654864019582,-0.02558842600936013,0.0072867330228232295,0.10826555233583517
2009-03-31,2009,230,-0.12507040566921346,-0.016755100892023533,0.14226643026892186,-0.10082715906188822,0.16650967687624713,0.19945325610695802
2009-04-29,2009,180,-0.15849384311993467,-0.007273523833692336,0.16576736695362726,-0.03705121957883752,0.28720999049472434,0.22933636881471142
2009-05-29,2009,216,-0.007260607712571865,0.014558204222381787,-0.007297596509809946,0.01718390846914585,0.017146919671907773,0.11413455261836838
2009-06-30,2009,223,0.0067537809653291534,0.004890427876140351,-0.011710295704660607,0.0342503554771776,0.015786278807187835,0.11627699982800796
2009-07-31,2009,197,-0.0337366325059422,-0.00012185301166327309,0.033862234841041276,0.018588369572223627,0.08618723691920713,0.1278272921972657
2009-08-31,2009,216,0.0026907542091591874,-0.015616841007821593,0.012926086798662402,0.02083305251023841,0.03106838509974162,0.11020148192780477
2009-09-30,2009,258,0.018469005966595425,0.007867991751030598,-0.026336997717625998,0.052580192578745036,0.007774188894523629,0.10035887988801158
2009-10-30,2009,206,0.021045887543820693,-0.003214008881811988,-0.017737348989014218,0.02871173757191321,-0.010071498960921703,0.09904908008006705
2009-11-30,2009,222,-0.02116846432893106,0.009636212625093633,0.01153225170383748,0.027113707048116335,0.059814423080884874,0.09885532620961972
2009-12-31,2009,223,-0.04022566308605846,-0.00532694044619434,0.04562458921395812,0.03598357588018963,0.12183382818020622,0.40354193433815183
2010-01-29,2010,226,-0.0009665609753605944,0.00029636299843631273,0.0006662464702784698,0.010225286814395208,0.011858094260034271,0.07869695977051724
2010-02-26,2010,217,0.027329909970393435,8.811010274154251e-05,-0.027419243824561932,0.045948577585306315,-0.008800576209649054,0.09035159067156108
2010-03-31,2010,236,0.005226055417326321,0.0020419440989280944,-0.007320357057252545,0.057731107936844314,0.04518469546226544,0.09502825767187435
2010-04-30,2010,220,0.002975020916289411,-0.01221561717959861,0.00940793348494751,0.006968231254032491,0.013401143822690588,0.08575812810862946
2010-05-31,2010,246,0.013722813174583395,-0.014174020264860948,0.0004512070902775841,0.04100735793654853,0.027735751852242724,0.08738404035538241
2010-06-30,2010,195,0.012808129804867735,-0.009378591398814513,-0.0034295384060532247,0.0331066543449151,0.016868986133994145,0.08837076202171416
2010-07-30,2010,221,0.01938411162039219,0.0029479635011044627,-0.022412841244814612,0.03954982304630375,-0.002247129818903057,0.07665883803043053
2010-08-31,2010,237,-0.0012719028389299443,-0.004351419095322059,0.0056233219342520365,0.0053480962422548795,0.012243321015436862,0.10795356949103219
2010-09-30,2010,200,0.014714160505928359,0.002556776990442451,-0.0173484155869903,0.03725856987743003,0.005195993784511378,0.08347767933362168
2010-10-29,2010,254,-0.0006588172154804106,0.007427659453348255,-0.0069456912724714,-0.0016103972270069202,-0.007897271283997911,0.08871160212545062
2010-11-30,2010,210,-0.007442360139661375,-0.011627071550826212,0.019069431690487585,-0.013543403128984341,0.012968388701164619,0.07426635498583703
2010-12-31,2010,235,-0.0006642688393435885,0.005321644323838887,-0.004725601693775291,0.005195453343000552,0.0011341204885688511,0.07546907817215563
2011-01-31,2011,208,-0.008074943959543604,0.010628128454975494,-0.002707215342605447,-0.02748088854144071,-0.022113159924502555,0.0832369268458862
2011-02-28,2011,243,0.0015037691435303396,-0.001746932306390193,0.0002431631628598269,-0.004655176964392338,-0.005915782945062848,0.07769731565261777
2011-03-31,2011,211,-7.996210930009447e-05,0.002014192645239454,-0.001963004716585627,0.049831753548191325,0.047948710940905796,0.10664627815853099
2011-04-29,2011,221,0.01272967686898842,0.004146373941321678,-0.0169896500963737,0.026388399751680544,-0.0033309272136815638,0.08083465255362132
2011-05-31,2011,223,0.02191782224218465,-0.0056989559129802265,-0.016141853411461442,0.03136590227974156,-0.006693773373904541,0.06370716786150828
2011-06-30,2011,249,0.012784447001462883,-0.010274154502433738,-0.002510292499029131,0.06426980089750947,0.04897506139701745,0.08672402823591106
2011-07-29,2011,223,0.039722179811466835,-0.0027871159219762472,-0.036897400160815164,0.05044323129651932,-0.026176348675762677,0.09305088178279265
2011-08-30,2011,218,0.004052345458978242,0.0009940273426454892,-0.005073984672252769,0.0015686529860159978,-0.0075576771452150115,0.07028991783155483
2011-09-30,2011,207,0.021020138539975287,-0.00894826504097208,-0.012071873499003198,0.004092442721823035,-0.02899956931715544,0.09383229189336538
2011-10-31,2011,191,0.02494624909203281,0.023600513139905265,-0.04929598487130012,0.03987486715948037,-0.03436736680385258,0.09706964097994543
2011-11-30,2011,186,0.00985461129744786,0.004991145436813354,-0.014845756734261206,-0.00318966453845965,-0.027890032570168716,0.08390650162160411
2011-12-30,2011,212,-0.06400050347090268,-0.034298167634151305,0.09927861875174399,-0.06334065998523454,0.09993846223741214,0.12695919373561293
2012-01-31,2012,234,0.0026745815484159963,-0.021272566115194073,0.018597984566778067,0.045230804249598175,0.061154207267960246,0.09932209972070762
2012-02-29,2012,257,0.03375682370822522,0.006487387534776637,-0.04039685565558485,0.03789930455597651,-0.036254374807833556,0.08444270590873058
2012-03-30,2012,221,0.02004223971299987,-0.02299936026880302,0.0035872400152223934,0.05685588027249347,0.04040088057471599,0.10462688340775506
2012-04-30,2012,232,0.022565689615559662,-0.0006674616047507148,-0.021889559678279717,0.033125704180776684,-0.0113295451130627,0.07828973802900242
2012-05-31,2012,198,-0.0078033045043400685,-0.005372884674354689,0.013176189178694736,-0.009706771316684678,0.011272722366350121,0.08202684681790343
2012-06-29,2012,236,0.029284525739134537,0.000690098239175814,-0.0299923188049559,0.039019788518447056,-0.020257056025643382,0.08049495681238453
2012-07-31,2012,192,0.017633438939484176,0.014019292656043646,-0.0316527315955278,0.0465415486856753,-0.0027446218493366713,0.1002703474297715
2012-08-31,2012,222,-0.0017319513046269457,-0.022225432182524884,0.023957383487151894,-0.007566222059473541,0.018123112732305303,0.08924628625971774
2012-09-28,2012,226,0.022189336436627544,0.00523179515131182,-0.027490888856623527,0.04100693837183851,-0.008673286921412565,0.09394965402494197
2012-10-31,2012,213,0.02578453824977527,-0.013335465931287918,-0.01244907231848735,0.022283762830554617,-0.015949847737708,0.09350181379525803
2012-11-30,2012,224,0.0005835676741768957,0.0028194722535078306,-0.003479241880482227,0.022964997532980373,0.018902187978321255,0.08933539385884108
2012-12-31,2012,210,-0.005196048391654698,-0.0011269250428202445,0.006322973434474948,-0.03424848025173602,-0.02272945842560637,0.08689290866120539
2013-01-31,2013,245,-0.0002001652842829188,0.006995166475186485,-0.006967721350784641,-0.01039028748186744,-0.01715784354836916,0.08387952708805531
2013-02-28,2013,209,0.017687409469954934,0.015541022453557863,-0.03367889634245651,0.01125146567978207,-0.04011484013262938,0.09590602183279429
2013-03-28,2013,224,-0.0017925508742562865,-0.007725001486473003,0.009726336184688005,-0.00048354496793903614,0.011035342091005252,0.09269470802256051
2013-04-30,2013,187,0.022028102549530203,0.0017574059444149786,-0.023813853751113164,0.01671018396439663,-0.029131772336246746,0.09514236001438091
2013-05-31,2013,230,0.015103676791680466,0.004975692725856036,-0.020210308799795865,0.00700578314970577,-0.02830820244177056,0.09218920144370497
2013-06-28,2013,247,0.035966240441008344,-0.003424168119793206,-0.032500314173412787,0.03594250805989068,-0.03252404655453045,0.10508079519824766
2013-07-31,2013,235,0.0008459134817668005,-0.00028280438082122763,-0.0005594834037555344,0.02707680030971486,0.025671403424192524,0.10618990342372732
2013-08-30,2013,254,-0.0009294858238313679,-0.015683094637169784,0.016985987476171853,0.011444212212324788,0.029359685512328,0.08270584597621834
2013-09-30,2013,252,-0.014042166517786267,-0.015931829936902713,0.029973996454688994,-0.013372989731633356,0.0306431732408419,0.11905410691516807
2013-10-31,2013,226,-0.013300893450100226,-0.0019274515980495159,0.01525404440279043,0.04481489246131975,0.07336983031421042,0.11373866087379128
2013-11-29,2013,211,0.0146220862534898,-0.021651526227628805,0.007338747491676596,0.06753833323368032,0.060254994471867135,0.10864187629461373
2013-12-31,2013,222,0.04249731678269289,-0.010827483172250211,-0.031669833610442656,0.03981334094596773,-0.034353809447167816,0.0805580088719943
2014-01-31,2014,243,0.03212685777099624,-0.016308565101588266,-0.015818292669407978,0.05658129065924301,0.008636140218838776,0.11199174552600528
2014-02-28,2014,254,-0.0607408785710963,0.0056758623761974485,0.054929876614513144,-0.030506308012382705,0.08516444717322671,0.13649540862117368
2014-03-31,2014,259,0.008148675663350468,-0.02473097544827194,0.01686986926687814,0.04920882504106961,0.05793001864459726,0.11730251277500982
2014-04-30,2014,291,-0.03243411948677642,-0.028290545340639878,0.06072466482741631,0.047325559925570866,0.14048434423976358,0.1753162979806347
2014-05-30,2014,239,0.02351461488959771,-0.0149890870408406,-0.00814605729076117,0.0627587732684438,0.03109810108808491,0.09679037071601729
2014-06-30,2014,263,0.011398847083739574,-0.01963719345312798,0.00868977610394307,0.011350427374290978,0.008641356394494471,0.1070123689688524
2014-07-31,2014,209,0.035130977571718625,-0.01103457336482089,-0.023776561500671024,0.07555742166522827,0.016649882592838616,0.1327273491892102
2014-08-28,2014,233,0.007246189926125893,-0.014180288298534079,0.00730241754899349,0.055176765827142066,0.05523299345000966,0.1180912008590707
2014-09-30,2014,226,0.01054140400683567,-0.0035967387887383888,-0.006896708700914103,-0.00023216910315776958,-0.017670281810907542,0.08622440737590369
2014-10-31,2014,272,0.008635426094440618,0.0031984944825947685,-0.011904998232204192,0.029800794989428597,0.00926037066278379,0.11928290295451939
2014-11-28,2014,282,0.0017329927229373181,0.010013142403902001,-0.011746135126839308,0.028254780493125808,0.014775652643349178,0.07863608813740301
2014-12-31,2014,288,0.004216069715896535,0.01258492639229213,-0.016800996108188648,-0.0036072141394811303,-0.02462427996356631,0.11913480114580514
2015-01-30,2015,226,0.02190507765720026,-0.005818708589107647,-0.016008786286904532,0.0370932076747384,-0.0008206562693663925,0.12469234532255019
2015-03-31,2015,249,-0.019324217874704244,0.005482416428526698,0.013841801446177554,-0.00617354947174592,0.026992469849135878,0.09769941278098784
2015-04-30,2015,253,0.013461300897548763,-0.005502321442654039,-0.007893475628196442,0.005235847872306657,-0.016118928653438547,0.0894641007008325
2015-05-29,2015,234,-0.004703011176230216,-0.012650420042827511,0.01735343121905772,-0.004165470937228894,0.017890971458059044,0.086086344041152
2015-06-30,2015,243,0.03468387912081804,-0.00044424798589199406,-0.03423963113492605,0.0779022255919202,0.008978715336176127,0.12402349573094515
2015-07-31,2015,252,0.014001632817847129,0.002842769584145483,-0.01684440240199262,0.02772043507931752,-0.0031256001405222202,0.09858650333942179
2015-08-31,2015,247,0.003220929077110647,-0.005628384735941403,0.0024760944970739353,0.016504946896910455,0.015760112316873742,0.08596555911027033
2015-09-30,2015,173,-0.019615496476917876,-0.008485937232959087,0.028399185893489557,0.007735012257166415,0.055749694627573856,0.10609642954684935
2015-10-30,2015,262,-0.017193806473200134,0.001881425593061972,0.015290755298608707,0.009043059401779475,0.04152762117358832,0.09969339438300044
2015-11-30,2015,228,0.0029544679615380767,0.00028700454309080035,-0.003241472504628868,0.006613030956838206,0.000417090490671261,0.07004661913447688
2015-12-31,2015,232,-0.0017238971338547882,0.029342608650895465,-0.02799978435666271,-0.018860469457137752,-0.045136356679945665,0.08155321858897198
2016-01-29,2016,217,-0.021706786881890802,0.016844275297048468,0.004628563316827798,-0.03194265893446794,-0.005607308735749337,0.08701797357313013
2016-02-29,2016,254,-0.02424413612805769,-0.004691096243679555,0.02904692513944392,-0.014585765131556714,0.0387052961359449,0.10038902946641153
2016-03-31,2016,220,-0.0022547949940904064,-0.007897656083205765,0.010260638146929136,0.022730162947384808,0.03524559608840434,0.07894343534499747
2016-04-29,2016,238,0.0014584224093005548,0.01712458392546438,-0.0187997732198974,-0.015765621582173893,-0.03602381721137186,0.08751012536803797
2016-05-31,2016,228,-0.007649549802381886,-0.0027451563730501133,0.010394706175432011,0.03611735225868102,0.05416160823649492,0.10541719057218032
2016-06-30,2016,216,0.011581206295344558,-0.00901529588398541,-0.0025659104113591766,0.018774485241027004,0.0046273685343232685,0.09106130140827773
2016-07-29,2016,248,-0.0016446085359424793,0.008671254223304049,-0.007238139692808018,0.023649340803887926,0.01805580964702239,0.09882312555871929
2016-08-31,2016,238,-0.004789796189526905,-0.0060127090841748864,0.010878615515273615,0.01334815768995999,0.029016569394760508,0.09405332336032213
2016-09-30,2016,245,0.009709280596052321,-0.010214072794631504,0.0007569915268416777,0.043304812940990624,0.034352523871779984,0.09413036388935427
2016-11-30,2016,247,-0.014515568164009528,0.018504560205311726,-0.004214657409659645,-0.010483268013094422,-0.00018235725874453818,0.0639306112630853
2016-12-30,2016,232,0.019878203673288998,-0.0066542107603023435,-0.013137574591424308,0.03930949647336258,0.00629371820864927,0.08373443475688608
2017-01-31,2017,265,0.017345330650050773,-0.010158326357035586,-0.007071568766230724,0.03801669799144742,0.013599798575165913,0.11369081785984594
2017-02-28,2017,205,0.01641694780537543,-0.005415220315922752,-0.010922091896571434,0.030812058571102526,0.003473018869155655,0.10883812667248557
2017-03-31,2017,244,0.02500230397278223,-0.020220434537566376,-0.004532234440924935,0.0720250988036916,0.04249056038998443,0.09428988317807853
2017-04-28,2017,267,0.006246383745650789,0.0015697454654412754,-0.007816129211092083,-0.024372710884398293,-0.03843522384114116,0.08704545759421223
2017-05-31,2017,216,0.00835444881790811,-0.008972282440017723,0.0006178336221096028,0.023905896396403573,0.016169281200605057,0.07583549540457901
2017-06-30,2017,230,0.012978324448147624,-0.006348794904652589,-0.0064624559933725845,0.015540962830240876,-0.0038998176112793313,0.09085057905243141
2017-07-31,2017,199,0.035302598817414654,-0.006628387715084789,-0.028573780985434637,0.044524318422580374,-0.019352061380268907,0.08453418061802158
2017-08-31,2017,247,0.01530341986149141,-0.006776209327975076,-0.008444573834394677,0.0364814178436813,0.012733424147795219,0.09783536268963627
2017-09-29,2017,263,0.03224310055228356,-0.009520442926156772,-0.022503796869203674,0.07011134839021747,0.015364450968730238,0.12181643057619193
2017-10-31,2017,209,-0.0068429751833581865,0.0023580149667712983,0.004416611956680451,0.013285983215389704,0.02454557035542834,0.11106677765743352
2017-11-30,2017,228,0.004021773224291898,-1.010200362841934e-05,-0.004011671220663493,0.020964764899330794,0.012931320454375407,0.07648245333682095
2017-12-29,2017,273,-0.004124124103970018,-0.013150509647963063,0.01727463375193308,-0.034212008633851466,-0.012813250777948378,0.08626420755859933
2018-01-31,2018,264,0.0052240085604603635,0.003565965921856247,-0.008789974482316597,0.023693253293235825,0.009679270250458864,0.08559913238657488
2018-02-28,2018,258,-0.006484304361582749,0.006149657238013356,0.00033464712356940957,-0.008824619965192276,-0.002005668480040119,0.0771169436885896
2018-03-28,2018,248,0.02674181844554134,-0.006694650076471394,-0.01988388422086333,0.029459142871217387,-0.017166559795187282,0.09241020088087358
2018-04-30,2018,309,0.010725325666207527,0.0069976952058907445,-0.01772302087209825,-0.009410715398742948,-0.03785906193704872,0.08691416089022955
2018-05-31,2018,296,0.002877175863167423,-0.001486712596538513,-0.001360122193230154,-0.03504272492168461,-0.039280022978082196,0.09392131781393091
2018-06-29,2018,274,-0.006104694384935997,-0.004153841586844442,0.010304182582624909,-0.019600092843678245,-0.003191215876117341,0.08255825231023758
2018-07-31,2018,267,0.008214781500203766,0.00805539872843494,-0.01627018022863872,0.008282856173261343,-0.016202105555581145,0.09340392774107206
2018-08-31,2018,314,-0.003095932389800719,0.009652740004651304,-0.006742437230324602,-0.034544558409266186,-0.03819106324979006,0.0917706118764559
2018-09-28,2018,291,-0.012432159157091381,-0.008336582011374837,0.020768741168466238,0.0209615229081457,0.05416242323370333,0.1119528359439924
2018-10-31,2018,298,0.01777376619651051,-0.012487819016357853,-0.005159807594128845,0.005677403701147509,-0.017256170089491842,0.09162061506139971
2018-11-30,2018,303,-0.016205918902220572,-0.00211003130187364,0.018315950204094218,0.007918701313423974,0.04244057041973877,0.06464808780260356
2018-12-31,2018,263,0.005184437005630427,0.010526329083956818,-0.01595275066622994,-0.021500678626886892,-0.042637866298747266,0.07402165498473556
2019-01-31,2019,243,-0.012523320981159129,-0.0031672793067816546,0.01569060028794078,-0.01242705819186977,0.015786863077230144,0.08672847739029159
2019-02-28,2019,230,-0.03767012587526194,-0.020870109995382004,0.05908944929157502,-0.02719052382392571,0.06956905134291128,0.09509779192115896
2019-04-30,2019,316,-0.00511973476249472,-0.00081171353047258,0.005939178898019431,0.007589253145211195,0.01864816680572535,0.0940935342721191
2019-05-31,2019,313,0.016966826945787834,0.0018894105502448304,-0.018874404905169624,0.0029335756611947967,-0.032907656189762664,0.07477394657156532
2019-06-28,2019,334,0.015130271515919995,0.011447796479724567,-0.026681201297263712,-0.006483774306942263,-0.048295247120125985,0.08438983421311677
2019-07-31,2019,288,0.021074403708580366,-0.0015901262411273966,-0.019484277467452984,0.0256045876342008,-0.014954093541832544,0.1042613398432838
2019-08-30,2019,262,0.001644239942458208,0.0010460086489248303,-0.0027022716793017095,0.015294428377686126,0.010947916755926207,0.10921715073081194
2019-09-30,2019,276,-0.007233257019593817,-0.007351197670262989,0.014584454689856802,-0.00218026129336263,0.019637450416087977,0.09467837915053079
2019-10-31,2019,339,0.0023559574435516742,-0.014855956735002203,0.012499999291450539,-0.006293834913970704,0.0038502069339281645,0.09780125044894236
2019-11-29,2019,214,0.023332491378864735,0.0019951827291551046,-0.025355775273219215,0.005329839110374036,-0.04335842754170992,0.07748360778635585
2019-12-31,2019,346,-0.0019430730960763507,-0.011906760495253911,0.013953370639115056,0.05391335786917825,0.06980980160436966,0.09956086786421298
2020-01-31,2020,270,0.04520276731965408,0.002605141989182532,-0.04780790930883659,0.036431933780248456,-0.05657874284824219,0.1251467310526191
2020-02-28,2020,331,0.03760028119328595,0.006995802858925954,-0.04465968226002033,0.011919531436530293,-0.07034043201677599,0.13632720925580713
2020-03-31,2020,285,-0.00630662088717901,-0.029922255456312555,0.03622887634349157,0.038117731801671356,0.08065322903234193,0.16845826860548402
2020-04-30,2020,293,0.00019482147325732617,0.008902756659332814,-0.009281140125566086,0.02325967824793215,0.013783716649108737,0.10853099783131473
2020-05-29,2020,314,-0.08109791996668221,-0.040312526975433,0.122185687845489,-0.00892767998105075,0.1943559278311205,0.18055481095717896
2020-06-30,2020,219,0.01675255408931691,-0.005653927858687369,-0.011098626230629564,-0.040139115822550454,-0.06799029614249694,0.11453682131297213
2020-07-31,2020,393,-0.03406476727213187,-0.029360479353210102,0.06342524662534199,0.037854361692538634,0.1353443755900125,0.12535032639638186
2020-08-31,2020,267,0.021593670334398216,0.0022667416103993184,-0.023860411944797533,0.004368703884440246,-0.0410853783947555,0.09272858264599991
2020-09-30,2020,311,-0.01851648231444702,0.004924465050139205,0.013496396583722588,-0.047072195902504846,-0.015059317004335224,0.08974043334580276
2020-10-30,2020,344,-0.046308002205222284,-0.0020735050436392964,0.04841788453032899,-0.02657236739086603,0.06815351934468523,0.11568953237313662
2020-11-27,2020,300,-0.017964227443424633,0.0022391191688497323,0.01572510827457493,-0.00647098950597158,0.02721834621202799,0.1098328804127153
2020-12-31,2020,355,-0.005788616478081586,0.0053748508789797375,0.0003682160153816868,0.006517768317122278,0.012674600810585556,0.08792864981113349
2021-01-29,2021,340,-0.017786218097727628,-0.007879480071842627,0.02573542808171054,0.02688405727925869,0.07040570345869684,0.1561360341161392
2021-02-26,2021,270,0.01644693490223625,0.0024457885188318455,-0.0188927234210681,-0.0006833271634899083,-0.03602298548679426,0.10218694125596747
2021-03-31,2021,390,0.02565171310353179,-0.0026988967089221984,-0.022952816394609603,0.06157934478687676,0.01297481528873535,0.12952898761439335
2021-04-30,2021,300,-0.0014330342386850948,0.0005865585687971072,0.0008464756698880215,0.02902276910897061,0.03130227901754371,0.1244811824421369
2021-05-31,2021,355,0.005224392175970315,0.0006682498481585647,-0.005898305158435276,0.04205337572771324,0.030930678393307657,0.11794306265713288
2021-06-30,2021,363,0.018281370152561028,-0.004884516854733536,-0.013396853297827485,0.042520731808467306,0.0108425083580788,0.11136955360102191
2021-07-30,2021,320,0.005331663457147473,0.0022020026514588185,-0.007575213328445135,-0.061035670869419835,-0.07394254765501244,0.10027850025238956
2021-08-31,2021,379,-0.0023705854744834076,0.002402274052923228,-5.075424552652093e-05,0.008649475462374294,0.01096930669133118,0.09110430672952331
2021-09-30,2021,357,0.007208389537728211,0.004333010048816307,-0.011541399586544519,0.004916606160588697,-0.013833182963684026,0.08727920008892429
2021-10-29,2021,355,0.013722554226522883,0.003542774281665383,-0.01729535201904987,0.017699141091513357,-0.013318765154059402,0.09795293546993726
2021-11-30,2021,285,0.008468231587975248,-0.004688523959418261,-0.003779707628556972,0.018141372966844548,0.005893433750312327,0.08124880380161409
2021-12-31,2021,351,-0.0047409260089006046,0.014762733422001757,-0.01002180741310116,-0.0008015316861981441,-0.006082413090398701,0.10643244453808752
2022-01-31,2022,296,0.011835363931492135,0.000330108639752784,-0.012172209482260284,-0.020375485421387233,-0.044383058835139655,0.08573033249081606
2022-02-28,2022,331,0.04013349512179165,0.001997904686786417,-0.042149562578457915,0.04234053938640032,-0.03994251831384925,0.10940378234226847
2022-03-31,2022,313,-0.03709007279673008,0.01565222655303714,0.021287344065298357,-0.00502572710263321,0.05335168975939522,0.1349475884303409
2022-04-29,2022,340,-0.0028377548626365478,0.008281863933287276,-0.005517399901918789,-0.0260643745741292,-0.028744019613411442,0.0929193969152261
2022-05-31,2022,386,0.006097517248887522,-0.0030075156418651375,-0.0030430091751182213,0.006539436740505087,-0.00260108968350065,0.06847550337627632
2022-06-30,2022,379,-0.0021348889497968494,0.006325221957411059,-0.004240533181879379,0.0017037104750270242,-0.0004019337570555072,0.0830189827162053
2022-07-29,2022,315,0.00032841230925416317,-0.006328465205175445,0.006000052895921278,0.02759642266768851,0.03326806325435562,0.09632465634651619
2022-08-30,2022,363,0.012056172873557498,-0.0040188653041137576,-0.008037307569443724,0.03247321122530169,0.012379730782300464,0.09064768019343054
2022-09-30,2022,356,0.005604530281306224,0.00511120881749287,-0.010802369756722701,-0.01301145336966822,-0.02941835340769714,0.08857447955383191
2022-10-31,2022,325,-0.014314045802321238,0.014459015895392351,-0.000278849869880328,0.005702685435651415,0.01973788136809232,0.11480981259440633
2022-11-30,2022,331,-0.00020273894463954502,0.005223927217963802,-0.005068678520760296,0.01156529045977877,0.006699350883658016,0.07769331160313628
2022-12-30,2022,340,-0.010514689827383647,0.01075207644003205,-0.0003325377315867386,-0.007976466704391082,0.0022056853914058255,0.0689186344204942
2023-01-31,2023,360,0.0018829831674403838,0.0020379194046877738,-0.003920902572128146,-0.0026041599628352664,-0.008408045702403796,0.08979108956335329
2023-02-28,2023,305,0.0356279886955583,0.004002709877897415,-0.03970996015519622,0.02304796817031565,-0.05228998068043887,0.0760533063573148
2023-03-31,2023,375,0.0035518702094002553,-0.019622518537595567,0.016070648328195304,0.04089734136074904,0.05341611947954408,0.12781147481114724
2023-04-28,2023,370,0.002785013500251026,0.0005573335616819414,-0.0033468782291011063,0.009815589388901808,0.003683697659549674,0.08588157391123273
2023-05-31,2023,348,0.0024818038926168852,-0.0019918988664302,-0.0004899050261867041,0.025765437915317227,0.02279372899651363,0.07460948677398505
2023-06-30,2023,343,0.019808275156176013,-0.010076018338731002,-0.00964387069166666,0.054637341689248664,0.02518519584140599,0.08817225937953274
2023-07-31,2023,317,0.024044547332812985,-0.017073033354167426,-0.006646313343328078,0.06324318252513057,0.032552321848989506,0.08873389300991354
2023-08-31,2023,350,0.016673765498765803,-0.01284016483965391,-0.0036122185067040844,0.037483210829601536,0.017197226824131637,0.11124954774483237
2023-09-29,2023,282,0.0038285517367873264,0.008359535145807496,-0.012188086882594807,0.014025364393324436,-0.0019912742260577046,0.08549609268545821
2023-10-31,2023,287,0.018512673008482403,0.015062926319499365,-0.03389271356628702,0.03358394280218502,-0.0188214437725844,0.10850434458060751
2023-11-30,2023,277,-0.015900745965307238,0.00588338476127369,0.009953411369671858,-0.010880960755624645,0.014973196579354456,0.10769316778000006
2023-12-29,2023,310,0.051588958516956294,-0.004693227129492162,-0.04685016607552734,0.09961454117675478,0.0011754165842711409,0.13679446719007968
2024-01-31,2024,305,0.0048471349956655755,0.013487202649355734,-0.01860141096481053,0.004434752982661684,-0.019013792977814425,0.10258953962452061
2024-02-29,2024,399,0.005052946323724706,0.0080054467128049,-0.013058393036529599,-0.007718131628711049,-0.025829470988965354,0.0810474098775321
2024-03-28,2024,355,0.010085519117779102,-0.0196978793773951,0.009779291440780321,0.06834690771722979,0.06804068004023102,0.10591526534394008
2024-04-30,2024,341,0.009227129349224086,-0.004834700208625679,-0.00430685922540148,0.01327938915614892,-0.00025459941847664406,0.11614909067098035
2024-05-31,2024,304,-0.0161463003582583,0.0030486773175360895,0.013067438116786224,0.007802211658833571,0.03701595013387811,0.11269788079133677
2024-06-28,2024,346,0.006692671245915886,-0.0033458450648999115,-0.003317731876103798,0.014505144468146722,0.004494741346127038,0.08911378517454865
2024-07-31,2024,280,0.004812160179320256,-0.005084992242424948,0.00032750939904473483,0.00888594256533383,0.004401291785058306,0.09249428808016734
2024-08-30,2024,316,-0.006045912218054285,-0.0015590735006625308,0.007619834037770755,-0.023082553276796425,-0.009416807020971384,0.09003804202389863
2024-09-30,2024,392,0.004641844450724777,0.004002013166219152,-0.008705427050270387,-0.009933909567527753,-0.023281181068522918,0.08408487333437364
2024-10-31,2024,301,0.011130644008304925,0.003202822682467174,-0.014365494917596776,0.008221993000437123,-0.017274145925464578,0.07555752563126462
2024-11-29,2024,355,0.0021913808652669173,-0.002259922458001251,8.769347797163582e-05,0.0034786361804144913,0.0013749487931192079,0.0925133100095969
2024-12-31,2024,319,-0.04426602652697232,0.021656543943606908,0.022405175565029516,-0.07180699681986456,-0.005135794727862727,0.08758366757879331
2025-01-31,2025,322,0.01874840869720597,0.009467678868754865,-0.028304570546042636,-0.007301143346914648,-0.054354122590163235,0.08516913225471559
2025-02-28,2025,329,0.015557572664797598,-0.013612106416726591,-0.001695702827580595,0.03585111341555344,0.018597837923175257,0.08430906881604369
2025-03-28,2025,306,-0.017254193143706863,-0.0036752969001517645,0.020929490043858617,-0.02553955479719381,0.012644128390371672,0.08661622603680243
2025-04-30,2025,357,-0.02699350226839638,8.072401233439125e-05,0.026912778256061993,0.01624385303162365,0.07015013355608202,0.11364374866849998
2025-05-30,2025,358,0.005177284763703145,0.004981127025689988,-0.010200269999693042,0.002889548082818015,-0.012488006680578175,0.06752851297626239
2025-06-30,2025,332,-0.0014527926741864279,-0.00021092025896163474,0.0016675478469473585,0.007943274116309799,0.011063614637443583,0.06718334647260696
2025-07-31,2025,372,-0.00334163869410309,-0.00029935452062528035,0.003640993214728379,-0.010372359811241292,-0.0033897279024098165,0.07164343094369582
2025-08-29,2025,343,-0.001790830923706153,0.0022577331486192116,-0.00048670690165531654,-0.000271320330411394,0.0010328036916394457,0.06946408215098504
2025-09-30,2025,288,0.007330457357187722,-0.006015957620387127,-0.0013144997368005826,0.005407242589176925,-0.0032377145048113807,0.0944076003434171
2025-10-31,2025,355,0.02047384354581688,-0.00208013565838292,-0.01837607961914257,-0.006890634231527295,-0.04574055739648675,0.08618160984836229
2025-11-28,2025,392,0.011096313427148813,-0.005351652027290222,-0.005662328291746438,0.014207828040557884,-0.0025508136783373688,0.06646503651954593
2025-12-31,2025,322,0.03606809768585466,0.0033953349772552284,-0.03949516476570107,0.027481132175154143,-0.04808213027640159,0.09603813921031289
2026-01-30,2026,303,0.006066484404604683,0.008448569304898684,-0.01451505370950337,0.00979020583001485,-0.010791332284093206,0.1005603984827744
2026-02-27,2026,391,-0.0012416902597557292,0.007536434682953519,-0.006352716997682019,0.0029311432274854495,-0.0021798835104408403,0.08192278212858328
2026-03-30,2026,307,-0.034213615862619,-0.0031660496978154345,0.03741070526335416,0.023195805323575864,0.09482012644954901,0.13952355665949887
2026-04-30,2026,341,0.01972210795101132,-0.013854778606182833,-0.0056221120243650745,0.02090527622155613,-0.004438943753820269,0.09053958424834121
2026-05-29,2026,316,-0.011036135756935982,0.010660484672338327,0.00027412265914679966,-0.014262280958504443,-0.0029520225424216552,0.07467903280323508
2026-06-30,2026,350,-0.00029577895598654726,-0.0016890733203454968,0.002013974230131092,-0.0012217743258731936,0.0010879788602444456,0.08334377452837032
2026-07-31,2026,416,0.009567740722325132,-0.003305007265761895,-0.006214834800537711,0.0201533557265765,0.004370780203713659,0.09385735199456859
