date,NIFTY HOUSING FINANCE
2018-04-02,1000.0
2018-04-03,1014.59
2018-04-04,1002.67
2018-04-05,1029.85
2018-04-06,1033.44
2018-04-09,1030.84
2018-04-10,1029.78
2018-04-11,1027.08
2018-04-12,1026.17
2018-04-13,1037.22
2018-04-16,1057.8
2018-04-17,1063.33
2018-04-18,1061.68
2018-04-19,1059.26
2018-04-20,1049.88
2018-04-23,1049.16
2018-04-24,1052.98
2018-04-25,1055.58
2018-04-26,1057.5
2018-04-27,1061.75
2018-04-30,1068.52
2018-05-02,1065.74
2018-05-03,1045.49
2018-05-04,1042.83
2018-05-07,1039.77
2018-05-08,1034.88
2018-05-09,1033.76
2018-05-10,1022.02
2018-05-11,1029.55
2018-05-14,1024.17
2018-05-15,1019.4
2018-05-16,1010.29
2018-05-17,1003.03
2018-05-18,988.16
2018-05-21,970.58
2018-05-22,969.88
2018-05-23,962.99
2018-05-24,963.71
2018-05-25,987.51
2018-05-28,1014.22
2018-05-29,1003.7
2018-05-30,1000.24
2018-05-31,1005.18
2018-06-01,1000.53
2018-06-04,983.2
2018-06-05,974.65
2018-06-06,993.96
2018-06-07,1005.94
2018-06-08,1004.99
2018-06-11,998.23
2018-06-12,1002.42
2018-06-13,996.94
2018-06-14,988.3
2018-06-15,984.37
2018-06-18,983.22
2018-06-19,969.7
2018-06-20,977.76
2018-06-21,981.32
2018-06-22,990.62
2018-06-25,993.54
2018-06-26,990.64
2018-06-27,985.22
2018-06-28,966.87
2018-06-29,967.42
2018-07-02,958.58
2018-07-03,965.16
2018-07-04,975.25
2018-07-05,983.09
2018-07-06,989.76
2018-07-09,990.28
2018-07-10,997.11
2018-07-11,997.22
2018-07-12,1004.03
2018-07-13,993.74
2018-07-16,979.61
2018-07-17,1004.37
2018-07-18,1016.87
2018-07-19,1015.24
2018-07-20,1014.7
2018-07-23,1021.02
2018-07-24,1040.14
2018-07-25,1046.99
2018-07-26,1050.22
2018-07-27,1060.38
2018-07-30,1056.8
2018-07-31,1037.78
2018-08-01,1028.59
2018-08-02,1031.23
2018-08-03,1061.45
2018-08-06,1066.97
2018-08-07,1066.23
2018-08-08,1064.34
2018-08-09,1062.18
2018-08-10,1049.69
2018-08-13,1034.7
2018-08-14,1045.1
2018-08-16,1030.44
2018-08-17,1041.8
2018-08-20,1053.55
2018-08-21,1059.25
2018-08-23,1055.87
2018-08-24,1053.53
2018-08-27,1045.15
2018-08-28,1047.34
2018-08-29,1049.18
2018-08-30,1043.68
2018-08-31,1039.6
2018-09-03,1039.83
2018-09-04,1019.75
2018-09-05,1013.79
2018-09-06,1018.96
2018-09-07,1013.81
2018-09-10,986.92
2018-09-11,969.64
2018-09-12,975.87
2018-09-14,1000.23
2018-09-17,987.45
2018-09-18,969.94
2018-09-19,963.55
2018-09-21,882.88
2018-09-24,841.13
2018-09-25,815.19
2018-09-26,820.13
2018-09-27,786.72
2018-09-28,773.16
2018-10-01,798.4
2018-10-03,793.13
2018-10-04,784.52
2018-10-05,754.97
2018-10-08,741.22
2018-10-09,751.29
2018-10-10,784.26
2018-10-11,752.4
2018-10-12,781.06
2018-10-15,790.22
2018-10-16,778.66
2018-10-17,738.72
2018-10-19,679.29
2018-10-22,681.39
2018-10-23,683.38
2018-10-24,700.65
2018-10-25,689.2
2018-10-26,684.52
2018-10-29,704.88
2018-10-30,706.3
2018-10-31,745.79
2018-11-01,758.82
2018-11-02,776.78
2018-11-05,760.98
2018-11-06,767.81
2018-11-07,771.41
2018-11-09,783.21
2018-11-12,782.07
2018-11-13,784.85
2018-11-14,794.5
2018-11-15,796.63
2018-11-16,783.56
2018-11-19,776.6
2018-11-20,767.54
2018-11-21,770.52
2018-11-22,758.39
2018-11-26,757.28
2018-11-27,763.73
2018-11-28,759.52
2018-11-29,762.96
2018-11-30,773.59
2018-12-03,780.02
2018-12-04,779.2
2018-12-05,769.51
2018-12-06,755.21
2018-12-07,753.75
2018-12-10,726.14
2018-12-11,737.3
2018-12-12,765.96
2018-12-13,781.72
2018-12-14,785.1
2018-12-17,788.93
2018-12-18,784.67
2018-12-19,814.31
2018-12-20,824.89
2018-12-21,814.47
2018-12-24,803.72
2018-12-26,811.39
2018-12-27,812.21
2018-12-28,820.68
2018-12-31,824.64
2019-01-01,827.33
2019-01-02,817.47
2019-01-03,805.66
2019-01-04,816.56
2019-01-07,800.67
2019-01-08,783.68
2019-01-09,775.15
2019-01-10,777.94
2019-01-11,779.77
2019-01-14,765.97
2019-01-15,777.21
2019-01-16,778.67
2019-01-17,781.25
2019-01-18,770.66
2019-01-21,762.24
2019-01-22,756.14
2019-01-23,751.22
2019-01-24,750.38
2019-01-25,738.62
2019-01-28,715.9
2019-01-29,711.3
2019-01-30,695.84
2019-01-31,692.96
2019-02-01,700.61
2019-02-04,692.05
2019-02-05,696.29
2019-02-06,703.77
2019-02-07,712.65
2019-02-08,697.76
2019-02-11,687.29
2019-02-12,684.14
2019-02-13,688.85
2019-02-14,700.16
2019-02-15,684.88
2019-02-18,681.38
2019-02-19,679.39
2019-02-20,689.42
2019-02-21,713.52
2019-02-22,717.09
2019-02-25,714.94
2019-02-26,702.75
2019-02-27,703.21
2019-02-28,703.6
2019-03-01,713.92
2019-03-05,739.65
2019-03-06,749.06
2019-03-07,739.74
2019-03-08,742.22
2019-03-11,754.33
2019-03-12,757.99
2019-03-13,755.88
2019-03-14,761.27
2019-03-15,761.77
2019-03-18,757.72
2019-03-19,759.03
2019-03-20,766.61
2019-03-22,766.01
2019-03-25,752.88
2019-03-26,762.91
2019-03-27,770.53
2019-03-28,790.94
2019-03-29,808.47
2019-04-01,816.82
2019-04-02,817.11
2019-04-03,823.39
2019-04-04,829.65
2019-04-05,843.08
2019-04-08,831.23
2019-04-09,825.95
2019-04-10,810.42
2019-04-11,813.7
2019-04-12,810.26
2019-04-15,805.56
2019-04-16,802.19
2019-04-18,783.68
2019-04-22,750.94
2019-04-23,749.37
2019-04-24,757.55
2019-04-25,751.91
2019-04-26,757.12
2019-04-30,736.38
2019-05-02,734.89
2019-05-03,743.44
2019-05-06,733.01
2019-05-07,724.18
2019-05-08,720.04
2019-05-09,719.41
2019-05-10,732.7
2019-05-13,715.89
2019-05-14,736.54
2019-05-15,726.89
2019-05-16,734.66
2019-05-17,745.34
2019-05-20,803.16
2019-05-21,799.84
2019-05-22,793.81
2019-05-23,793.3
2019-05-24,807.83
2019-05-27,813.4
2019-05-28,808.56
2019-05-29,808.25
2019-05-30,808.04
2019-05-31,808.64
2019-06-03,817.46
2019-06-04,817.92
2019-06-06,785.93
2019-06-07,783.49
2019-06-10,781.23
2019-06-11,768.66
2019-06-12,758.46
2019-06-13,769.88
2019-06-14,759.34
2019-06-17,746.1
2019-06-18,739.62
2019-06-19,726.3
2019-06-20,744.62
2019-06-21,741.72
2019-06-24,746.87
2019-06-25,750.04
2019-06-26,751.68
2019-06-27,760.24
2019-06-28,750.75
2019-07-01,761.01
2019-07-02,770.31
2019-07-03,785.95
2019-07-04,789.63
2019-07-05,792.99
2019-07-08,778.89
2019-07-09,779.43
2019-07-10,762.9
2019-07-11,770.98
2019-07-12,766.41
2019-07-15,750.06
2019-07-16,758.84
2019-07-17,766.46
2019-07-18,763.53
2019-07-19,748.01
2019-07-22,734.17
2019-07-23,737.63
2019-07-24,725.82
2019-07-25,726.8
2019-07-26,729.03
2019-07-29,707.22
2019-07-30,696.61
2019-07-31,702.35
2019-08-01,690.15
2019-08-02,682.47
2019-08-05,675.55
2019-08-06,692.4
2019-08-07,674.43
2019-08-08,673.66
2019-08-09,697.18
2019-08-13,695.96
2019-08-14,694.39
2019-08-16,692.89
2019-08-19,693.93
2019-08-20,677.78
2019-08-21,658.65
2019-08-22,627.09
2019-08-23,633.11
2019-08-26,654.55
2019-08-27,658.6
2019-08-28,653.04
2019-08-29,641.72
2019-08-30,650.45
2019-09-03,637.67
2019-09-04,640.84
2019-09-05,629.49
2019-09-06,626.37
2019-09-09,630.25
2019-09-11,632.55
2019-09-12,639.83
2019-09-13,634.33
2019-09-16,633.47
2019-09-17,619.9
2019-09-18,611.26
2019-09-19,597.37
2019-09-20,632.23
2019-09-23,648.73
2019-09-24,644.28
2019-09-25,630.41
2019-09-26,625.84
2019-09-27,612.26
2019-09-30,555.82
2019-10-01,556.95
2019-10-03,555.52
2019-10-04,547.76
2019-10-07,536.74
2019-10-09,543.51
2019-10-10,524.28
2019-10-11,525.66
2019-10-14,516.85
2019-10-15,510.87
2019-10-16,506.38
2019-10-17,523.32
2019-10-18,544.7
2019-10-22,535.84
2019-10-23,529.89
2019-10-24,524.04
2019-10-25,524.62
2019-10-27,531.41
2019-10-29,545.85
2019-10-30,543.8
2019-10-31,549.66
2019-11-01,560.52
2019-11-04,565.37
2019-11-05,563.78
2019-11-06,564.9
2019-11-07,581.65
2019-11-08,580.58
2019-11-11,577.28
2019-11-13,558.74
2019-11-14,558.16
2019-11-15,555.57
2019-11-18,557.77
2019-11-19,565.94
2019-11-20,563.59
2019-11-21,568.65
2019-11-22,575.06
2019-11-25,591.96
2019-11-26,592.64
2019-11-27,598.59
2019-11-28,626.75
2019-11-29,609.92
2019-12-02,611.56
2019-12-03,600.72
2019-12-04,605.98
2019-12-05,604.53
2019-12-06,584.87
2019-12-09,582.31
2019-12-10,579.41
2019-12-11,587.44
2019-12-12,595.42
2019-12-13,607.02
2019-12-16,607.61
2019-12-17,614.41
2019-12-18,611.06
2019-12-19,600.93
2019-12-20,600.5
2019-12-23,600.49
2019-12-24,600.85
2019-12-26,597.58
2019-12-27,604.54
2019-12-30,609.79
2019-12-31,612.22
2020-01-01,613.49
2020-01-02,635.28
2020-01-03,633.02
2020-01-06,604.44
2020-01-07,610.16
2020-01-08,608.56
2020-01-09,624.48
2020-01-10,622.38
2020-01-13,626.36
2020-01-14,624.7
2020-01-15,627.17
2020-01-16,634.39
2020-01-17,631.42
2020-01-20,626.78
2020-01-21,649.79
2020-01-22,643.96
2020-01-23,653.73
2020-01-24,645.07
2020-01-27,635.08
2020-01-28,637.28
2020-01-29,638.4
2020-01-30,627.77
2020-01-31,627.39
2020-02-01,592.09
2020-02-03,582.77
2020-02-04,594.76
2020-02-05,599.71
2020-02-06,634.22
2020-02-07,628.94
2020-02-10,621.06
2020-02-11,636.73
2020-02-12,633.8
2020-02-13,623.78
2020-02-14,619.59
2020-02-17,601.21
2020-02-18,591.99
2020-02-19,600.12
2020-02-20,613.96
2020-02-24,599.26
2020-02-25,595.22
2020-02-26,591.32
2020-02-27,584.33
2020-02-28,554.47
2020-03-02,554.14
2020-03-03,559.99
2020-03-04,551.22
2020-03-05,553.8
2020-03-06,524.22
2020-03-09,484.6
2020-03-11,476.93
2020-03-12,429.51
2020-03-13,446.44
2020-03-16,416.2
2020-03-17,408.63
2020-03-18,367.39
2020-03-19,335.58
2020-03-20,344.18
2020-03-23,301.1
2020-03-24,291.21
2020-03-25,303.34
2020-03-26,319.53
2020-03-27,325.33
2020-03-30,311.58
2020-03-31,321.19
2020-04-01,318.98
2020-04-03,304.01
2020-04-07,310.28
2020-04-08,312.98
2020-04-09,333.62
2020-04-13,322.59
2020-04-15,323.69
2020-04-16,338.23
2020-04-17,361.57
2020-04-20,368.61
2020-04-21,353.24
2020-04-22,350.23
2020-04-23,361.08
2020-04-24,341.71
2020-04-27,339.38
2020-04-28,355.9
2020-04-29,371.5
2020-04-30,377.83
2020-05-04,348.85
2020-05-05,341.52
2020-05-06,347.16
2020-05-07,347.91
2020-05-08,345.51
2020-05-11,343.72
2020-05-12,337.51
2020-05-13,352.51
2020-05-14,341.76
2020-05-15,339.01
2020-05-18,314.64
2020-05-19,319.8
2020-05-20,331.68
2020-05-21,330.4
2020-05-22,320.07
2020-05-26,315.44
2020-05-27,323.4
2020-05-28,327.32
2020-05-29,327.75
2020-06-01,342.9
2020-06-02,350.73
2020-06-03,356.31
2020-06-04,350.47
2020-06-05,361.59
2020-06-08,374.75
2020-06-09,374.12
2020-06-10,383.02
2020-06-11,377.45
2020-06-12,382.38
2020-06-15,375.71
2020-06-16,384.5
2020-06-17,388.92
2020-06-18,395.56
2020-06-19,421.43
2020-06-22,435.11
2020-06-23,434.12
2020-06-24,415.38
2020-06-25,425.72
2020-06-26,423.17
2020-06-29,413.65
2020-06-30,407.12
2020-07-01,421.26
2020-07-02,429.08
2020-07-03,429.11
2020-07-06,433.71
2020-07-07,436.07
2020-07-08,433.5
2020-07-09,437.52
2020-07-10,431.52
2020-07-13,428.76
2020-07-14,412.7
2020-07-15,411.14
2020-07-16,412.6
2020-07-17,416.2
2020-07-20,419.81
2020-07-21,425.11
2020-07-22,423.38
2020-07-23,431.05
2020-07-24,431.93
2020-07-27,424.74
2020-07-28,426.44
2020-07-29,425.37
2020-07-30,411.71
2020-07-31,409.55
2020-08-03,406.1
2020-08-04,408.6
2020-08-05,407.6
2020-08-06,410.03
2020-08-07,410.44
2020-08-10,422.08
2020-08-11,428.42
2020-08-12,428.74
2020-08-13,426.2
2020-08-14,421.48
2020-08-17,421.49
2020-08-18,426.97
2020-08-19,431.34
2020-08-20,429.25
2020-08-21,433.11
2020-08-24,435.76
2020-08-25,449.89
2020-08-26,457.99
2020-08-27,462.25
2020-08-28,470.01
2020-08-31,445.7
2020-09-01,450.24
2020-09-02,446.39
2020-09-03,444.91
2020-09-04,436.1
2020-09-07,437.93
2020-09-08,440.36
2020-09-09,433.99
2020-09-10,438.25
2020-09-11,440.22
2020-09-14,446.93
2020-09-15,449.48
2020-09-16,454.4
2020-09-17,447.52
2020-09-18,442.16
2020-09-21,422.02
2020-09-22,418.45
2020-09-23,416.9
2020-09-24,399.84
2020-09-25,412.28
2020-09-28,425.95
2020-09-29,425.35
2020-09-30,429.12
2020-10-01,431.88
2020-10-05,429.73
2020-10-06,444.11
2020-10-07,442.19
2020-10-08,445.64
2020-10-09,462.19
2020-10-12,460.84
2020-10-13,451.15
2020-10-14,456.37
2020-10-15,444.72
2020-10-16,452.14
2020-10-19,459.91
2020-10-20,459.88
2020-10-21,463.44
2020-10-22,462.35
2020-10-23,463.87
2020-10-26,459.33
2020-10-27,457.54
2020-10-28,448.38
2020-10-29,443.35
2020-10-30,440.07
2020-11-02,452.18
2020-11-03,461.53
2020-11-04,455.94
2020-11-05,461.74
2020-11-06,468.25
2020-11-09,472.38
2020-11-10,491.27
2020-11-11,493.21
2020-11-12,498.18
2020-11-13,502.6
2020-11-14,507.57
2020-11-17,507.12
2020-11-18,513.48
2020-11-19,504.26
2020-11-20,505.35
2020-11-23,503.33
2020-11-24,508.1
2020-11-25,506.43
2020-11-26,511.63
2020-11-27,517.79
2020-12-01,528.24
2020-12-02,527.67
2020-12-03,536.88
2020-12-04,533.22
2020-12-07,543.94
2020-12-08,541.75
2020-12-09,543.46
2020-12-10,533.23
2020-12-11,539.71
2020-12-14,542.98
2020-12-15,545.8
2020-12-16,557.76
2020-12-17,561.17
2020-12-18,556.91
2020-12-21,528.85
2020-12-22,525.61
2020-12-23,545.4
2020-12-24,551.39
2020-12-28,560.47
2020-12-29,562.02
2020-12-30,559.93
2020-12-31,567.15
2021-01-01,575.81
2021-01-04,584.6
2021-01-05,597.36
2021-01-06,594.3
2021-01-07,613.18
2021-01-08,622.0
2021-01-11,619.81
2021-01-12,623.76
2021-01-13,620.7
2021-01-14,615.5
2021-01-15,608.85
2021-01-18,591.61
2021-01-19,611.59
2021-01-20,615.27
2021-01-21,605.79
2021-01-22,589.15
2021-01-25,575.31
2021-01-27,565.51
2021-01-28,558.39
2021-01-29,553.52
2021-02-01,588.08
2021-02-02,603.98
2021-02-03,609.31
2021-02-04,617.57
2021-02-05,607.65
2021-02-08,616.13
2021-02-09,625.38
2021-02-10,636.3
2021-02-11,635.32
2021-02-12,642.92
2021-02-15,645.65
2021-02-16,650.2
2021-02-17,651.3
2021-02-18,662.48
2021-02-19,653.51
2021-02-22,630.29
2021-02-23,624.97
2021-02-24,637.17
2021-02-25,646.05
2021-02-26,625.35
2021-03-01,631.06
2021-03-02,634.72
2021-03-03,658.89
2021-03-04,655.54
2021-03-05,638.14
2021-03-08,633.87
2021-03-09,636.46
2021-03-10,643.99
2021-03-12,644.93
2021-03-15,629.98
2021-03-16,634.08
2021-03-17,622.4
2021-03-18,616.99
2021-03-19,625.07
2021-03-22,633.07
2021-03-23,636.55
2021-03-24,622.52
2021-03-25,611.27
2021-03-26,618.64
2021-03-30,630.07
2021-03-31,630.34
2021-04-01,639.44
2021-04-05,615.1
2021-04-06,617.25
2021-04-07,617.2
2021-04-08,617.78
2021-04-09,612.99
2021-04-12,566.68
2021-04-13,583.87
2021-04-15,581.0
2021-04-16,585.77
2021-04-19,567.21
2021-04-20,568.86
2021-04-22,577.68
2021-04-23,585.67
2021-04-26,594.84
2021-04-27,601.87
2021-04-28,614.55
2021-04-29,607.7
2021-04-30,598.57
2021-05-03,593.29
2021-05-04,586.58
2021-05-05,589.37
2021-05-06,586.81
2021-05-07,595.22
2021-05-10,601.85
2021-05-11,600.52
2021-05-12,603.88
2021-05-14,600.91
2021-05-17,608.69
2021-05-18,618.44
2021-05-19,616.14
2021-05-20,624.69
2021-05-21,635.73
2021-05-24,643.94
2021-05-25,635.43
2021-05-26,645.78
2021-05-27,644.74
2021-05-28,645.34
2021-05-31,661.22
2021-06-01,674.48
2021-06-02,685.98
2021-06-03,698.89
2021-06-04,742.65
2021-06-07,733.97
2021-06-08,730.57
2021-06-09,723.71
2021-06-10,749.16
2021-06-11,752.09
2021-06-14,755.48
2021-06-15,755.34
2021-06-16,738.1
2021-06-17,727.2
2021-06-18,718.37
2021-06-21,717.85
2021-06-22,722.79
2021-06-23,708.36
2021-06-24,701.39
2021-06-25,712.81
2021-06-28,718.72
2021-06-29,719.3
2021-06-30,716.9
2021-07-01,713.45
2021-07-02,712.72
2021-07-05,723.05
2021-07-06,723.98
2021-07-07,731.41
2021-07-08,728.64
2021-07-09,732.07
2021-07-12,734.82
2021-07-13,745.09
2021-07-14,743.5
2021-07-15,737.88
2021-07-16,740.9
2021-07-19,730.42
2021-07-20,717.71
2021-07-22,726.0
2021-07-23,722.55
2021-07-26,719.93
2021-07-27,709.57
2021-07-28,702.63
2021-07-29,699.51
2021-07-30,692.23
2021-08-02,698.36
2021-08-03,701.85
2021-08-04,712.65
2021-08-05,712.41
2021-08-06,707.37
2021-08-09,701.33
2021-08-10,689.78
2021-08-11,686.59
2021-08-12,692.64
2021-08-13,691.0
2021-08-16,692.45
2021-08-17,690.02
2021-08-18,675.02
2021-08-20,655.8
2021-08-23,646.75
2021-08-24,653.44
2021-08-25,657.44
2021-08-26,654.86
2021-08-27,660.61
2021-08-30,676.96
2021-08-31,677.15
2021-09-01,684.19
2021-09-02,686.69
2021-09-03,680.57
2021-09-06,682.35
2021-09-07,692.51
2021-09-08,695.65
2021-09-09,692.64
2021-09-13,699.21
2021-09-14,700.66
2021-09-15,701.95
2021-09-16,704.57
2021-09-17,696.25
2021-09-20,674.59
2021-09-21,678.24
2021-09-22,691.77
2021-09-23,716.91
2021-09-24,709.0
2021-09-27,713.93
2021-09-28,709.3
2021-09-29,705.48
2021-09-30,705.85
2021-10-01,703.89
2021-10-04,720.57
2021-10-05,723.32
2021-10-06,715.57
2021-10-07,723.17
2021-10-08,724.44
2021-10-11,730.56
2021-10-12,734.44
2021-10-13,735.64
2021-10-14,738.54
2021-10-18,746.89
2021-10-19,736.92
2021-10-20,720.04
2021-10-21,729.06
2021-10-22,703.96
2021-10-25,699.84
2021-10-26,708.94
2021-10-27,704.18
2021-10-28,689.98
2021-10-29,691.24
2021-11-01,699.82
2021-11-02,711.78
2021-11-03,708.22
2021-11-04,710.43
2021-11-08,719.1
2021-11-09,721.49
2021-11-10,722.95
2021-11-11,711.62
2021-11-12,720.21
2021-11-15,718.79
2021-11-16,707.6
2021-11-17,702.47
2021-11-18,697.15
2021-11-22,682.19
2021-11-23,692.96
2021-11-24,690.07
2021-11-25,697.88
2021-11-26,686.27
2021-11-29,685.16
2021-11-30,684.06
2021-12-01,700.26
2021-12-02,709.61
2021-12-03,705.89
2021-12-06,687.77
2021-12-07,690.89
2021-12-08,698.72
2021-12-09,703.75
2021-12-10,707.02
2021-12-13,704.4
2021-12-14,701.68
2021-12-15,698.45
2021-12-16,685.63
2021-12-17,657.69
2021-12-20,629.22
2021-12-21,636.34
2021-12-22,642.7
2021-12-23,647.36
2021-12-24,637.76
2021-12-27,641.98
2021-12-28,647.1
2021-12-29,644.66
2021-12-30,642.93
2021-12-31,651.69
2022-01-03,662.35
2022-01-04,672.41
2022-01-05,681.28
2022-01-06,673.0
2022-01-07,668.9
2022-01-10,675.88
2022-01-11,682.37
2022-01-12,685.94
2022-01-13,684.63
2022-01-14,681.15
2022-01-17,690.64
2022-01-18,682.14
2022-01-19,674.12
2022-01-20,667.11
2022-01-21,659.68
2022-01-24,640.79
2022-01-25,643.33
2022-01-27,641.31
2022-01-28,665.07
2022-01-31,665.19
2022-02-01,683.5
2022-02-02,704.85
2022-02-03,697.04
2022-02-04,681.63
2022-02-07,666.26
2022-02-08,656.73
2022-02-09,666.11
2022-02-10,680.08
2022-02-11,661.23
2022-02-14,622.87
2022-02-15,641.43
2022-02-16,652.39
2022-02-17,655.37
2022-02-18,649.63
2022-02-21,633.1
2022-02-22,630.09
2022-02-23,623.71
2022-02-24,587.09
2022-02-25,595.89
2022-02-28,594.28
2022-03-02,590.23
2022-03-03,593.04
2022-03-04,576.33
2022-03-07,555.83
2022-03-08,559.98
2022-03-09,577.16
2022-03-10,582.91
2022-03-11,582.85
2022-03-14,580.75
2022-03-15,575.97
2022-03-16,586.48
2022-03-17,600.61
2022-03-21,588.14
2022-03-22,587.67
2022-03-23,583.32
2022-03-24,578.95
2022-03-25,574.34
2022-03-28,566.0
2022-03-29,580.84
2022-03-30,595.35
2022-03-31,599.02
2022-04-01,613.47
2022-04-04,634.3
2022-04-05,633.23
2022-04-06,628.47
2022-04-07,626.41
2022-04-08,623.9
2022-04-11,626.97
2022-04-12,614.14
2022-04-13,609.6
2022-04-18,591.85
2022-04-19,585.55
2022-04-20,587.72
2022-04-21,594.95
2022-04-22,586.32
2022-04-25,574.57
2022-04-26,590.33
2022-04-27,585.57
2022-04-28,585.36
2022-04-29,574.65
2022-05-02,584.72
2022-05-04,569.12
2022-05-05,564.62
2022-05-06,550.56
2022-05-09,542.74
2022-05-10,542.96
2022-05-11,516.93
2022-05-12,509.61
2022-05-13,509.86
2022-05-16,522.09
2022-05-17,528.55
2022-05-18,531.72
2022-05-19,519.33
2022-05-20,532.34
2022-05-23,529.26
2022-05-24,529.94
2022-05-25,525.0
2022-05-26,533.24
2022-05-27,536.32
2022-05-30,544.89
2022-05-31,538.06
2022-06-01,536.01
2022-06-02,532.74
2022-06-03,528.33
2022-06-06,526.25
2022-06-07,516.89
2022-06-08,510.79
2022-06-09,509.23
2022-06-10,498.53
2022-06-13,481.5
2022-06-14,475.4
2022-06-15,476.94
2022-06-16,461.85
2022-06-17,458.29
2022-06-20,457.09
2022-06-21,473.13
2022-06-22,465.54
2022-06-23,473.52
2022-06-24,483.16
2022-06-27,487.75
2022-06-28,482.87
2022-06-29,485.18
2022-06-30,481.78
2022-07-01,486.89
2022-07-04,485.19
2022-07-05,483.26
2022-07-06,489.63
2022-07-07,496.6
2022-07-08,494.9
2022-07-11,502.65
2022-07-12,500.31
2022-07-13,499.41
2022-07-14,493.72
2022-07-15,496.71
2022-07-18,504.51
2022-07-19,513.63
2022-07-20,527.32
2022-07-21,530.25
2022-07-22,534.6
2022-07-25,536.17
2022-07-26,534.89
2022-07-27,541.89
2022-07-28,560.98
2022-07-29,563.13
2022-08-01,571.1
2022-08-02,575.34
2022-08-03,568.29
2022-08-04,558.28
2022-08-05,561.95
2022-08-08,560.93
2022-08-10,560.1
2022-08-11,568.26
2022-08-12,572.1
2022-08-16,584.06
2022-08-17,591.24
2022-08-18,595.4
2022-08-19,589.11
2022-08-22,581.93
2022-08-23,590.16
2022-08-24,599.38
2022-08-25,602.64
2022-08-26,603.32
2022-08-29,601.05
2022-08-30,610.96
2022-09-01,610.18
2022-09-02,609.47
2022-09-05,613.19
2022-09-06,611.37
2022-09-07,611.02
2022-09-08,615.99
2022-09-09,618.09
2022-09-12,616.56
2022-09-13,616.58
2022-09-14,618.56
2022-09-15,615.22
2022-09-16,595.43
2022-09-19,586.75
2022-09-20,592.02
2022-09-21,580.05
2022-09-22,582.11
2022-09-23,562.46
2022-09-26,551.12
2022-09-27,546.07
2022-09-28,546.21
2022-09-29,545.37
2022-09-30,561.02
2022-10-03,556.63
2022-10-04,569.25
2022-10-06,577.45
2022-10-07,575.65
2022-10-10,564.1
2022-10-11,548.64
2022-10-12,560.04
2022-10-13,556.42
2022-10-14,553.67
2022-10-17,559.0
2022-10-18,563.52
2022-10-19,565.09
2022-10-20,571.3
2022-10-21,560.9
2022-10-24,564.21
2022-10-25,560.8
2022-10-27,562.38
2022-10-28,560.37
2022-10-31,560.81
2022-11-01,558.2
2022-11-02,541.84
2022-11-03,541.46
2022-11-04,547.21
2022-11-07,551.94
2022-11-09,557.63
2022-11-10,556.71
2022-11-11,554.84
2022-11-14,559.35
2022-11-15,557.0
2022-11-16,551.4
2022-11-17,549.58
2022-11-18,541.44
2022-11-21,539.47
2022-11-22,541.24
2022-11-23,541.23
2022-11-24,542.76
2022-11-25,561.48
2022-11-28,569.2
2022-11-29,569.35
2022-11-30,570.86
2022-12-01,572.12
2022-12-02,573.53
2022-12-05,579.78
2022-12-06,578.74
2022-12-07,577.03
2022-12-08,573.08
2022-12-09,573.05
2022-12-12,570.58
2022-12-13,570.2
2022-12-14,587.48
2022-12-15,590.71
2022-12-16,578.8
2022-12-19,590.15
2022-12-20,597.86
2022-12-21,582.58
2022-12-22,575.04
2022-12-23,543.13
2022-12-26,563.88
2022-12-27,579.17
2022-12-28,576.74
2022-12-29,588.72
2022-12-30,588.69
2023-01-02,596.24
2023-01-03,592.42
2023-01-04,582.58
2023-01-05,581.7
2023-01-06,573.07
2023-01-09,580.49
2023-01-10,575.31
2023-01-11,580.64
2023-01-12,580.28
2023-01-13,579.26
2023-01-16,580.49
2023-01-17,572.99
2023-01-18,571.34
2023-01-19,566.67
2023-01-20,560.78
2023-01-23,569.32
2023-01-24,568.12
2023-01-25,567.37
2023-01-27,554.96
2023-01-30,551.47
2023-01-31,560.86
2023-02-01,553.07
2023-02-02,560.38
2023-02-03,567.31
2023-02-06,565.02
2023-02-07,560.0
2023-02-08,570.74
2023-02-09,568.4
2023-02-10,566.68
2023-02-13,559.42
2023-02-14,554.89
2023-02-15,558.8
2023-02-16,553.78
2023-02-17,549.53
2023-02-20,547.37
2023-02-21,541.99
2023-02-22,537.25
2023-02-23,533.59
2023-02-24,530.09
2023-02-27,525.45
2023-02-28,524.49
2023-03-01,530.87
2023-03-02,527.64
2023-03-03,528.64
2023-03-06,543.46
2023-03-08,541.58
2023-03-09,532.61
2023-03-10,526.21
2023-03-13,515.24
2023-03-14,503.86
2023-03-15,501.55
2023-03-16,498.01
2023-03-17,496.95
2023-03-20,495.05
2023-03-21,498.23
2023-03-22,501.81
2023-03-23,496.68
2023-03-24,485.26
2023-03-27,475.36
2023-03-28,474.73
2023-03-29,479.36
2023-03-31,488.48
2023-04-03,495.32
2023-04-05,498.55
2023-04-06,502.36
2023-04-10,503.85
2023-04-11,506.03
2023-04-12,508.33
2023-04-13,508.06
2023-04-17,510.45
2023-04-18,507.6
2023-04-19,506.74
2023-04-20,503.79
2023-04-21,494.45
2023-04-24,497.54
2023-04-25,498.41
2023-04-26,493.54
2023-04-27,493.6
2023-04-28,498.43
2023-05-02,510.14
2023-05-03,520.15
2023-05-04,526.83
2023-05-05,522.04
2023-05-08,532.5
2023-05-09,526.63
2023-05-10,530.31
2023-05-11,530.24
2023-05-12,527.37
2023-05-15,533.89
2023-05-16,536.06
2023-05-17,529.35
2023-05-18,527.59
2023-05-19,526.35
2023-05-22,528.75
2023-05-23,528.99
2023-05-24,529.79
2023-05-25,528.23
2023-05-26,527.47
2023-05-29,537.34
2023-05-30,537.73
2023-05-31,542.34
2023-06-01,551.81
2023-06-02,554.67
2023-06-05,554.99
2023-06-06,554.15
2023-06-07,562.66
2023-06-08,558.53
2023-06-09,552.2
2023-06-12,557.26
2023-06-13,564.69
2023-06-14,562.38
2023-06-15,558.82
2023-06-16,565.46
2023-06-19,565.07
2023-06-20,569.96
2023-06-21,570.6
2023-06-22,568.61
2023-06-23,562.87
2023-06-26,569.51
2023-06-27,579.11
2023-06-28,580.44
2023-06-30,581.06
2023-07-03,584.1
2023-07-04,584.12
2023-07-05,584.61
2023-07-06,588.25
2023-07-07,588.32
2023-07-10,587.4
2023-07-11,591.68
2023-07-12,593.94
2023-07-13,589.89
2023-07-14,603.23
2023-07-17,602.86
2023-07-18,595.58
2023-07-19,599.52
2023-07-20,606.27
2023-07-21,606.53
2023-07-24,622.21
2023-07-25,619.41
2023-07-26,609.02
2023-07-27,605.47
2023-07-28,612.09
2023-07-31,621.86
2023-08-01,614.04
2023-08-02,609.95
2023-08-03,615.36
2023-08-04,627.96
2023-08-07,636.83
2023-08-08,631.76
2023-08-09,636.99
2023-08-10,634.71
2023-08-11,635.07
2023-08-14,630.75
2023-08-16,635.78
2023-08-17,636.31
2023-08-18,627.08
2023-08-21,634.01
2023-08-22,634.24
2023-08-23,634.72
2023-08-24,636.23
2023-08-25,640.49
2023-08-28,654.17
2023-08-29,651.15
2023-08-30,652.74
2023-08-31,661.85
2023-09-01,666.12
2023-09-04,672.96
2023-09-05,672.43
2023-09-06,674.81
2023-09-07,677.52
2023-09-08,677.34
2023-09-11,680.94
2023-09-12,653.71
2023-09-13,673.31
2023-09-14,687.09
2023-09-15,689.46
2023-09-18,685.38
2023-09-20,683.55
2023-09-21,673.55
2023-09-22,675.65
2023-09-25,680.5
2023-09-26,677.03
2023-09-27,684.16
2023-09-28,679.58
2023-09-29,687.45
2023-10-03,704.24
2023-10-04,687.06
2023-10-05,686.11
2023-10-06,687.34
2023-10-09,684.53
2023-10-10,689.51
2023-10-11,690.95
2023-10-12,690.57
2023-10-13,681.17
2023-10-16,680.68
2023-10-17,696.47
2023-10-18,695.32
2023-10-19,695.33
2023-10-20,685.12
2023-10-23,659.84
2023-10-25,651.47
2023-10-26,649.37
2023-10-27,662.11
2023-10-30,658.05
2023-10-31,661.7
2023-11-01,657.21
2023-11-02,664.37
2023-11-03,669.76
2023-11-06,672.8
2023-11-07,673.06
2023-11-08,669.36
2023-11-09,667.74
2023-11-10,671.3
2023-11-12,680.0
2023-11-13,683.87
2023-11-15,693.56
2023-11-16,692.77
2023-11-17,697.51
2023-11-20,700.6
2023-11-21,697.9
2023-11-22,687.38
2023-11-23,683.45
2023-11-24,679.54
2023-11-28,679.73
2023-11-29,693.6
2023-11-30,703.78
2023-12-01,710.55
2023-12-04,721.81
2023-12-05,721.72
2023-12-06,717.96
2023-12-07,730.7
2023-12-08,734.7
2023-12-11,734.41
2023-12-12,735.45
2023-12-13,743.25
2023-12-14,748.25
2023-12-15,756.83
2023-12-18,762.81
2023-12-19,756.55
2023-12-20,724.72
2023-12-21,730.82
2023-12-22,731.77
2023-12-26,732.79
2023-12-27,737.65
2023-12-28,738.11
2023-12-29,740.4
2024-01-01,753.9
2024-01-02,750.42
2024-01-03,749.51
2024-01-04,759.61
2024-01-05,761.56
2024-01-08,753.46
2024-01-09,749.58
2024-01-10,752.62
2024-01-11,769.23
2024-01-12,771.4
2024-01-15,773.13
2024-01-16,772.19
2024-01-17,759.15
2024-01-18,768.26
2024-01-19,777.72
2024-01-20,770.44
2024-01-23,748.31
2024-01-24,757.86
2024-01-25,761.27
2024-01-29,765.05
2024-01-30,770.43
2024-01-31,785.47
2024-02-01,797.02
2024-02-02,793.98
2024-02-05,783.09
2024-02-06,792.39
2024-02-07,798.48
2024-02-08,793.34
2024-02-09,787.58
2024-02-12,755.61
2024-02-13,766.71
2024-02-14,779.92
2024-02-15,782.31
2024-02-16,777.0
2024-02-19,767.6
2024-02-20,772.85
2024-02-21,764.28
2024-02-22,768.64
2024-02-23,778.8
2024-02-26,779.82
2024-02-27,766.79
2024-02-28,752.63
2024-02-29,760.03
2024-03-01,763.23
2024-03-02,769.11
2024-03-04,764.72
2024-03-05,754.94
2024-03-06,737.55
2024-03-07,749.6
2024-03-11,734.82
2024-03-12,723.84
2024-03-13,681.74
2024-03-14,699.79
2024-03-15,692.66
2024-03-18,690.0
2024-03-19,683.21
2024-03-20,680.8
2024-03-21,697.73
2024-03-22,701.48
2024-03-26,695.88
2024-03-27,695.88
2024-03-28,702.62
2024-04-01,753.84
2024-04-02,754.32
2024-04-03,756.47
2024-04-04,767.06
2024-04-05,775.38
2024-04-08,773.95
2024-04-09,769.2
2024-04-10,768.23
2024-04-12,762.56
2024-04-15,746.03
2024-04-16,749.62
2024-04-18,745.63
2024-04-19,749.47
2024-04-22,758.58
2024-04-23,767.95
2024-04-24,775.36
2024-04-25,769.92
2024-04-26,768.88
2024-04-29,773.27
2024-04-30,776.25
2024-05-02,774.89
2024-05-03,767.97
2024-05-06,753.56
2024-05-07,743.61
2024-05-08,747.33
2024-05-09,726.57
2024-05-10,732.65
2024-05-13,725.52
2024-05-14,734.7
2024-05-15,737.83
2024-05-16,745.67
2024-05-17,744.42
2024-05-18,745.65
2024-05-21,739.83
2024-05-22,745.54
2024-05-23,754.86
2024-05-24,751.11
2024-05-27,753.21
2024-05-28,745.41
2024-05-29,734.26
2024-05-30,724.58
2024-05-31,725.21
2024-06-03,748.38
2024-06-04,687.26
2024-06-05,717.35
2024-06-06,747.18
2024-06-07,757.69
2024-06-10,770.92
2024-06-11,795.71
2024-06-12,823.75
2024-06-13,829.18
2024-06-14,841.15
2024-06-18,859.3
2024-06-19,853.3
2024-06-20,843.92
2024-06-21,839.02
2024-06-24,835.28
2024-06-25,845.06
2024-06-26,848.09
2024-06-27,845.32
2024-06-28,848.52
2024-07-01,867.97
2024-07-02,853.67
2024-07-03,862.07
2024-07-04,853.49
2024-07-05,849.45
2024-07-08,843.7
2024-07-09,840.64
2024-07-10,841.35
2024-07-11,844.3
2024-07-12,840.76
2024-07-15,846.97
2024-07-16,848.48
2024-07-18,844.44
2024-07-19,825.95
2024-07-22,840.27
2024-07-23,822.23
2024-07-24,827.51
2024-07-25,821.57
2024-07-26,833.64
2024-07-29,834.8
2024-07-30,829.38
2024-07-31,827.83
2024-08-01,818.13
2024-08-02,813.2
2024-08-05,773.53
2024-08-06,767.71
2024-08-07,770.98
2024-08-08,771.19
2024-08-09,778.45
2024-08-12,788.3
2024-08-13,775.21
2024-08-14,772.73
2024-08-16,782.15
2024-08-19,789.36
2024-08-20,798.18
2024-08-21,817.98
2024-08-22,818.31
2024-08-23,810.23
2024-08-26,811.99
2024-08-27,816.71
2024-08-28,823.41
2024-08-29,829.66
2024-08-30,836.29
2024-09-02,834.94
2024-09-03,844.05
2024-09-04,850.87
2024-09-05,869.13
2024-09-06,860.88
2024-09-09,858.58
2024-09-10,852.01
2024-09-11,854.13
2024-09-12,871.12
2024-09-13,901.43
2024-09-16,867.13
2024-09-17,863.75
2024-09-18,868.29
2024-09-19,856.36
2024-09-20,866.94
2024-09-23,880.92
2024-09-24,881.89
2024-09-25,876.88
2024-09-26,873.65
2024-09-27,859.37
2024-09-30,853.06
2024-10-01,851.52
2024-10-03,827.72
2024-10-04,830.16
2024-10-07,809.59
2024-10-08,824.05
2024-10-09,826.53
2024-10-10,820.22
2024-10-11,823.3
2024-10-14,830.32
2024-10-15,833.23
2024-10-16,825.16
2024-10-17,810.45
2024-10-18,810.31
2024-10-21,796.36
2024-10-22,769.52
2024-10-23,791.68
2024-10-24,785.4
2024-10-25,779.87
2024-10-28,783.19
2024-10-29,801.22
2024-10-30,807.74
2024-10-31,808.48
2024-11-01,812.74
2024-11-04,802.51
2024-11-05,808.06
2024-11-06,816.84
2024-11-07,812.27
2024-11-08,798.58
2024-11-11,788.4
2024-11-12,781.85
2024-11-13,763.55
2024-11-14,764.31
2024-11-18,766.89
2024-11-19,772.49
2024-11-21,778.3
2024-11-22,777.27
2024-11-25,789.67
2024-11-26,782.28
2024-11-27,792.26
2024-11-28,797.45
2024-11-29,799.79
2024-12-02,794.67
2024-12-03,800.39
2024-12-04,804.56
2024-12-05,802.84
2024-12-06,800.7
2024-12-09,802.0
2024-12-10,801.87
2024-12-11,801.18
2024-12-12,794.7
2024-12-13,790.07
2024-12-16,789.94
2024-12-17,774.32
2024-12-18,767.4
2024-12-19,765.29
2024-12-20,753.76
2024-12-23,748.85
2024-12-24,748.34
2024-12-26,751.97
2024-12-27,757.97
2024-12-30,755.27
2024-12-31,759.39
2025-01-01,763.51
2025-01-02,779.1
2025-01-03,779.75
2025-01-06,759.38
2025-01-07,761.68
2025-01-08,755.94
2025-01-09,750.89
2025-01-10,732.24
2025-01-13,703.88
2025-01-14,718.43
2025-01-15,720.12
2025-01-16,743.34
2025-01-17,746.26
2025-01-20,751.91
2025-01-21,748.44
2025-01-22,743.38
2025-01-23,746.63
2025-01-24,737.63
2025-01-27,709.52
2025-01-28,719.84
2025-01-29,730.7
2025-01-30,727.8
2025-01-31,740.89
2025-02-01,739.14
2025-02-03,726.45
2025-02-04,736.54
2025-02-05,743.13
2025-02-06,751.51
2025-02-07,751.3
2025-02-10,732.89
2025-02-11,710.53
2025-02-12,698.39
2025-02-13,699.6
2025-02-14,684.09
2025-02-17,685.63
2025-02-18,681.8
2025-02-19,688.78
2025-02-20,693.36
2025-02-21,687.27
2025-02-24,678.25
2025-02-25,672.13
2025-02-27,669.89
2025-02-28,666.9
2025-03-03,666.86
2025-03-04,673.59
2025-03-05,687.59
2025-03-06,692.01
2025-03-07,697.78
2025-03-10,691.14
2025-03-11,691.91
2025-03-12,690.37
2025-03-13,688.89
2025-03-17,693.29
2025-03-18,706.53
2025-03-19,720.28
2025-03-20,722.33
2025-03-21,742.01
2025-03-24,748.15
2025-03-25,733.17
2025-03-26,727.49
2025-03-27,739.78
2025-03-28,733.91
2025-04-01,732.51
2025-04-02,742.39
2025-04-03,756.96
2025-04-04,743.26
2025-04-07,720.12
2025-04-08,743.6
2025-04-09,735.99
2025-04-11,747.19
2025-04-15,768.26
2025-04-16,786.11
2025-04-17,792.84
2025-04-21,810.74
2025-04-22,813.12
2025-04-23,815.68
2025-04-24,813.59
2025-04-25,788.57
2025-04-28,794.25
2025-04-29,798.45
2025-04-30,784.75
2025-05-02,783.47
2025-05-05,785.9
2025-05-06,762.86
2025-05-07,773.31
2025-05-08,760.06
2025-05-09,753.62
2025-05-12,785.35
2025-05-13,787.81
2025-05-14,794.16
2025-05-15,795.82
2025-05-16,794.92
2025-05-19,791.99
2025-05-20,779.7
2025-05-21,782.0
2025-05-22,782.35
2025-05-23,784.94
2025-05-26,787.46
2025-05-27,786.51
2025-05-28,785.97
2025-05-29,785.83
2025-05-30,795.58
2025-06-02,798.56
2025-06-03,791.0
2025-06-04,788.6
2025-06-05,791.99
2025-06-06,813.5
2025-06-09,823.37
2025-06-10,818.48
2025-06-11,816.62
2025-06-12,801.59
2025-06-13,796.38
2025-06-16,800.38
2025-06-17,794.49
2025-06-18,792.86
2025-06-19,777.97
2025-06-20,784.17
2025-06-23,789.01
2025-06-24,802.31
2025-06-25,820.69
2025-06-26,831.13
2025-06-27,833.65
2025-06-30,835.85
2025-07-01,825.63
2025-07-02,822.39
2025-07-03,820.89
2025-07-04,812.24
2025-07-07,814.34
2025-07-08,815.99
2025-07-09,822.14
2025-07-10,823.46
2025-07-11,821.37
2025-07-14,819.85
2025-07-15,829.33
2025-07-16,840.51
2025-07-17,839.66
2025-07-18,837.06
2025-07-21,839.63
2025-07-22,835.87
2025-07-23,832.61
2025-07-24,823.5
2025-07-25,812.22
2025-07-28,795.81
2025-07-29,788.7
2025-07-30,780.0
2025-07-31,774.78
2025-08-01,742.77
2025-08-04,754.02
2025-08-05,749.6
2025-08-06,743.17
2025-08-07,736.6
2025-08-08,735.06
2025-08-11,740.08
2025-08-12,740.1
2025-08-13,737.25
2025-08-14,739.74
2025-08-18,745.23
2025-08-19,756.34
2025-08-20,755.26
2025-08-21,754.46
2025-08-22,749.04
2025-08-25,747.89
2025-08-26,734.56
2025-08-28,721.73
2025-08-29,721.44
2025-09-01,726.75
2025-09-02,743.03
2025-09-03,749.33
2025-09-04,742.09
2025-09-05,747.03
2025-09-08,750.31
2025-09-09,747.78
2025-09-10,751.17
2025-09-11,751.96
2025-09-12,755.47
2025-09-15,760.91
2025-09-16,765.66
2025-09-17,764.21
2025-09-18,774.75
2025-09-19,778.33
2025-09-22,770.42
2025-09-23,769.44
2025-09-24,769.6
2025-09-25,761.51
2025-09-26,745.76
2025-09-29,761.99
2025-09-30,767.21
2025-10-01,782.84
2025-10-03,784.64
2025-10-06,781.78
2025-10-07,777.04
2025-10-08,769.67
2025-10-09,767.57
2025-10-10,770.15
2025-10-13,768.86
2025-10-14,764.6
2025-10-15,771.18
2025-10-16,769.21
2025-10-17,766.11
2025-10-20,780.97
2025-10-21,788.03
2025-10-23,788.07
2025-10-24,803.01
2025-10-27,804.07
2025-10-28,803.78
2025-10-29,807.63
2025-10-30,801.83
2025-10-31,801.85
2025-11-03,805.0
2025-11-04,795.43
2025-11-06,784.46
2025-11-07,781.91
2025-11-10,782.0
2025-11-11,778.51
2025-11-12,779.21
2025-11-13,782.92
2025-11-14,785.38
2025-11-17,794.18
2025-11-18,790.4
2025-11-19,769.12
2025-11-20,762.31
2025-11-21,755.65
2025-11-24,750.8
2025-11-25,747.22
2025-11-26,758.34
2025-11-27,752.67
2025-11-28,749.38
2025-12-01,750.39
2025-12-02,740.18
2025-12-03,734.71
2025-12-04,733.42
2025-12-05,735.12
2025-12-08,722.21
2025-12-09,734.01
2025-12-10,735.49
2025-12-11,741.62
2025-12-12,750.18
2025-12-15,747.98
2025-12-16,740.72
2025-12-17,732.54
2025-12-18,730.93
2025-12-19,739.28
2025-12-22,736.93
2025-12-23,736.34
2025-12-24,744.45
2025-12-26,736.26
2025-12-29,731.67
2025-12-30,735.33
2025-12-31,738.32
2026-01-01,743.75
2026-01-02,753.13
2026-01-05,755.33
2026-01-06,753.18
2026-01-07,750.19
2026-01-08,733.88
2026-01-09,727.02
2026-01-12,726.46
2026-01-13,728.78
2026-01-14,732.07
2026-01-16,726.47
2026-01-19,724.03
2026-01-20,711.44
2026-01-21,703.01
2026-01-22,703.29
2026-01-23,694.01
2026-01-27,708.41
2026-01-28,713.63
2026-01-29,717.72
2026-01-30,721.99
2026-02-01,700.63
2026-02-02,700.2
2026-02-03,715.03
2026-02-04,721.93
2026-02-05,713.52
2026-02-06,709.96
2026-02-09,718.13
2026-02-10,712.78
2026-02-11,710.77
2026-02-12,704.69
2026-02-13,695.0
2026-02-16,698.61
2026-02-17,704.06
2026-02-18,707.49
2026-02-19,700.75
2026-02-20,702.79
2026-02-23,703.08
2026-02-24,699.85
2026-02-25,716.06
2026-02-26,709.52
2026-02-27,690.58
2026-03-02,678.93
2026-03-04,663.23
2026-03-05,665.88
2026-03-06,659.23
2026-03-09,650.39
2026-03-10,671.2
2026-03-11,665.77
2026-03-12,656.74
2026-03-13,644.01
2026-03-16,645.96
2026-03-17,645.72
2026-03-18,655.77
2026-03-19,636.81
2026-03-20,633.64
2026-03-23,609.17
2026-03-24,629.36
2026-03-25,647.58
2026-03-27,640.04
2026-03-30,624.93
2026-04-01,643.71
2026-04-02,644.98
2026-04-06,653.83
2026-04-07,653.07
2026-04-08,684.85
2026-04-09,686.34
2026-04-10,694.55
2026-04-13,689.25
2026-04-15,702.73
2026-04-16,714.44
2026-04-17,724.96
2026-04-20,716.84
2026-04-21,744.04
2026-04-22,744.76
2026-04-23,738.36
2026-04-24,739.87
2026-04-27,745.93
2026-04-28,740.6
2026-04-29,745.29
2026-04-30,743.19
2026-05-04,749.5
2026-05-05,749.6
2026-05-06,767.5
2026-05-07,768.84
2026-05-08,771.58
2026-05-11,762.42
2026-05-12,739.78
2026-05-13,744.1
2026-05-14,740.65
2026-05-15,733.88
2026-05-18,722.58
2026-05-19,723.5
2026-05-20,730.69
2026-05-21,737.24
2026-05-22,743.06
2026-05-25,753.06
2026-05-26,755.74
2026-05-27,763.32
2026-05-29,747.99
2026-06-01,744.33
2026-06-02,742.58
2026-06-03,741.44
2026-06-04,747.65
2026-06-05,750.83
2026-06-08,732.22
2026-06-09,743.76
2026-06-10,732.52
2026-06-11,724.19
2026-06-12,756.21
2026-06-15,766.75
2026-06-16,765.9
2026-06-17,763.14
2026-06-18,763.03
2026-06-19,767.69
2026-06-22,770.22
2026-06-23,760.24
2026-06-24,770.01
2026-06-25,770.55
2026-06-29,764.97
2026-06-30,774.32
2026-07-01,783.27
2026-07-02,784.72
2026-07-03,792.77
2026-07-06,794.54
2026-07-07,789.79
2026-07-08,770.26
2026-07-09,777.08
2026-07-10,791.02
2026-07-13,797.93
2026-07-14,782.05
2026-07-15,790.06
2026-07-16,787.12
2026-07-17,789.85
2026-07-20,789.84
2026-07-21,787.0
2026-07-22,771.89
2026-07-23,757.13
2026-07-24,752.31
2026-07-27,763.82
2026-07-28,760.33
2026-07-29,761.11
2026-07-30,751.01
2026-07-31,747.5
2026-08-03,753.74
2026-08-04,747.08
2026-08-05,756.45
2026-08-06,761.74
2026-08-07,755.79
2026-08-10,751.25
2026-08-11,752.21
2026-08-12,755.33
2026-08-13,754.86
2026-08-14,744.47
2026-08-17,744.53
2026-08-18,743.09
2026-08-19,746.27
2026-08-20,749.87
2026-08-21,745.74
2026-08-24,739.71
2026-08-25,744.86
2026-08-26,748.47
2026-08-27,749.36
2026-08-28,748.09
2026-08-31,738.99
2026-09-01,740.15
2026-09-02,745.32
2026-09-03,753.73
2026-09-04,763.2
2026-09-07,763.17
2026-09-08,761.25
2026-09-09,749.61
2026-09-10,752.97
2026-09-11,749.57
2026-09-15,734.36
2026-09-16,731.89
2026-09-17,729.22
2026-09-18,741.68
