Date,BLS
2016-06-15,20.679834365844727
2016-06-16,20.342683792114258
2016-06-17,20.631324768066406
2016-06-20,21.082050323486328
2016-06-21,21.128185272216797
2016-06-22,21.892396926879883
2016-06-23,22.04973602294922
2016-06-24,21.778827667236328
2016-06-27,21.95509147644043
2016-06-28,22.190515518188477
2016-06-29,22.379783630371094
2016-06-30,22.707477569580078
2016-07-01,22.914501190185547
2016-07-04,23.41963768005371
2016-07-05,23.104957580566406
2016-07-07,23.185405731201172
2016-07-08,23.175941467285156
2016-07-11,23.617191314697266
2016-07-12,23.38178062438965
2016-07-13,23.229175567626953
2016-07-14,23.21024513244629
2016-07-15,23.186586380004883
2016-07-18,23.184219360351562
2016-07-19,22.834054946899414
2016-07-20,22.571430206298828
2016-07-21,22.64596176147461
2016-07-22,22.6566104888916
2016-07-25,22.713394165039062
2016-07-26,22.89793586730957
2016-07-27,22.855350494384766
2016-07-28,23.11560821533203
2016-07-29,21.95982551574707
2016-08-01,22.647144317626953
2016-08-02,23.436195373535156
2016-08-03,23.31553077697754
2016-08-04,23.56869125366211
2016-08-05,23.505992889404297
2016-08-08,23.254018783569336
2016-08-09,22.971284866333008
2016-08-10,22.831687927246094
2016-08-11,22.902666091918945
2016-08-12,23.05645751953125
2016-08-16,23.09194564819336
2016-08-17,23.068288803100586
2016-08-18,23.333276748657227
2016-08-19,23.21497917175293
2016-08-22,23.088396072387695
2016-08-23,22.902666091918945
2016-08-24,23.05645751953125
2016-08-25,22.961816787719727
2016-08-26,22.89793586730957
2016-08-29,22.831687927246094
2016-08-30,22.87900733947754
2016-08-31,22.94998550415039
2016-09-01,22.97601318359375
2016-09-02,22.9854793548584
2016-09-06,22.997312545776367
2016-09-07,23.046993255615234
2016-09-08,23.416088104248047
2016-09-09,24.586063385009766
2016-09-12,25.8151912689209
2016-09-14,26.262357711791992
2016-09-15,27.575475692749023
2016-09-16,28.675655364990234
2016-09-19,29.327486038208008
2016-09-20,29.792394638061523
2016-09-21,30.757713317871094
2016-09-22,32.109867095947266
2016-09-23,32.37486267089844
2016-09-26,33.363834381103516
2016-09-27,33.360294342041016
2016-09-28,32.6505012512207
2016-09-29,33.12369918823242
2016-09-30,34.058258056640625
2016-10-03,34.6142692565918
2016-10-04,36.344974517822266
2016-10-05,38.16204833984375
2016-10-06,39.55797576904297
2016-10-07,39.55915832519531
2016-10-10,40.50672912597656
2016-10-13,40.56232833862305
2016-10-14,41.583248138427734
2016-10-17,40.86043930053711
2016-10-18,42.466941833496094
2016-10-19,40.9361572265625
2016-10-20,42.608890533447266
2016-10-21,43.7729606628418
2016-10-24,44.00246810913086
2016-10-25,43.725650787353516
2016-10-26,43.53399658203125
2016-10-27,43.758766174316406
2016-10-28,43.53399658203125
2016-11-01,43.827388763427734
2016-11-02,43.62508773803711
2016-11-03,44.09709930419922
2016-11-04,42.67395782470703
2016-11-07,43.31041717529297
2016-11-08,42.45865249633789
2016-11-09,41.36558532714844
2016-11-10,41.286319732666016
2016-11-11,41.89437484741211
2016-11-15,39.83124542236328
2016-11-16,40.23937225341797
2016-11-17,40.5717887878418
2016-11-18,40.90776062011719
2016-11-21,40.150657653808594
2016-11-22,39.6573486328125
2016-11-23,39.55912399291992
2016-11-24,39.683380126953125
2016-11-25,39.52363204956055
2016-11-28,39.03254318237305
2016-11-29,38.813621520996094
2016-11-30,38.600616455078125
2016-12-01,39.09880447387695
2016-12-02,39.41712188720703
2016-12-05,39.92359924316406
2016-12-06,40.59455490112305
2016-12-07,41.230010986328125
2016-12-08,43.0558967590332
2016-12-09,43.46889114379883
2016-12-12,42.73639678955078
2016-12-13,45.30070495605469
2016-12-14,46.09471893310547
2016-12-15,46.048583984375
2016-12-16,44.922035217285156
2016-12-19,45.11846923828125
2016-12-20,44.6640625
2016-12-21,45.19776153564453
2016-12-22,44.61436080932617
2016-12-23,45.40129089355469
2016-12-26,45.98112106323242
2016-12-27,45.08414840698242
2016-12-28,45.15751647949219
2016-12-29,44.474727630615234
2016-12-30,45.23088455200195
2017-01-02,45.260467529296875
2017-01-03,44.98948287963867
2017-01-04,44.96108627319336
2017-01-05,45.91367721557617
2017-01-06,45.798885345458984
2017-01-09,45.04983901977539
2017-01-10,44.550472259521484
2017-01-11,44.39780807495117
2017-01-12,44.22622299194336
2017-01-13,44.27710723876953
2017-01-16,44.932674407958984
2017-01-17,44.71258544921875
2017-01-18,44.34693145751953
2017-01-19,44.42976379394531
2017-01-20,43.56947326660156
2017-01-23,43.2416877746582
2017-01-24,43.40026092529297
2017-01-25,43.71975326538086
2017-01-27,43.42628479003906
2017-01-30,43.93867111206055
2017-01-31,43.64048385620117
2017-02-01,43.81798553466797
2017-02-02,43.72685241699219
2017-02-03,43.61088562011719
2017-02-06,43.710296630859375
2017-02-07,43.418006896972656
2017-02-08,43.397884368896484
2017-02-09,43.40262222290039
2017-02-10,42.63936233520508
2017-02-13,42.13526153564453
2017-02-14,42.43110656738281
2017-02-15,43.40262222290039
2017-02-16,43.17778396606445
2017-02-17,43.27954864501953
2017-02-20,42.754150390625
2017-02-21,42.111595153808594
2017-02-22,42.093849182128906
2017-02-23,42.06307601928711
2017-02-27,41.90568923950195
2017-02-28,42.047691345214844
2017-03-01,41.45365905761719
2017-03-02,41.03357696533203
2017-03-03,41.49271774291992
2017-03-06,41.35899353027344
2017-03-07,40.928245544433594
2017-03-08,40.74601364135742
2017-03-09,39.73781204223633
2017-03-10,39.36979675292969
2017-03-14,39.90940475463867
2017-03-15,39.58871078491211
2017-03-16,39.80526351928711
2017-03-17,39.673919677734375
2017-03-20,39.32837677001953
2017-03-21,39.614742279052734
2017-03-22,39.22187042236328
2017-03-23,39.4952278137207
2017-03-24,39.245540618896484
2017-03-27,39.30352783203125
2017-03-28,39.186370849609375
2017-03-29,39.32719039916992
2017-03-30,40.43125534057617
2017-03-31,40.47976303100586
2017-04-03,40.66318893432617
2017-04-05,40.91996765136719
2017-04-06,40.85251998901367
2017-04-07,39.76976013183594
2017-04-10,36.72028732299805
2017-04-11,35.755863189697266
2017-04-12,31.86621856689453
2017-04-13,31.001195907592773
2017-04-17,28.453458786010742
2017-04-18,31.298208236694336
2017-04-19,34.42696762084961
2017-04-20,37.50839614868164
2017-04-21,36.023311614990234
2017-04-24,37.8243522644043
2017-04-25,39.715328216552734
2017-04-26,40.32829284667969
2017-04-27,38.35212326049805
2017-04-28,37.606605529785156
2017-05-02,36.77827453613281
2017-05-03,38.61245346069336
2017-05-04,38.470455169677734
2017-05-05,38.707122802734375
2017-05-08,40.635963439941406
2017-05-09,42.65947723388672
2017-05-10,43.21565628051758
2017-05-11,45.36933517456055
2017-05-12,47.629520416259766
2017-05-15,45.61784744262695
2017-05-16,45.27467346191406
2017-05-17,47.144351959228516
2017-05-18,46.65917205810547
2017-05-19,47.31000900268555
2017-05-22,47.31000900268555
2017-05-23,44.96699905395508
2017-05-24,43.22747802734375
2017-05-25,44.96699905395508
2017-05-26,44.919673919677734
2017-05-29,44.54100036621094
2017-05-30,43.9138298034668
2017-05-31,44.81315994262695
2017-06-01,45.381168365478516
2017-06-02,44.292484283447266
2017-06-05,44.363494873046875
2017-06-06,42.765987396240234
2017-06-07,43.21565628051758
2017-06-08,44.7184944152832
2017-06-09,43.98482131958008
2017-06-12,44.67116165161133
2017-06-13,44.517333984375
2017-06-14,44.564659118652344
2017-06-15,44.174156188964844
2017-06-16,44.44633102416992
2017-06-19,44.46999740600586
2017-06-20,44.09132766723633
2017-06-21,45.93734359741211
2017-06-22,45.381168365478516
2017-06-23,44.16232681274414
2017-06-27,42.884315490722656
2017-06-28,45.21549987792969
2017-06-29,45.36933517456055
2017-06-30,45.77167892456055
2017-07-03,45.87816619873047
2017-07-04,50.268367767333984
2017-07-05,50.80087661743164
2017-07-06,48.2330207824707
2017-07-07,48.30402755737305
2017-07-10,47.41652297973633
2017-07-11,48.05552291870117
2017-07-12,47.73602294921875
2017-07-13,47.274513244628906
2017-07-14,46.69468307495117
2017-07-17,46.33967590332031
2017-07-18,45.68883514404297
2017-07-19,47.156185150146484
2017-07-20,46.44618606567383
2017-07-21,46.45801544189453
2017-07-24,46.23317337036133
2017-07-25,46.221343994140625
2017-07-26,45.70067596435547
2017-07-27,45.0734977722168
2017-07-28,46.16217803955078
2017-07-31,47.86618423461914
2017-08-01,47.4638557434082
2017-08-02,46.42251205444336
2017-08-03,45.46400833129883
2017-08-04,45.80717086791992
2017-08-07,44.62382507324219
2017-08-08,42.3873176574707
2017-08-09,43.53515625
2017-08-10,42.41098403930664
2017-08-11,42.55299377441406
2017-08-14,42.517486572265625
2017-08-16,43.239315032958984
2017-08-17,43.475982666015625
2017-08-18,42.706817626953125
2017-08-21,42.50564956665039
2017-08-22,42.24531936645508
2017-08-23,49.854209899902344
2017-08-24,51.3333854675293
2017-08-28,52.54037857055664
2017-08-29,51.46354675292969
2017-08-30,50.71804428100586
2017-08-31,53.06105422973633
2017-09-01,54.83607482910156
2017-09-04,53.58173370361328
2017-09-05,53.81840133666992
2017-09-06,53.842063903808594
2017-09-07,53.71189880371094
2017-09-08,53.66456604003906
2017-09-11,54.32724380493164
2017-09-12,56.270450592041016
2017-09-13,56.67332077026367
2017-09-14,58.79426956176758
2017-09-15,62.10010528564453
2017-09-18,62.9532356262207
2017-09-19,61.839439392089844
2017-09-20,64.5884017944336
2017-09-21,63.178367614746094
2017-09-22,59.70663833618164
2017-09-25,57.953006744384766
2017-09-26,57.81081008911133
2017-09-27,54.741947174072266
2017-09-28,58.095184326171875
2017-09-29,58.52174758911133
2017-10-03,57.099876403808594
2017-10-04,58.20183563232422
2017-10-05,57.75157165527344
2017-10-06,58.72317886352539
2017-10-09,61.436588287353516
2017-10-10,61.483985900878906
2017-10-11,58.55730056762695
2017-10-12,62.25415802001953
2017-10-13,61.211448669433594
2017-10-16,62.52668380737305
2017-10-17,61.76835632324219
2017-10-18,61.88683319091797
2017-10-19,61.5076789855957
2017-10-23,61.045570373535156
2017-10-24,60.453125
2017-10-25,61.94607925415039
2017-10-26,61.24699783325195
2017-10-27,60.73748779296875
2017-10-30,60.417572021484375
2017-10-31,60.547908782958984
2017-11-01,59.066802978515625
2017-11-02,59.599998474121094
2017-11-03,59.9080696105957
2017-11-06,63.42720413208008
2017-11-07,62.36078643798828
2017-11-08,62.384490966796875
2017-11-09,63.936702728271484
2017-11-10,60.70195388793945
2017-11-13,58.20183563232422
2017-11-14,58.41511154174805
2017-11-15,56.649620056152344
2017-11-16,58.178123474121094
2017-11-17,58.012245178222656
2017-11-20,58.05964279174805
2017-11-21,58.07148742675781
2017-11-22,57.455352783203125
2017-11-23,58.34401321411133
2017-11-24,58.426963806152344
2017-11-27,57.846370697021484
2017-11-28,57.26576232910156
2017-11-29,56.89845275878906
2017-11-30,56.14011764526367
2017-12-01,56.24675369262695
2017-12-04,55.441036224365234
2017-12-05,54.59975814819336
2017-12-06,54.137657165527344
2017-12-07,55.6424674987793
2017-12-08,56.033477783203125
2017-12-11,57.13542175292969
2017-12-12,57.313167572021484
2017-12-13,55.227752685546875
2017-12-14,55.61876678466797
2017-12-15,56.341552734375
2017-12-18,57.964847564697266
2017-12-19,58.02409362792969
2017-12-20,61.566925048828125
2017-12-21,62.0882682800293
2017-12-22,62.50299072265625
2017-12-26,63.498291015625
2017-12-27,61.99348449707031
2017-12-28,62.53852462768555
2017-12-29,62.431888580322266
2018-01-01,62.87030029296875
2018-01-02,61.88683319091797
2018-01-03,61.66171646118164
2018-01-04,61.73280715942383
2018-01-05,62.32524871826172
2018-01-08,62.929542541503906
2018-01-09,66.3183364868164
2018-01-10,65.5007553100586
2018-01-11,64.55286407470703
2018-01-12,63.01247787475586
2018-01-15,61.720951080322266
2018-01-16,59.10234451293945
2018-01-17,57.775264739990234
2018-01-18,55.571372985839844
2018-01-19,55.27515411376953
2018-01-22,56.69701385498047
2018-01-23,57.12357711791992
2018-01-24,56.72071838378906
2018-01-25,56.080875396728516
2018-01-29,52.30107498168945
2018-01-30,49.91944885253906
2018-01-31,47.12310791015625
2018-02-01,49.635066986083984
2018-02-02,46.080406188964844
2018-02-05,44.978458404541016
2018-02-06,42.44278335571289
2018-02-07,44.314918518066406
2018-02-08,45.33391189575195
2018-02-09,45.4168586730957
2018-02-12,49.24406433105469
2018-02-14,46.54250717163086
2018-02-15,45.025840759277344
2018-02-16,44.68222427368164
2018-02-19,45.002140045166016
2018-02-20,45.025840759277344
2018-02-21,44.99030303955078
2018-02-22,43.236656188964844
2018-02-23,43.426239013671875
2018-02-26,43.058929443359375
2018-02-27,41.637054443359375
2018-02-28,40.57064437866211
2018-03-01,41.08016586303711
2018-03-05,39.13694381713867
2018-03-06,37.50178527832031
2018-03-07,36.11547088623047
2018-03-08,34.610660552978516
2018-03-09,34.58696365356445
2018-03-12,34.03006362915039
2018-03-13,34.160404205322266
2018-03-14,32.73853302001953
2018-03-15,33.30727767944336
2018-03-16,33.02290344238281
2018-03-19,32.73853302001953
2018-03-20,32.43046569824219
2018-03-21,31.328506469726562
2018-03-22,29.95403480529785
2018-03-23,28.55586814880371
2018-03-26,27.77383804321289
2018-03-27,28.36627960205078
2018-03-28,27.501314163208008
2018-04-02,28.496620178222656
2018-04-03,32.22902297973633
2018-04-04,32.03944396972656
2018-04-05,32.67927932739258
2018-04-06,33.271728515625
2018-04-09,33.28357696533203
2018-04-10,32.916263580322266
2018-04-11,32.45414733886719
2018-04-12,32.3593635559082
2018-04-13,32.169776916503906
2018-04-16,32.30012130737305
2018-04-17,33.28357696533203
2018-04-18,34.76469421386719
2018-04-19,36.19841003417969
2018-04-20,36.696067810058594
2018-04-23,37.880958557128906
2018-04-24,36.8264045715332
2018-04-25,34.57509994506836
2018-04-26,34.13669204711914
2018-04-27,35.12016296386719
2018-04-30,35.096458435058594
2018-05-02,35.0609130859375
2018-05-03,33.87602233886719
2018-05-04,35.0727653503418
2018-05-07,36.755306243896484
2018-05-08,37.26481246948242
2018-05-09,38.283817291259766
2018-05-10,36.850101470947266
2018-05-11,36.95673370361328
2018-05-14,36.968589782714844
2018-05-15,38.03499221801758
2018-05-16,39.58720016479492
2018-05-17,40.8076286315918
2018-05-18,40.47587203979492
2018-05-21,37.96389389038086
2018-05-22,39.5279541015625
2018-05-23,40.39291763305664
2018-05-24,41.459327697753906
2018-05-25,41.17495346069336
2018-05-28,46.21073913574219
2018-05-29,47.32453536987305
2018-05-30,45.40501403808594
2018-05-31,44.231964111328125
2018-06-01,43.93574142456055
2018-06-04,43.54472732543945
2018-06-05,41.11570358276367
2018-06-06,41.64889907836914
2018-06-07,43.959442138671875
2018-06-08,43.414390563964844
2018-06-11,43.69877243041992
2018-06-12,42.73900604248047
2018-06-13,41.60151672363281
2018-06-14,40.072994232177734
2018-06-15,38.89995574951172
2018-06-18,37.85725021362305
2018-06-19,36.222110748291016
2018-06-20,36.38799285888672
2018-06-21,36.04436492919922
2018-06-22,36.814552307128906
2018-06-25,35.72446060180664
2018-06-26,35.2504997253418
2018-06-27,34.51586151123047
2018-06-28,36.222110748291016
2018-06-29,37.51363754272461
2018-07-02,36.73160934448242
2018-07-03,38.59189224243164
2018-07-04,41.317134857177734
2018-07-05,40.32182693481445
2018-07-06,40.52325439453125
2018-07-09,41.75554656982422
2018-07-10,42.810096740722656
2018-07-11,43.260353088378906
2018-07-12,43.236656188964844
2018-07-13,40.39291763305664
2018-07-16,39.302818298339844
2018-07-17,41.02091598510742
2018-07-18,40.12039566040039
2018-07-19,40.51140594482422
2018-07-20,39.96635437011719
2018-07-23,40.2388801574707
2018-07-24,41.22234344482422
2018-07-25,40.48771667480469
2018-07-26,39.72937774658203
2018-07-27,40.2625846862793
2018-07-30,41.494869232177734
2018-07-31,41.92143249511719
2018-08-01,41.82664489746094
2018-08-02,41.56596755981445
2018-08-03,41.75554656982422
2018-08-06,41.791099548339844
2018-08-07,43.07078552246094
2018-08-08,43.58026885986328
2018-08-09,43.47364044189453
2018-08-10,41.352684020996094
2018-08-13,40.7720832824707
2018-08-14,40.452171325683594
2018-08-16,39.836029052734375
2018-08-17,39.48055648803711
2018-08-20,39.55165100097656
2018-08-21,39.930816650390625
2018-08-23,39.42131423950195
2018-08-24,38.959205627441406
2018-08-27,38.58004379272461
2018-08-28,38.497093200683594
2018-08-29,38.39045715332031
2018-08-30,38.79331970214844
2018-08-31,39.48055648803711
2018-09-03,39.23173522949219
2018-09-04,37.3714485168457
2018-09-05,37.241111755371094
2018-09-06,37.845401763916016
2018-09-07,38.6392822265625
2018-09-10,38.94735336303711
2018-09-11,38.6621208190918
2018-09-12,37.889591217041016
2018-09-14,37.91335678100586
2018-09-17,36.79616165161133
2018-09-18,35.3818359375
2018-09-19,34.716270446777344
2018-09-21,32.77900314331055
2018-09-24,31.459768295288086
2018-09-25,31.542953491210938
2018-09-26,34.169559478759766
2018-09-27,33.587196350097656
2018-09-28,32.33926010131836
2018-10-01,33.34949493408203
2018-10-03,34.94208908081055
2018-10-04,32.46999740600586
2018-10-05,33.135562896728516
2018-10-08,32.04213333129883
2018-10-09,32.26795196533203
2018-10-10,33.34949493408203
2018-10-11,33.34949493408203
2018-10-12,33.36138153076172
2018-10-15,32.74335479736328
2018-10-16,33.218753814697266
2018-10-17,32.57695770263672
2018-10-19,32.36302947998047
2018-10-22,31.67369842529297
2018-10-23,31.340913772583008
2018-10-24,31.37656593322754
2018-10-25,31.174528121948242
2018-10-26,31.174528121948242
2018-10-29,31.88762664794922
2018-10-30,31.305259704589844
2018-10-31,31.519187927246094
2018-11-01,32.06590270996094
2018-11-02,31.994596481323242
2018-11-05,31.400339126586914
2018-11-06,31.352800369262695
2018-11-07,31.804433822631836
2018-11-09,32.030242919921875
2018-11-12,32.31548309326172
2018-11-13,30.3306827545166
2018-11-14,30.366336822509766
2018-11-15,30.865510940551758
2018-11-16,30.4614200592041
2018-11-19,30.473302841186523
2018-11-20,30.140525817871094
2018-11-21,29.950359344482422
2018-11-22,29.52249526977539
2018-11-26,29.64134979248047
2018-11-27,29.403648376464844
2018-11-28,29.356109619140625
2018-11-29,28.547924041748047
2018-11-30,27.29999351501465
2018-12-03,26.24222183227539
2018-12-04,28.500389099121094
2018-12-05,28.440959930419922
2018-12-06,28.333986282348633
2018-12-07,28.25080108642578
2018-12-10,27.430727005004883
2018-12-11,27.466386795043945
2018-12-12,28.215139389038086
2018-12-13,28.67865753173828
2018-12-14,28.40530014038086
2018-12-17,27.91801643371582
2018-12-18,27.585235595703125
2018-12-19,28.40530014038086
2018-12-20,29.10651969909668
2018-12-21,29.118404388427734
2018-12-24,28.60734748840332
2018-12-26,28.215139389038086
2018-12-27,28.096290588378906
2018-12-28,28.108179092407227
2018-12-31,28.46472930908203
2019-01-01,28.286453247070312
2019-01-02,27.834823608398438
2019-01-03,27.72785758972168
2019-01-04,28.155719757080078
2019-01-07,28.631120681762695
2019-01-08,28.476613998413086
2019-01-09,28.167598724365234
2019-01-10,27.929899215698242
2019-01-11,28.17949104309082
2019-01-14,28.215139389038086
2019-01-15,28.749967575073242
2019-01-16,28.749967575073242
2019-01-17,28.702428817749023
2019-01-18,28.46472930908203
2019-01-21,28.262683868408203
2019-01-22,28.203258514404297
2019-01-23,27.965557098388672
2019-01-24,27.72785758972168
2019-01-25,27.3831844329834
2019-01-28,25.457809448242188
2019-01-29,24.649621963500977
2019-01-30,24.85167121887207
2019-01-31,24.81601333618164
2019-02-01,24.221759796142578
2019-02-04,23.2828369140625
2019-02-05,24.863550186157227
2019-02-06,24.732818603515625
2019-02-07,26.170909881591797
2019-02-08,25.39838218688965
2019-02-11,25.636079788208008
2019-02-12,25.505346298217773
2019-02-14,23.116453170776367
2019-02-15,23.045137405395508
2019-02-18,22.046791076660156
2019-02-19,22.56973648071289
2019-02-20,22.557851791381836
2019-02-21,22.902517318725586
2019-02-22,23.9365177154541
2019-02-25,25.089372634887695
2019-02-26,24.340612411499023
2019-02-27,23.34226417541504
2019-02-28,23.48488998413086
2019-03-01,24.613969802856445
2019-03-05,26.337299346923828
2019-03-06,25.83812713623047
2019-03-07,26.539348602294922
2019-03-08,27.014753341674805
2019-03-11,27.097944259643555
2019-03-12,29.201602935791016
2019-03-13,28.072521209716797
2019-03-14,27.157371520996094
2019-03-15,26.82459259033203
2019-03-18,25.88567352294922
2019-03-19,26.979097366333008
2019-03-20,27.12171745300293
2019-03-22,26.658201217651367
2019-03-25,26.50369644165039
2019-03-26,26.943439483642578
2019-03-27,26.86024284362793
2019-03-28,27.53769302368164
2019-04-01,29.486845016479492
2019-04-02,31.210180282592773
2019-04-03,30.66346549987793
2019-04-04,32.33926010131836
2019-04-05,33.37325668334961
2019-04-08,33.14744186401367
2019-04-09,31.982715606689453
2019-04-10,31.150753021240234
2019-04-11,31.0556697845459
2019-04-12,31.43599510192871
2019-04-15,30.140525817871094
2019-04-16,30.592151641845703
2019-04-18,30.97247886657715
2019-04-22,30.11675262451172
2019-04-23,30.069210052490234
2019-04-24,32.030242919921875
2019-04-25,31.3171443939209
2019-04-26,31.19829559326172
2019-04-30,29.403648376464844
2019-05-02,29.201602935791016
2019-05-03,30.877397537231445
2019-05-06,29.46307373046875
2019-05-07,29.534385681152344
2019-05-08,29.225372314453125
2019-05-09,29.047096252441406
2019-05-10,28.64300537109375
2019-05-13,27.91801643371582
2019-05-14,27.775392532348633
2019-05-15,28.036867141723633
2019-05-16,27.680316925048828
2019-05-17,27.25244903564453
2019-05-20,28.417190551757812
2019-05-21,29.546268463134766
2019-05-22,29.510618209838867
2019-05-23,29.486845016479492
2019-05-24,30.140525817871094
2019-05-27,31.067554473876953
2019-05-28,30.437646865844727
2019-05-29,30.449535369873047
2019-05-30,30.85362434387207
2019-05-31,30.092979431152344
2019-06-03,30.199949264526367
2019-06-04,30.199949264526367
2019-06-06,29.332338333129883
2019-06-07,28.512271881103516
2019-06-10,27.8704776763916
2019-06-11,27.63277244567871
2019-06-12,27.442615509033203
2019-06-13,26.967214584350586
2019-06-14,25.945093154907227
2019-06-17,25.719276428222656
2019-06-18,25.05371856689453
2019-06-19,23.603734970092773
2019-06-20,25.13690948486328
2019-06-21,24.566423416137695
2019-06-24,24.447580337524414
2019-06-25,24.47134780883789
2019-06-26,24.162334442138672
2019-06-27,24.732818603515625
2019-06-28,24.447580337524414
2019-07-01,23.627506256103516
2019-07-02,23.330381393432617
2019-07-03,23.508657455444336
2019-07-04,23.425466537475586
2019-07-05,21.095989227294922
2019-07-08,16.92432975769043
2019-07-09,16.662857055664062
2019-07-10,16.722286224365234
2019-07-11,18.112838745117188
2019-07-12,17.637435913085938
2019-07-15,17.043184280395508
2019-07-16,17.88702392578125
2019-07-17,18.861597061157227
2019-07-18,19.206262588500977
2019-07-19,19.966909408569336
2019-07-22,19.50339126586914
2019-07-23,20.038219451904297
2019-07-24,19.039873123168945
2019-07-25,19.158723831176758
2019-07-26,19.027990341186523
2019-07-29,19.01610565185547
2019-07-30,19.039873123168945
2019-07-31,19.491506576538086
2019-08-01,19.063642501831055
2019-08-02,19.01610565185547
2019-08-05,19.063642501831055
2019-08-06,19.527162551879883
2019-08-07,19.01610565185547
2019-08-08,19.158723831176758
2019-08-09,19.50339126586914
2019-08-13,19.039873123168945
2019-08-14,19.027990341186523
2019-08-16,19.33700180053711
2019-08-19,19.063642501831055
2019-08-20,19.123065948486328
2019-08-21,19.01610565185547
2019-08-22,19.01610565185547
2019-08-23,19.027990341186523
2019-08-26,18.564468383789062
2019-08-27,18.980445861816406
2019-08-28,19.01610565185547
2019-08-29,19.039873123168945
2019-08-30,19.0517578125
2019-09-03,19.063642501831055
2019-09-04,19.087413787841797
2019-09-05,19.01610565185547
2019-09-06,19.01610565185547
2019-09-09,20.727550506591797
2019-09-11,21.440654754638672
2019-09-12,22.08245086669922
2019-09-13,21.797208786010742
2019-09-16,20.91771125793457
2019-09-17,20.05010414123535
2019-09-18,20.18240737915039
2019-09-19,19.25627899169922
2019-09-20,19.83360481262207
2019-09-23,19.86968994140625
2019-09-24,20.543237686157227
2019-09-25,19.268306732177734
2019-09-26,19.641162872314453
2019-09-27,19.61710548400879
2019-09-30,19.24424934387207
2019-10-01,19.24424934387207
2019-10-03,19.25627899169922
2019-10-04,19.24424934387207
2019-10-07,19.23221778869629
2019-10-09,19.25627899169922
2019-10-10,18.799226760864258
2019-10-11,18.979642868041992
2019-10-14,19.24424934387207
2019-10-15,19.24424934387207
2019-10-16,18.799226760864258
2019-10-17,18.811250686645508
2019-10-18,18.6789493560791
2019-10-22,17.861068725585938
2019-10-23,18.270009994506836
2019-10-24,17.88512420654297
2019-10-25,17.584434509277344
2019-10-27,17.62051773071289
2019-10-29,17.752822875976562
2019-10-30,17.945261001586914
2019-10-31,18.041486740112305
2019-11-01,17.728763580322266
2019-11-04,17.295774459838867
2019-11-05,16.333555221557617
2019-11-06,16.429779052734375
2019-11-07,16.153141021728516
2019-11-08,15.732175827026367
2019-11-11,16.09300422668457
2019-11-13,15.347289085388184
2019-11-14,15.491622924804688
2019-11-15,14.52940845489502
2019-11-18,16.056922912597656
2019-11-19,16.983049392700195
2019-11-20,16.020837783813477
2019-11-21,15.66000747680664
2019-11-22,15.828396797180176
2019-11-25,15.960697174072266
2019-11-26,16.09300422668457
2019-11-27,17.572404861450195
2019-11-28,18.161758422851562
2019-11-29,17.861068725585938
2019-12-02,17.067245483398438
2019-12-03,16.874801635742188
2019-12-04,15.720144271850586
2019-12-05,15.828396797180176
2019-12-06,15.395400047302246
2019-12-09,15.058627128601074
2019-12-10,15.599870681762695
2019-12-11,15.347289085388184
2019-12-12,15.299179077148438
2019-12-13,15.888535499572754
2019-12-16,15.852453231811523
2019-12-17,15.732175827026367
2019-12-18,15.66000747680664
2019-12-19,15.635952949523926
2019-12-20,15.527706146240234
2019-12-23,16.56207847595215
2019-12-24,16.405723571777344
2019-12-26,16.032867431640625
2019-12-27,15.900561332702637
2019-12-30,15.94866943359375
2019-12-31,15.94866943359375
2020-01-01,16.550058364868164
2020-01-02,17.13941192626953
2020-01-03,17.608491897583008
2020-01-06,16.802635192871094
2020-01-07,16.838720321655273
2020-01-08,16.89885902404785
2020-01-09,16.874801635742188
2020-01-10,17.24765968322754
2020-01-13,16.934940338134766
2020-01-14,17.007110595703125
2020-01-15,16.886825561523438
2020-01-16,17.48821449279785
2020-01-17,17.067245483398438
2020-01-20,16.574113845825195
2020-01-21,16.3455867767334
2020-01-22,16.417749404907227
2020-01-23,16.874801635742188
2020-01-24,16.53802490234375
2020-01-27,16.56207847595215
2020-01-28,16.22530746459961
2020-01-29,16.14111328125
2020-01-30,15.876509666442871
2020-01-31,15.984752655029297
2020-02-03,16.16516876220703
2020-02-04,16.525999069213867
2020-02-05,16.429779052734375
2020-02-06,16.983049392700195
2020-02-07,16.682357788085938
2020-02-10,17.13941192626953
2020-02-11,17.091299057006836
2020-02-12,17.055217742919922
2020-02-13,17.043106079101562
2020-02-14,17.37015724182129
2020-02-17,16.84929656982422
2020-02-18,16.292091369628906
2020-02-19,16.679706573486328
2020-02-20,16.65548324584961
2020-02-24,16.861404418945312
2020-02-25,16.81295394897461
2020-02-26,16.95831298828125
2020-02-27,16.170963287353516
2020-02-28,15.04444408416748
2020-03-02,14.681053161621094
2020-03-03,14.378226280212402
2020-03-04,13.263823509216309
2020-03-05,13.215368270874023
2020-03-06,12.537038803100586
2020-03-09,12.682395935058594
2020-03-11,11.749685287475586
2020-03-12,9.545106887817383
2020-03-13,8.176328659057617
2020-03-16,7.364752769470215
2020-03-17,7.570674419403076
2020-03-18,8.285346984863281
2020-03-19,7.740258693695068
2020-03-20,8.45492935180664
2020-03-23,7.6312408447265625
2020-03-24,8.030970573425293
2020-03-25,7.267847537994385
2020-03-26,7.6312408447265625
2020-03-27,7.0134735107421875
2020-03-30,7.061924934387207
2020-03-31,7.061924934387207
2020-04-01,7.170943737030029
2020-04-03,6.843890190124512
2020-04-07,6.916568756103516
2020-04-08,7.086152076721191
2020-04-09,7.7887115478515625
2020-04-13,8.636627197265625
2020-04-15,7.897729396820068
2020-04-16,7.861390113830566
2020-04-17,8.261119842529297
2020-04-20,8.430702209472656
2020-04-21,8.030970573425293
2020-04-22,8.285346984863281
2020-04-23,8.46704387664795
2020-04-24,7.243621349334717
2020-04-27,7.243621349334717
2020-04-28,7.146717071533203
2020-04-29,7.207281589508057
2020-04-30,7.110377311706543
2020-05-04,7.231508255004883
2020-05-05,7.134604454040527
2020-05-06,7.170943737030029
2020-05-07,7.146717071533203
2020-05-08,7.146717071533203
2020-05-11,7.207281589508057
2020-05-12,7.086152076721191
2020-05-13,7.316300392150879
2020-05-14,7.207281589508057
2020-05-15,7.134604454040527
2020-05-18,6.662193298339844
2020-05-19,6.674306869506836
2020-05-20,6.698533058166504
2020-05-21,6.9892473220825195
2020-05-22,7.074039459228516
2020-05-26,7.64335298538208
2020-05-27,7.558562278747559
2020-05-28,7.6191277503967285
2020-05-29,7.558562278747559
2020-06-01,7.849276065826416
2020-06-02,9.399747848510742
2020-06-03,10.526267051696777
2020-06-04,9.969063758850098
2020-06-05,10.574719429016113
2020-06-08,10.913887023925781
2020-06-09,10.611056327819824
2020-06-10,10.598945617675781
2020-06-11,10.344571113586426
2020-06-12,10.744300842285156
2020-06-15,10.50204086303711
2020-06-16,10.453588485717773
2020-06-17,10.405137062072754
2020-06-18,10.6473970413208
2020-06-19,10.598945617675781
2020-06-22,11.071355819702148
2020-06-23,11.652782440185547
2020-06-24,12.052515029907227
2020-06-25,14.463016510009766
2020-06-26,16.5101261138916
2020-06-29,15.032331466674805
2020-06-30,15.77122974395752
2020-07-01,15.722780227661133
2020-07-02,14.668939590454102
2020-07-03,15.068671226501465
2020-07-06,15.020220756530762
2020-07-07,15.032331466674805
2020-07-08,15.020220756530762
2020-07-09,15.080784797668457
2020-07-10,15.16557788848877
2020-07-13,15.032331466674805
2020-07-14,15.032331466674805
2020-07-15,15.04444408416748
2020-07-16,15.129236221313477
2020-07-17,15.04444408416748
2020-07-20,16.231529235839844
2020-07-21,16.837182998657227
2020-07-22,17.2490234375
2020-07-23,18.26652717590332
2020-07-24,19.332475662231445
2020-07-27,20.289411544799805
2020-07-28,21.2947940826416
2020-07-29,20.979856491088867
2020-07-30,19.938127517700195
2020-07-31,18.944854736328125
2020-08-03,19.86545181274414
2020-08-04,20.846614837646484
2020-08-05,21.403812408447266
2020-08-06,21.173662185668945
2020-08-07,22.227500915527344
2020-08-10,23.32979393005371
2020-08-11,24.214046478271484
2020-08-12,25.15886688232422
2020-08-13,26.40651512145996
2020-08-14,27.726839065551758
2020-08-17,29.10773468017578
2020-08-18,29.144071578979492
2020-08-19,28.974485397338867
2020-08-20,29.54380226135254
2020-08-21,29.64070701599121
2020-08-24,29.568031311035156
2020-08-25,28.477855682373047
2020-08-26,27.751068115234375
2020-08-27,26.39440155029297
2020-08-28,25.086193084716797
2020-08-31,23.838542938232422
2020-09-01,22.65145492553711
2020-09-02,23.777976989746094
2020-09-03,24.965059280395508
2020-09-04,25.183088302612305
2020-09-07,25.21943473815918
2020-09-08,25.098302841186523
2020-09-09,25.510149002075195
2020-09-10,26.29749870300293
2020-09-11,26.017606735229492
2020-09-14,26.29749870300293
2020-09-15,25.32396697998047
2020-09-16,25.920255661010742
2020-09-17,25.32396697998047
2020-09-18,24.581649780273438
2020-09-21,23.474260330200195
2020-09-22,22.366865158081055
2020-09-23,21.843595504760742
2020-09-24,20.97958755493164
2020-09-25,20.13991928100586
2020-09-28,21.137788772583008
2020-09-29,22.05047035217285
2020-09-30,21.490692138671875
2020-10-01,20.67535972595215
2020-10-05,19.653148651123047
2020-10-06,20.626680374145508
2020-10-07,19.79918098449707
2020-10-08,19.263734817504883
2020-10-09,19.31241226196289
2020-10-12,18.4605712890625
2020-10-13,18.265869140625
2020-10-14,19.17855453491211
2020-10-15,18.29020881652832
2020-10-16,18.01031494140625
2020-10-19,18.8134822845459
2020-10-20,19.434104919433594
2020-10-21,19.61663818359375
2020-10-22,20.590173721313477
2020-10-23,20.906574249267578
2020-10-26,21.18646240234375
2020-10-27,21.66105842590332
2020-10-28,21.770578384399414
2020-10-29,21.113447189331055
2020-10-30,20.10340690612793
2020-11-02,19.653148651123047
2020-11-03,19.981718063354492
2020-11-04,20.97958755493164
2020-11-05,20.967418670654297
2020-11-06,20.10340690612793
2020-11-09,19.969547271728516
2020-11-10,20.01822280883789
2020-11-11,19.47060775756836
2020-11-12,19.39759635925293
2020-11-13,19.44627571105957
2020-11-14,19.531457901000977
2020-11-17,18.959510803222656
2020-11-18,18.89866828918457
2020-11-19,18.67962074279785
2020-11-20,17.88862419128418
2020-11-23,18.776975631713867
2020-11-24,18.630943298339844
2020-11-25,18.265869140625
2020-11-26,19.08120346069336
2020-11-27,19.543628692626953
2020-12-01,20.517160415649414
2020-12-02,21.089107513427734
2020-12-03,22.13565444946289
2020-12-04,22.999658584594727
2020-12-07,22.074810028076172
2020-12-08,21.39333724975586
2020-12-09,21.028261184692383
2020-12-10,20.651018142700195
2020-12-11,22.0261287689209
2020-12-14,22.646757125854492
2020-12-15,22.28168296813965
2020-12-16,22.512895584106445
2020-12-17,22.074810028076172
2020-12-18,22.245176315307617
2020-12-21,20.821388244628906
2020-12-22,20.13991928100586
2020-12-23,20.553667068481445
2020-12-24,20.60234260559082
2020-12-28,20.797048568725586
2020-12-29,20.94308090209961
2020-12-30,21.10127830505371
2020-12-31,20.784879684448242
2021-01-01,20.699695587158203
2021-01-04,21.794918060302734
2021-01-05,23.060508728027344
2021-01-06,22.938814163208008
2021-01-07,27.52657699584961
2021-01-08,30.13077735900879
2021-01-11,28.573123931884766
2021-01-12,27.58742332458496
2021-01-13,27.623933792114258
2021-01-14,27.52657699584961
2021-01-15,27.003305435180664
2021-01-18,25.762056350708008
2021-01-19,25.956764221191406
2021-01-20,25.5551815032959
2021-01-21,25.5551815032959
2021-01-22,25.3969783782959
2021-01-25,24.56947898864746
2021-01-27,24.47212791442871
2021-01-28,24.69116973876953
2021-01-29,24.958894729614258
2021-02-01,25.37264633178711
2021-02-02,25.250951766967773
2021-02-03,24.80069351196289
2021-02-04,26.577388763427734
2021-02-05,25.67687225341797
2021-02-08,25.701208114624023
2021-02-09,25.3604736328125
2021-02-10,25.42131996154785
2021-02-11,25.628692626953125
2021-02-12,25.189552307128906
2021-02-15,25.043170928955078
2021-02-16,25.531103134155273
2021-02-17,25.384727478027344
2021-02-18,25.482311248779297
2021-02-19,25.201749801635742
2021-02-22,24.71381378173828
2021-02-23,24.628429412841797
2021-02-24,24.469852447509766
2021-02-25,25.274938583374023
2021-02-26,26.1776180267334
2021-03-01,25.36032485961914
2021-03-02,25.11635971069336
2021-03-03,25.14076042175293
2021-03-04,24.84799575805664
2021-03-05,24.604028701782227
2021-03-08,26.12882423400879
2021-03-09,26.153215408325195
2021-03-10,28.544090270996094
2021-03-12,27.47063636779785
2021-03-15,26.519168853759766
2021-03-16,26.47037696838379
2021-03-17,25.543302536010742
2021-03-18,25.665285110473633
2021-03-19,25.26274299621582
2021-03-22,24.787006378173828
2021-03-23,24.579635620117188
2021-03-24,24.299072265625
2021-03-25,23.311010360717773
2021-03-26,23.591567993164062
2021-03-30,23.115835189819336
2021-03-31,22.493717193603516
2021-04-01,23.640365600585938
2021-04-05,23.030447006225586
2021-04-06,23.250019073486328
2021-04-07,23.2622127532959
2021-04-08,23.493982315063477
2021-04-09,23.237817764282227
2021-04-12,21.53005027770996
2021-04-13,22.0789794921875
2021-04-15,21.57884407043457
2021-04-16,21.83500862121582
2021-04-19,20.846942901611328
2021-04-20,21.408069610595703
2021-04-22,21.10310935974121
2021-04-23,21.04212188720703
2021-04-26,21.066513061523438
2021-04-27,22.383934020996094
2021-04-28,22.7620849609375
2021-04-29,22.091176986694336
2021-04-30,22.0789794921875
2021-05-03,21.8960018157959
2021-05-04,21.395872116088867
2021-05-05,21.591045379638672
2021-05-06,23.311010360717773
2021-05-07,22.7620849609375
2021-05-10,22.94506072998047
2021-05-11,23.28661346435547
2021-05-12,23.115835189819336
2021-05-14,22.957258224487305
2021-05-17,23.18902587890625
2021-05-18,23.506179809570312
2021-05-19,25.043170928955078
2021-05-20,25.909252166748047
2021-05-21,27.726802825927734
2021-05-24,27.592620849609375
2021-05-25,26.8729190826416
2021-05-26,27.01930046081543
2021-05-27,26.519168853759766
2021-05-28,26.3605899810791
2021-05-31,26.12882423400879
2021-06-01,28.129352569580078
2021-06-02,30.837377548217773
2021-06-03,31.081342697143555
2021-06-04,30.569015502929688
2021-06-07,31.398500442504883
2021-06-08,30.995954513549805
2021-06-09,31.398500442504883
2021-06-10,31.41069984436035
2021-06-11,31.23992156982422
2021-06-14,30.58121109008789
2021-06-15,30.520219802856445
2021-06-16,31.227724075317383
2021-06-17,34.350494384765625
2021-06-18,33.47221755981445
2021-06-21,32.98428726196289
2021-06-22,32.47195816040039
2021-06-23,31.27651596069336
2021-06-24,31.740053176879883
2021-06-25,31.75225830078125
2021-06-28,31.227724075317383
2021-06-29,31.66686248779297
2021-06-30,31.593671798706055
2021-07-01,31.227724075317383
2021-07-02,31.264318466186523
2021-07-05,31.544883728027344
2021-07-06,32.32556915283203
2021-07-07,32.14259719848633
2021-07-08,31.483888626098633
2021-07-09,31.422901153564453
2021-07-12,31.764450073242188
2021-07-13,32.764713287353516
2021-07-14,32.58174133300781
2021-07-15,33.82596969604492
2021-07-16,33.081871032714844
2021-07-19,32.10600662231445
2021-07-20,31.398500442504883
2021-07-22,32.04501724243164
2021-07-23,31.776649475097656
2021-07-26,32.5329475402832
2021-07-27,33.362430572509766
2021-07-28,37.02192687988281
2021-07-29,37.302490234375
2021-07-30,36.96094512939453
2021-08-02,36.83895492553711
2021-08-03,40.80341339111328
2021-08-04,39.54698944091797
2021-08-05,37.26589584350586
2021-08-06,37.08292007446289
2021-08-09,36.08266067504883
2021-08-10,34.313899993896484
2021-08-11,37.692840576171875
2021-08-12,37.22929763793945
2021-08-13,37.863609313964844
2021-08-16,37.43667221069336
2021-08-17,36.753570556640625
2021-08-18,36.18024444580078
2021-08-20,35.13119125366211
2021-08-23,41.364540100097656
2021-08-24,46.23167037963867
2021-08-25,48.67133331298828
2021-08-26,48.96409225463867
2021-08-27,48.09801483154297
2021-08-30,51.31837463378906
2021-08-31,49.33004379272461
2021-09-01,49.830177307128906
2021-09-02,53.343292236328125
2021-09-03,54.416744232177734
2021-09-06,54.06300354003906
2021-09-07,53.69704818725586
2021-09-08,57.8200798034668
2021-09-09,59.77181625366211
2021-09-13,59.62543869018555
2021-09-14,61.29661178588867
2021-09-15,67.42018127441406
2021-09-16,72.52369689941406
2021-09-17,74.4405746459961
2021-09-20,67.00505065917969
2021-09-21,60.49745559692383
2021-09-22,62.06025314331055
2021-09-23,57.17650604248047
2021-09-24,56.22417068481445
2021-09-27,59.03233337402344
2021-09-28,61.97478485107422
2021-09-29,63.70852279663086
2021-09-30,64.2457275390625
2021-10-01,61.877113342285156
2021-10-04,64.9660873413086
2021-10-05,65.68643188476562
2021-10-06,63.281185150146484
2021-10-07,62.37770462036133
2021-10-08,65.49110412597656
2021-10-11,63.623050689697266
2021-10-12,62.74398422241211
2021-10-13,59.764896392822266
2021-10-14,58.59279251098633
2021-10-18,57.567203521728516
2021-10-19,57.029998779296875
2021-10-20,55.02765655517578
2021-10-21,57.506160736083984
2021-10-22,55.36951446533203
2021-10-25,52.659034729003906
2021-10-26,52.42705535888672
2021-10-27,50.1683235168457
2021-10-28,52.67124557495117
2021-10-29,52.7811279296875
2021-11-01,55.36951446533203
2021-11-02,53.77008819580078
2021-11-03,54.83230972290039
2021-11-04,56.126502990722656
2021-11-08,55.12533187866211
2021-11-09,53.635780334472656
2021-11-10,53.28171920776367
2021-11-11,53.66020965576172
2021-11-12,53.02531051635742
2021-11-15,51.87763214111328
2021-11-16,52.03635787963867
2021-11-17,51.40147018432617
2021-11-18,51.596824645996094
2021-11-22,49.82645797729492
2021-11-23,51.67007827758789
2021-11-24,54.221839904785156
2021-11-25,53.95323181152344
2021-11-26,51.26716613769531
2021-11-29,49.38692855834961
2021-11-30,47.26249313354492
2021-12-01,46.102603912353516
2021-12-02,47.6531867980957
2021-12-03,46.92062759399414
2021-12-06,45.67527389526367
2021-12-07,46.615394592285156
2021-12-08,47.26249313354492
2021-12-09,47.384586334228516
2021-12-10,49.75320053100586
2021-12-13,52.21950149536133
2021-12-14,51.657867431640625
2021-12-15,50.9497184753418
2021-12-16,50.04622268676758
2021-12-17,47.787498474121094
2021-12-20,48.53227233886719
2021-12-21,47.7142448425293
2021-12-22,46.82295227050781
2021-12-23,47.32353973388672
2021-12-24,46.88399887084961
2021-12-27,46.261322021484375
2021-12-28,46.4932975769043
2021-12-29,46.505516052246094
2021-12-30,46.18806457519531
2021-12-31,46.127017974853516
2022-01-03,46.261322021484375
2022-01-04,46.34678649902344
2022-01-05,46.11481475830078
2022-01-06,48.41017150878906
2022-01-07,50.82762908935547
2022-01-10,53.3671875
2022-01-11,53.78229522705078
2022-01-12,51.4869384765625
2022-01-13,50.888675689697266
2022-01-14,51.73112487792969
2022-01-17,54.30729675292969
2022-01-18,55.57707977294922
2022-01-19,56.48057556152344
2022-01-20,55.528236389160156
2022-01-21,53.46485137939453
2022-01-24,50.803218841552734
2022-01-25,51.596824645996094
2022-01-27,54.17300033569336
2022-01-28,56.87126541137695
2022-01-31,58.91023254394531
2022-02-01,60.33873748779297
2022-02-02,61.82827377319336
2022-02-03,62.414329528808594
2022-02-04,60.570709228515625
2022-02-07,62.9637451171875
2022-02-08,61.07129669189453
2022-02-09,58.36081314086914
2022-02-10,59.17884826660156
2022-02-11,57.707645416259766
2022-02-14,54.82655715942383
2022-02-15,57.388885498046875
2022-02-16,56.76362228393555
2022-02-17,55.598934173583984
2022-02-18,55.047237396240234
2022-02-21,52.64427947998047
2022-02-22,51.36924362182617
2022-02-23,52.05580520629883
2022-02-24,49.45669174194336
2022-02-25,51.92094802856445
2022-02-28,53.04886245727539
2022-03-02,52.47263717651367
2022-03-03,53.747676849365234
2022-03-04,53.625083923339844
2022-03-07,50.95240783691406
2022-03-08,53.428924560546875
2022-03-09,55.90542984008789
2022-03-10,54.78977966308594
2022-03-11,54.802032470703125
2022-03-14,54.115478515625
2022-03-15,53.514739990234375
2022-03-16,56.187408447265625
2022-03-17,56.17515182495117
2022-03-21,56.27322769165039
2022-03-22,58.173519134521484
2022-03-23,61.00557327270508
2022-03-24,58.76199722290039
2022-03-25,58.66392135620117
2022-03-28,58.27159881591797
2022-03-29,57.670867919921875
2022-03-30,57.817989349365234
2022-03-31,57.707645416259766
2022-04-01,60.588741302490234
2022-04-04,63.12655258178711
2022-04-05,65.98311614990234
2022-04-06,69.23200988769531
2022-04-07,79.81237030029297
2022-04-08,80.36405181884766
2022-04-11,80.22920227050781
2022-04-12,79.68975067138672
2022-04-13,80.695068359375
2022-04-18,80.81768035888672
2022-04-19,80.38858032226562
2022-04-20,80.47441101074219
2022-04-21,80.9402847290039
2022-04-22,81.06287384033203
2022-04-25,81.14869689941406
2022-04-26,84.75312805175781
2022-04-27,82.66893005371094
2022-04-28,90.35592651367188
2022-04-29,88.67632293701172
2022-05-02,89.73067474365234
2022-05-04,86.61663818359375
2022-05-05,88.82344818115234
2022-05-06,85.04736328125
2022-05-09,83.46583557128906
2022-05-10,81.6513442993164
2022-05-11,81.78620147705078
2022-05-12,77.91206359863281
2022-05-13,80.57247924804688
2022-05-16,82.11723327636719
2022-05-17,82.99994659423828
2022-05-18,92.04779815673828
2022-05-19,90.28236389160156
2022-05-20,95.48058319091797
2022-05-23,96.19168090820312
2022-05-24,94.32816314697266
2022-05-25,91.11604309082031
2022-05-26,91.99877166748047
2022-05-27,93.24928283691406
2022-05-30,93.34736633300781
2022-05-31,91.6064453125
2022-06-01,90.40497589111328
2022-06-02,90.96891784667969
2022-06-03,89.7429428100586
2022-06-06,88.8602066040039
2022-06-07,87.95297241210938
2022-06-08,86.87409973144531
2022-06-09,94.62239074707031
2022-06-10,96.06906127929688
2022-06-13,93.07764434814453
2022-06-14,100.33554077148438
2022-06-15,103.59669494628906
2022-06-16,105.36212158203125
2022-06-17,103.17985534667969
2022-06-20,102.10096740722656
2022-06-21,98.10421752929688
2022-06-22,94.15650939941406
2022-06-23,94.49978637695312
2022-06-24,95.23538970947266
2022-06-27,99.5509033203125
2022-06-28,97.49122619628906
2022-06-29,97.09892272949219
2022-06-30,94.49978637695312
2022-07-01,95.75031280517578
2022-07-04,95.03923034667969
2022-07-05,98.74174499511719
2022-07-06,98.64364624023438
2022-07-07,99.10954284667969
2022-07-08,102.19904327392578
2022-07-11,103.10629272460938
2022-07-12,103.9399642944336
2022-07-13,103.64573669433594
2022-07-14,103.00820922851562
2022-07-15,110.80553436279297
2022-07-18,117.00909423828125
2022-07-19,117.08264923095703
2022-07-20,115.68500518798828
2022-07-21,122.9674301147461
2022-07-22,126.03242492675781
2022-07-25,124.7083511352539
2022-07-26,119.24039459228516
2022-07-27,116.96005249023438
2022-07-28,116.64128875732422
2022-07-29,118.48028564453125
2022-08-01,117.69566345214844
2022-08-02,118.23509216308594
2022-08-03,116.81291961669922
2022-08-04,115.85664367675781
2022-08-05,120.66255950927734
2022-08-08,115.39077758789062
2022-08-10,114.97394561767578
2022-08-11,113.55178833007812
2022-08-12,114.65518188476562
2022-08-16,116.1263656616211
2022-08-17,119.58367919921875
2022-08-18,119.14232635498047
2022-08-19,114.43450164794922
2022-08-22,110.80553436279297
2022-08-23,109.45694732666016
2022-08-24,108.64778900146484
2022-08-25,111.49211120605469
2022-08-26,115.2927017211914
2022-08-29,111.78634643554688
2022-08-30,127.30745697021484
2022-09-01,123.53137969970703
2022-09-02,119.90243530273438
2022-09-05,123.80109405517578
2022-09-06,120.6380386352539
2022-09-07,126.10597229003906
2022-09-08,124.56122589111328
2022-09-09,124.07083129882812
2022-09-12,123.97276306152344
2022-09-13,143.19085693359375
2022-09-14,146.89703369140625
2022-09-15,143.11720275878906
2022-09-16,138.74835205078125
2022-09-19,133.5449676513672
2022-09-20,139.4846649169922
2022-09-21,140.9327850341797
2022-09-22,141.27638244628906
2022-09-23,138.50289916992188
2022-09-26,130.6487579345703
2022-09-27,132.53866577148438
2022-09-28,131.0169219970703
2022-09-29,133.42225646972656
2022-09-30,138.9937744140625
2022-10-03,137.57020568847656
2022-10-04,139.1410675048828
2022-10-06,138.87106323242188
2022-10-07,139.01834106445312
2022-10-10,134.69854736328125
2022-10-11,138.0856475830078
2022-10-12,139.5583038330078
2022-10-13,139.92648315429688
2022-10-14,142.94540405273438
2022-10-17,157.0337677001953
2022-10-18,150.82408142089844
2022-10-19,158.58006286621094
2022-10-20,162.7525634765625
2022-10-21,162.60531616210938
2022-10-24,163.9797821044922
2022-10-25,160.64178466796875
2022-10-27,156.81288146972656
2022-10-28,155.41384887695312
2022-10-31,159.66001892089844
2022-11-01,163.29254150390625
2022-11-02,167.12142944335938
2022-11-03,166.40966796875
2022-11-04,164.54432678222656
2022-11-07,166.40966796875
2022-11-09,177.16000366210938
2022-11-10,175.9082794189453
2022-11-11,176.52186584472656
2022-11-14,174.2637939453125
2022-11-15,173.20840454101562
2022-11-16,172.96295166015625
2022-11-17,174.1410675048828
2022-11-18,176.9636688232422
2022-11-21,177.25820922851562
2022-11-22,179.3444366455078
2022-11-23,177.25820922851562
2022-11-24,176.7182159423828
2022-11-25,177.3318328857422
2022-11-28,171.63755798339844
2022-11-29,171.02395629882812
2022-11-30,183.0997314453125
2022-12-01,184.35145568847656
2022-12-02,182.06884765625
2022-12-05,181.57797241210938
2022-12-06,179.04991149902344
2022-12-07,177.4054718017578
2022-12-08,187.4194793701172
2022-12-09,187.81219482421875
2022-12-12,184.1305694580078
2022-12-13,198.6607208251953
2022-12-14,198.46438598632812
2022-12-15,191.9355926513672
2022-12-16,192.77012634277344
2022-12-19,195.5681610107422
2022-12-20,195.371826171875
2022-12-21,187.5667724609375
2022-12-22,174.2147216796875
2022-12-23,155.0702362060547
2022-12-26,171.36761474609375
2022-12-27,171.02395629882812
2022-12-28,167.98048400878906
2022-12-29,166.2624053955078
2022-12-30,162.28623962402344
2023-01-02,169.2077178955078
2023-01-03,168.3732147216797
2023-01-04,167.29324340820312
2023-01-05,167.14598083496094
2023-01-06,166.75326538085938
2023-01-09,173.822021484375
2023-01-10,168.4222869873047
2023-01-11,167.8332061767578
2023-01-12,167.5877685546875
2023-01-13,166.11514282226562
2023-01-16,162.4825897216797
2023-01-17,162.5316619873047
2023-01-18,180.2034912109375
2023-01-19,179.3199005126953
2023-01-20,178.73086547851562
2023-01-23,175.78555297851562
2023-01-24,174.16561889648438
2023-01-25,170.72943115234375
2023-01-27,165.08425903320312
2023-01-30,169.55130004882812
2023-01-31,179.71261596679688
2023-02-01,177.7490692138672
2023-02-02,176.865478515625
2023-02-03,179.1726531982422
2023-02-06,177.7490692138672
2023-02-07,183.19789123535156
2023-02-08,178.23997497558594
2023-02-09,177.50364685058594
2023-02-10,174.2637939453125
2023-02-13,169.69859313964844
2023-02-14,166.11514282226562
2023-02-15,166.9987335205078
2023-02-16,167.29324340820312
2023-02-17,166.456298828125
2023-02-20,161.04067993164062
2023-02-21,166.25936889648438
2023-02-22,159.02212524414062
2023-02-23,157.3974609375
2023-02-24,157.59439086914062
2023-02-27,152.52337646484375
2023-02-28,153.06494140625
2023-03-01,159.9575653076172
2023-03-02,161.87762451171875
2023-03-03,162.12380981445312
2023-03-06,160.696044921875
2023-03-08,160.696044921875
2023-03-09,159.76060485839844
2023-03-10,160.84376525878906
2023-03-13,156.41278076171875
2023-03-14,153.50804138183594
2023-03-15,157.84054565429688
2023-03-16,154.68963623046875
2023-03-17,154.49270629882812
2023-03-20,151.9326171875
2023-03-21,153.11419677734375
2023-03-22,154.54193115234375
2023-03-23,153.26187133789062
2023-03-24,150.7017822265625
2023-03-27,148.6832275390625
2023-03-28,147.79705810546875
2023-03-29,148.92941284179688
2023-03-31,163.15768432617188
2023-04-03,163.10845947265625
2023-04-05,163.20692443847656
2023-04-06,163.45310974121094
2023-04-10,164.4869842529297
2023-04-11,172.80734252929688
2023-04-12,170.59185791015625
2023-04-13,170.14877319335938
2023-04-17,164.9792938232422
2023-04-18,167.2440185546875
2023-04-19,166.7024688720703
2023-04-20,165.1269989013672
2023-04-21,175.41665649414062
2023-04-24,178.32144165039062
2023-04-25,178.07525634765625
2023-04-26,175.662841796875
2023-04-27,175.90902709960938
2023-04-28,176.64749145507812
2023-05-02,177.23831176757812
2023-05-03,174.4812469482422
2023-05-04,172.51193237304688
2023-05-05,171.57652282714844
2023-05-08,170.44415283203125
2023-05-09,178.51837158203125
2023-05-10,186.44482421875
2023-05-11,191.02349853515625
2023-05-12,185.65711975097656
2023-05-15,185.01707458496094
2023-05-16,188.75877380371094
2023-05-17,184.96786499023438
2023-05-18,173.9889373779297
2023-05-19,171.7734375
2023-05-22,173.59506225585938
2023-05-23,172.56118774414062
2023-05-24,166.8501434326172
2023-05-25,168.47483825683594
2023-05-26,176.15516662597656
2023-05-29,178.27218627929688
2023-05-30,180.33995056152344
2023-05-31,180.19227600097656
2023-06-01,180.93075561523438
2023-06-02,182.21080017089844
2023-06-05,184.37705993652344
2023-06-06,181.1769256591797
2023-06-07,178.27218627929688
2023-06-08,178.32144165039062
2023-06-09,177.1398162841797
2023-06-12,178.02603149414062
2023-06-13,183.19546508789062
2023-06-14,191.46658325195312
2023-06-15,191.51583862304688
2023-06-16,196.4883575439453
2023-06-19,192.05738830566406
2023-06-20,190.9250030517578
2023-06-21,194.37130737304688
2023-06-22,196.83297729492188
2023-06-23,191.2696533203125
2023-06-26,190.7281036376953
2023-06-27,194.12515258789062
2023-06-28,204.16867065429688
2023-06-30,204.71023559570312
2023-07-03,208.55038452148438
2023-07-04,200.8700714111328
2023-07-05,207.4180145263672
2023-07-06,206.82723999023438
2023-07-07,203.57789611816406
2023-07-10,209.4857940673828
2023-07-11,212.14437866210938
2023-07-12,216.5753173828125
2023-07-13,215.4429931640625
2023-07-14,216.1814727783203
2023-07-17,217.7077178955078
2023-07-18,215.68914794921875
2023-07-19,215.88607788085938
2023-07-20,213.1782989501953
2023-07-21,213.3751983642578
2023-07-24,212.68594360351562
2023-07-25,212.4397735595703
2023-07-26,210.27352905273438
2023-07-27,211.1597137451172
2023-07-28,209.2888641357422
2023-07-31,239.1732177734375
2023-08-01,239.41937255859375
2023-08-02,238.63168334960938
2023-08-03,238.73013305664062
2023-08-04,238.23779296875
2023-08-07,241.97947692871094
2023-08-08,243.3087921142578
2023-08-09,246.7058563232422
2023-08-10,246.9027862548828
2023-08-11,245.13040161132812
2023-08-14,241.83181762695312
2023-08-16,240.50253295898438
2023-08-17,250.59524536132812
2023-08-18,255.37088012695312
2023-08-21,279.4949035644531
2023-08-22,277.8702392578125
2023-08-23,271.7161560058594
2023-08-24,275.8517150878906
2023-08-25,275.8517150878906
2023-08-28,275.75323486328125
2023-08-29,277.96875
2023-08-30,282.6950988769531
2023-08-31,283.0889587402344
2023-09-01,281.36572265625
2023-09-04,281.0211486816406
2023-09-05,290.7200012207031
2023-09-06,289.883056640625
2023-09-07,290.42462158203125
2023-09-08,291.5570373535156
2023-09-11,289.3907165527344
2023-09-12,274.1285400390625
2023-09-13,265.4143371582031
2023-09-14,280.5428771972656
2023-09-15,271.9683837890625
2023-09-18,269.258056640625
2023-09-20,266.0549621582031
2023-09-21,258.8110046386719
2023-09-22,261.0285339355469
2023-09-25,257.62835693359375
2023-09-26,251.02500915527344
2023-09-27,250.77859497070312
2023-09-28,246.98416137695312
2023-09-29,246.49136352539062
2023-10-03,245.9492950439453
2023-10-04,237.8676300048828
2023-10-05,239.98660278320312
2023-10-06,240.03587341308594
2023-10-09,237.52267456054688
2023-10-10,241.7113494873047
2023-10-11,246.39279174804688
2023-10-12,245.9492950439453
2023-10-13,246.49136352539062
2023-10-16,257.776123046875
2023-10-17,252.40478515625
2023-10-18,250.72933959960938
2023-10-19,253.6367645263672
2023-10-20,250.2858123779297
2023-10-23,242.3026885986328
2023-10-25,232.24986267089844
2023-10-26,230.77151489257812
2023-10-27,242.89401245117188
2023-10-30,251.71487426757812
2023-10-31,257.9732971191406
2023-11-01,252.0598602294922
2023-11-02,260.1415710449219
2023-11-03,273.5452880859375
2023-11-06,275.1222229003906
2023-11-07,272.2148132324219
2023-11-08,269.30731201171875
2023-11-09,263.541748046875
2023-11-10,270.49005126953125
2023-11-13,268.0260925292969
2023-11-15,268.96234130859375
2023-11-16,265.5621643066406
2023-11-17,264.3795166015625
2023-11-20,264.87225341796875
2023-11-21,260.979248046875
2023-11-22,261.8663024902344
2023-11-23,259.35308837890625
2023-11-24,256.8398742675781
2023-11-28,257.28338623046875
2023-11-29,256.1007385253906
2023-11-30,261.1270751953125
2023-12-01,259.00811767578125
2023-12-04,278.07891845703125
2023-12-05,278.27606201171875
2023-12-06,277.9803771972656
2023-12-07,276.9947814941406
2023-12-08,278.867431640625
2023-12-11,292.0247497558594
2023-12-12,312.524658203125
2023-12-13,309.8143005371094
2023-12-14,304.245849609375
2023-12-15,300.99346923828125
2023-12-18,301.7819519042969
2023-12-19,304.3936767578125
2023-12-20,299.71221923828125
2023-12-21,298.5295104980469
2023-12-22,305.3792724609375
2023-12-26,304.98504638671875
2023-12-27,304.29510498046875
2023-12-28,325.68206787109375
2023-12-29,314.79144287109375
2024-01-01,321.7889709472656
2024-01-02,317.15679931640625
2024-01-03,322.08465576171875
2024-01-04,333.0245056152344
2024-01-05,331.39837646484375
2024-01-08,345.590576171875
2024-01-09,356.5303955078125
2024-01-10,356.97393798828125
2024-01-11,362.8872985839844
2024-01-12,368.7514953613281
2024-01-15,385.9989929199219
2024-01-16,381.7610168457031
2024-01-17,387.4280700683594
2024-01-18,383.8800048828125
2024-01-19,386.1960754394531
2024-01-23,372.0038757324219
2024-01-24,388.0686950683594
2024-01-25,383.78143310546875
2024-01-29,395.8053894042969
2024-01-30,403.54217529296875
2024-01-31,413.93994140625
2024-02-01,408.0757751464844
2024-02-02,405.5133056640625
2024-02-05,395.3619079589844
2024-02-06,398.66357421875
2024-02-07,389.0542297363281
2024-02-08,390.089111328125
2024-02-09,379.3464050292969
2024-02-12,357.663818359375
2024-02-13,362.00030517578125
2024-02-14,355.8898010253906
2024-02-15,357.56524658203125
2024-02-16,357.8116455078125
2024-02-19,377.9173278808594
2024-02-20,380.5783386230469
2024-02-21,373.63006591796875
2024-02-22,370.5747985839844
2024-02-23,368.15692138671875
2024-02-26,362.6797180175781
2024-02-27,370.27874755859375
2024-02-28,362.0382385253906
2024-02-29,361.2980651855469
2024-03-01,369.5385437011719
2024-03-04,354.5872497558594
2024-03-05,351.9720153808594
2024-03-06,343.7315673828125
2024-03-07,341.1163024902344
2024-03-11,329.71783447265625
2024-03-12,324.33929443359375
2024-03-13,284.1731262207031
2024-03-14,338.64910888671875
2024-03-15,349.11004638671875
2024-03-18,332.53045654296875
2024-03-19,321.2306213378906
2024-03-20,315.25994873046875
2024-03-21,320.0463562011719
2024-03-22,320.0463562011719
2024-03-26,313.23681640625
2024-03-27,312.3486633300781
2024-03-28,308.7465515136719
2024-04-01,323.59912109375
2024-04-02,335.5404052734375
2024-04-03,340.62286376953125
2024-04-04,344.12628173828125
2024-04-05,348.22186279296875
2024-04-08,346.49481201171875
2024-04-09,337.3168029785156
2024-04-10,335.0962829589844
2024-04-12,332.0369873046875
2024-04-15,326.4610900878906
2024-04-16,330.6553039550781
2024-04-18,323.3030700683594
2024-04-19,318.6153564453125
2024-04-22,329.6191101074219
2024-04-23,331.05010986328125
2024-04-24,332.0369873046875
2024-04-25,329.273681640625
2024-04-26,325.0794372558594
2024-04-29,345.3599548339844
2024-04-30,345.9027099609375
2024-05-02,345.21185302734375
2024-05-03,343.1394348144531
2024-05-06,333.12255859375
2024-05-07,316.34552001953125
2024-05-08,319.1581115722656
2024-05-09,316.1974792480469
2024-05-10,315.309326171875
2024-05-13,311.31243896484375
2024-05-14,319.0594482421875
2024-05-15,317.18438720703125
2024-05-16,313.03948974609375
2024-05-17,312.1019287109375
2024-05-21,314.2237243652344
2024-05-22,318.3193054199219
2024-05-23,325.0794372558594
2024-05-24,316.0001220703125
2024-05-27,312.1512451171875
2024-05-28,314.9638977050781
2024-05-29,309.7827453613281
2024-05-30,308.3517761230469
2024-05-31,307.2168273925781
2024-06-03,313.7796325683594
2024-06-04,288.6634521484375
2024-06-05,298.6803283691406
2024-06-06,306.3286437988281
2024-06-07,313.9770202636719
2024-06-10,316.9376525878906
2024-06-11,324.388671875
2024-06-12,339.48797607421875
2024-06-13,346.29742431640625
2024-06-14,344.32366943359375
2024-06-18,353.84710693359375
2024-06-19,363.074462890625
2024-06-20,361.93951416015625
2024-06-21,356.1662902832031
2024-06-24,348.56732177734375
2024-06-25,347.7284240722656
2024-06-26,358.732177734375
2024-06-27,355.0313720703125
2024-06-28,346.00140380859375
2024-07-01,367.5647888183594
2024-07-02,368.354248046875
2024-07-03,374.6703796386719
2024-07-04,365.1962585449219
2024-07-05,374.4236145019531
2024-07-08,364.9002380371094
2024-07-09,372.4992370605469
2024-07-10,372.4992370605469
2024-07-11,367.91015625
2024-07-12,367.5154724121094
2024-07-15,360.7059326171875
2024-07-16,359.1269226074219
2024-07-18,348.56732177734375
2024-07-19,335.8364562988281
2024-07-22,337.81024169921875
2024-07-23,330.4085998535156
2024-07-24,336.08319091796875
2024-07-25,330.951416015625
2024-07-26,346.69219970703125
2024-07-29,354.34051513671875
2024-07-30,352.3667907714844
2024-07-31,354.7353210449219
2024-08-01,359.4230041503906
2024-08-02,352.9095458984375
2024-08-05,345.310546875
2024-08-06,380.0488586425781
2024-08-07,379.3086853027344
2024-08-08,394.8027648925781
2024-08-09,384.78594970703125
2024-08-12,374.1275634765625
2024-08-13,366.08447265625
2024-08-14,360.3111877441406
2024-08-16,370.37738037109375
2024-08-19,386.56231689453125
2024-08-20,396.6778564453125
2024-08-21,388.8321228027344
2024-08-22,387.302490234375
2024-08-23,391.9407958984375
2024-08-26,420.01763916015625
2024-08-27,428.0607604980469
2024-08-28,428.3567810058594
2024-08-29,421.0045166015625
2024-08-30,416.11944580078125
2024-09-02,422.3368225097656
2024-09-03,424.1131896972656
2024-09-04,438.42303466796875
2024-09-05,449.4886169433594
2024-09-06,440.4978332519531
2024-09-09,439.2628479003906
2024-09-10,441.38702392578125
2024-09-11,433.4336853027344
2024-09-12,451.760986328125
2024-09-13,429.92626953125
2024-09-16,420.7379150390625
2024-09-17,403.2998046875
2024-09-18,400.4840087890625
2024-09-19,387.0966796875
2024-09-20,385.1700744628906
2024-09-23,388.1340637207031
2024-09-24,382.5518798828125
2024-09-25,382.4036865234375
2024-09-26,379.9831237792969
2024-09-27,369.06573486328125
2024-09-30,362.84136962890625
2024-10-01,370.4489440917969
2024-10-03,353.5047912597656
2024-10-04,350.24444580078125
2024-10-07,339.2776794433594
2024-10-08,350.1456298828125
2024-10-09,354.0482177734375
2024-10-10,359.08697509765625
2024-10-11,358.3460388183594
2024-10-14,366.3981628417969
2024-10-15,372.5237121582031
2024-10-16,376.67333984375
2024-10-17,374.5985412597656
2024-10-18,373.8081359863281
2024-10-21,361.75457763671875
2024-10-22,346.58880615234375
2024-10-23,376.3769226074219
2024-10-24,387.1954650878906
2024-10-25,368.8187561035156
2024-10-28,373.11651611328125
2024-10-29,367.33673095703125
2024-10-30,376.3275146484375
2024-10-31,393.0740661621094
2024-11-01,401.8178405761719
2024-11-04,397.2730407714844
2024-11-05,408.0915832519531
2024-11-06,412.8339538574219
2024-11-07,414.0689392089844
2024-11-08,408.1409606933594
2024-11-11,416.3413391113281
2024-11-12,393.2716369628906
2024-11-13,379.4891052246094
2024-11-14,384.5772705078125
2024-11-18,382.79888916015625
2024-11-19,380.9710998535156
2024-11-21,377.36492919921875
2024-11-22,378.1553039550781
2024-11-25,382.9964599609375
2024-11-26,389.8136291503906
2024-11-27,390.60406494140625
2024-11-28,385.4664611816406
2024-11-29,383.786865234375
2024-12-02,389.8136291503906
2024-12-03,414.2171630859375
2024-12-04,408.2397766113281
2024-12-05,415.303955078125
2024-12-06,424.8874816894531
2024-12-09,441.634033203125
2024-12-10,450.9211730957031
2024-12-11,444.8943786621094
2024-12-12,471.8172607421875
2024-12-13,461.887939453125
2024-12-16,464.8025207519531
2024-12-17,479.4742431640625
2024-12-18,479.4248352050781
2024-12-19,484.3648376464844
2024-12-20,478.63446044921875
2024-12-23,477.4488525390625
2024-12-24,471.4220886230469
2024-12-26,464.8519287109375
2024-12-27,473.5462646484375
2024-12-30,463.7651062011719
2024-12-31,477.2018737792969
2025-01-01,477.84405517578125
2025-01-02,492.6145935058594
2025-01-03,499.4317932128906
2025-01-06,473.49688720703125
2025-01-07,493.60260009765625
2025-01-08,476.46087646484375
2025-01-09,461.591552734375
2025-01-10,445.6354064941406
2025-01-13,424.9862976074219
2025-01-14,425.03570556640625
2025-01-15,427.6044921875
2025-01-16,446.08001708984375
2025-01-17,495.8255920410156
2025-01-20,463.913330078125
2025-01-21,458.3805236816406
2025-01-22,451.01995849609375
2025-01-23,448.5005798339844
2025-01-24,433.3348693847656
2025-01-27,410.8085632324219
2025-01-28,409.524169921875
2025-01-29,417.3293151855469
2025-01-30,415.6497497558594
2025-01-31,431.0130615234375
2025-02-01,432.1492614746094
2025-02-03,429.7286682128906
2025-02-04,433.236083984375
2025-02-05,438.0772399902344
2025-02-06,439.85565185546875
2025-02-07,435.0638427734375
2025-02-10,418.8607482910156
2025-02-11,395.939208984375
2025-02-12,391.1474609375
2025-02-13,390.4064636230469
2025-02-14,370.7947082519531
2025-02-17,365.65716552734375
2025-02-18,373.5117492675781
2025-02-19,382.8482666015625
2025-02-20,387.8870849609375
2025-02-21,375.2901306152344
2025-02-24,365.50897216796875
2025-02-25,360.96417236328125
2025-02-27,345.25506591796875
2025-02-28,334.9798889160156
2025-03-03,324.1613464355469
2025-03-04,339.7223205566406
2025-03-05,335.9184875488281
2025-03-06,335.27630615234375
2025-03-07,343.0814514160156
2025-03-10,326.5819396972656
2025-03-11,323.0745544433594
2025-03-12,323.5191650390625
2025-03-13,321.74078369140625
2025-03-17,332.855712890625
2025-03-18,332.855712890625
2025-03-19,345.3538513183594
2025-03-20,357.25921630859375
2025-03-21,392.6294250488281
2025-03-24,417.27996826171875
2025-03-25,399.54541015625
2025-03-26,391.9378662109375
2025-03-27,393.9138488769531
2025-03-28,393.86444091796875
2025-04-01,387.689453125
2025-04-02,395.6428527832031
2025-04-03,399.397216796875
2025-04-04,380.4277038574219
2025-04-07,346.3912658691406
2025-04-08,362.84136962890625
2025-04-09,342.3898620605469
2025-04-11,354.7892150878906
2025-04-15,381.4156799316406
2025-04-16,378.89630126953125
2025-04-17,381.9591064453125
2025-04-21,399.100830078125
2025-04-22,392.728271484375
2025-04-23,379.3902893066406
2025-04-24,380.27947998046875
2025-04-25,367.0897521972656
2025-04-28,365.7559814453125
2025-04-29,366.4969787597656
2025-04-30,351.084228515625
2025-05-02,346.29248046875
2025-05-05,348.4660339355469
2025-05-06,336.4125061035156
2025-05-07,338.635498046875
2025-05-08,339.1788635253906
2025-05-09,337.59808349609375
2025-05-12,359.7785949707031
2025-05-13,366.89215087890625
2025-05-14,374.4997253417969
2025-05-15,390.1594543457031
2025-05-16,389.02325439453125
2025-05-19,393.3704528808594
2025-05-20,388.6774597167969
2025-05-21,392.0860290527344
2025-05-22,389.9618835449219
2025-05-23,397.0754089355469
2025-05-26,407.4988098144531
2025-05-27,404.2383728027344
2025-05-28,410.66033935546875
2025-05-29,403.2998046875
2025-05-30,401.6695861816406
2025-06-02,407.7458190917969
2025-06-03,401.17559814453125
2025-06-04,403.9419860839844
2025-06-05,403.9914245605469
2025-06-06,393.86444091796875
2025-06-09,379.83489990234375
2025-06-10,381.4156799316406
2025-06-11,374.1539611816406
2025-06-12,365.80535888671875
2025-06-13,365.06439208984375
2025-06-16,364.22454833984375
2025-06-17,359.3833923339844
2025-06-18,358.1977844238281
2025-06-19,349.8986511230469
2025-06-20,354.14703369140625
2025-06-23,351.8252258300781
2025-06-24,357.9507751464844
2025-06-25,364.8173828125
2025-06-26,365.2125549316406
2025-06-27,374.9443359375
2025-06-30,364.52099609375
2025-07-01,359.3833923339844
2025-07-02,358.29656982421875
2025-07-03,359.5810241699219
2025-07-04,359.3340148925781
2025-07-07,372.82012939453125
2025-07-08,374.4997253417969
2025-07-09,370.4983215332031
2025-07-10,379.2420959472656
2025-07-11,380.4770812988281
2025-07-14,375.4877014160156
2025-07-15,379.6373291015625
2025-07-16,382.7001037597656
2025-07-17,381.61328125
2025-07-18,378.2047119140625
2025-07-21,374.1044921875
2025-07-22,374.1044921875
2025-07-23,362.9401550292969
2025-07-24,363.48358154296875
2025-07-25,358.44476318359375
2025-07-28,355.67840576171875
2025-07-29,368.2259826660156
2025-07-30,372.7213439941406
2025-07-31,375.4877014160156
2025-08-01,375.092529296875
2025-08-04,379.7854919433594
2025-08-05,394.7536315917969
2025-08-06,397.4212341308594
2025-08-07,393.1234436035156
2025-08-08,391.98724365234375
2025-08-11,386.05926513671875
2025-08-12,379.0939025878906
2025-08-13,373.21533203125
2025-08-14,368.47296142578125
2025-08-18,367.4849853515625
2025-08-19,368.2259826660156
2025-08-20,365.1631774902344
2025-08-21,362.3967590332031
2025-08-22,363.7305908203125
2025-08-25,364.37274169921875
2025-08-26,367.8801574707031
2025-08-28,366.5463562011719
2025-08-29,362.2980041503906
2025-09-01,366.10174560546875
2025-09-02,364.86676025390625
2025-09-03,366.10174560546875
2025-09-04,363.4341735839844
2025-09-05,362.4461975097656
2025-09-08,361.60406494140625
2025-09-09,359.0282897949219
2025-09-10,364.080810546875
2025-09-11,366.2603759765625
2025-09-12,365.4678039550781
2025-09-15,363.6845397949219
2025-09-16,362.59478759765625
2025-09-17,366.5080261230469
2025-09-18,365.7154541015625
2025-09-19,361.9508361816406
2025-09-22,357.6908264160156
2025-09-23,356.6506042480469
2025-09-24,352.6383056640625
2025-09-25,340.2546081542969
2025-09-26,330.8429870605469
2025-09-29,325.3941345214844
2025-09-30,319.30133056640625
2025-10-01,328.0690002441406
2025-10-03,327.02880859375
2025-10-06,328.1680908203125
2025-10-07,348.130615234375
2025-10-08,343.9201354980469
2025-10-09,334.1617736816406
2025-10-10,334.01318359375
2025-10-13,297.01068115234375
2025-10-14,289.6300048828125
2025-10-15,275.9584045410156
2025-10-16,321.48089599609375
2025-10-17,323.7594909667969
2025-10-20,319.9453430175781
2025-10-21,322.9173889160156
2025-10-23,322.0257568359375
2025-10-24,315.2890319824219
2025-10-27,311.8216247558594
2025-10-28,304.4904479980469
2025-10-29,305.97650146484375
2025-10-30,314.3478698730469
2025-10-31,311.6730041503906
2025-11-03,314.5460205078125
2025-11-04,318.9546203613281
2025-11-06,316.4283447265625
2025-11-07,311.0290832519531
2025-11-10,312.5151062011719
2025-11-11,305.6297607421875
2025-11-12,333.5673828125
2025-11-13,319.30133056640625
2025-11-14,325.4931945800781
2025-11-17,321.8771667480469
2025-11-18,320.886474609375
2025-11-19,319.7967224121094
2025-11-20,318.9546203613281
2025-11-21,318.2115783691406
2025-11-24,312.9609069824219
2025-11-25,310.0383605957031
2025-11-26,310.8309020996094
2025-11-27,318.2115783691406
2025-11-28,326.6820373535156
2025-12-01,329.1587829589844
2025-12-02,320.6387939453125
2025-12-03,322.4715881347656
2025-12-04,328.4653015136719
2025-12-05,329.65411376953125
2025-12-08,311.97021484375
2025-12-09,316.9236755371094
2025-12-10,314.793701171875
2025-12-11,317.2704162597656
2025-12-12,317.6667175292969
2025-12-15,313.5553283691406
2025-12-16,311.8711242675781
2025-12-17,308.99810791015625
2025-12-18,313.50579833984375
2025-12-19,322.2734375
2025-12-22,324.4529724121094
2025-12-23,319.49951171875
2025-12-24,320.8369445800781
2025-12-26,317.2209167480469
2025-12-29,313.6543884277344
2025-12-30,313.6543884277344
2025-12-31,318.112548828125
2026-01-01,314.1497497558594
2026-01-02,313.8525390625
2026-01-05,313.50579833984375
2026-01-06,309.9393005371094
2026-01-07,310.92999267578125
2026-01-08,304.04461669921875
2026-01-09,299.1902160644531
2026-01-12,293.04791259765625
2026-01-13,294.58349609375
2026-01-14,303.6978759765625
2026-01-15,303.6978759765625
2026-01-16,299.38836669921875
2026-01-19,293.0974426269531
2026-01-20,287.4504699707031
2026-01-21,282.6455993652344
2026-01-22,281.50628662109375
2026-01-23,272.490966796875
2026-01-27,266.99261474609375
2026-01-28,261.9400634765625
2026-01-29,252.3798370361328
2026-01-30,255.05471801757812
2026-02-02,251.83494567871094
2026-02-03,254.95565795898438
2026-02-04,286.6579284667969
2026-02-05,297.30792236328125
2026-02-06,289.6795349121094
2026-02-09,292.60211181640625
2026-02-10,290.0758056640625
2026-02-11,281.9521179199219
2026-02-12,277.8407287597656
2026-02-13,268.7107238769531
2026-02-16,283.0792541503906
2026-02-17,282.68011474609375
2026-02-18,278.0901794433594
2026-02-19,275.4958801269531
2026-02-20,267.8127136230469
2026-02-23,281.1335144042969
2026-02-24,285.52386474609375
2026-02-25,289.5650329589844
2026-02-26,278.63897705078125
2026-02-27,278.0901794433594
2026-03-02,266.0665283203125
2026-03-04,256.487548828125
2026-03-05,258.1339416503906
2026-03-06,255.29019165039062
2026-03-09,245.46173095703125
2026-03-10,251.84771728515625
2026-03-11,248.60482788085938
2026-03-12,251.1991424560547
2026-03-13,246.40965270996094
2026-03-16,243.56588745117188
2026-03-17,240.12342834472656
2026-03-18,245.3120574951172
2026-03-19,239.9238739013672
2026-03-20,240.07354736328125
2026-03-23,221.26478576660156
2026-03-24,258.8323974609375
2026-03-25,263.7715759277344
2026-03-27,249.45297241210938
2026-03-30,235.13436889648438
2026-04-01,254.8511505126953
2026-04-02,267.8127136230469
2026-04-06,267.74285888671875
2026-04-07,269.0101013183594
2026-04-08,297.23822021484375
2026-04-09,286.2822265625
2026-04-10,287.8487854003906
2026-04-13,282.1113586425781
2026-04-15,292.9276428222656
2026-04-16,297.896728515625
2026-04-17,296.2004699707031
2026-04-20,291.87994384765625
2026-04-21,292.0894775390625
2026-04-22,291.3810119628906
2026-04-23,282.56036376953125
2026-04-24,274.9271240234375
2026-04-27,281.4328308105469
2026-04-28,278.67889404296875
2026-04-29,278.5391845703125
2026-04-30,277.7010192871094
2026-05-01,277.7010192871094
2026-05-04,278.18994140625
2026-05-05,277.4914855957031
2026-05-06,286.07269287109375
2026-05-07,291.26129150390625
2026-05-08,288.6669616699219
2026-05-11,284.276611328125
2026-05-12,270.20745849609375
2026-05-13,266.0665283203125
2026-05-14,259.880126953125
2026-05-15,252.3466339111328
2026-05-18,254.14268493652344
2026-05-19,261.4267272949219
2026-05-20,267.8127136230469
2026-05-21,268.0621643066406
2026-05-22,267.1142578125
2026-05-25,268.4612731933594
2026-05-26,264.7694091796875
2026-05-27,264.2704772949219
2026-05-28,264.2704772949219
2026-05-29,260.3291320800781
2026-06-01,261.3269348144531
2026-06-02,268.5610656738281
2026-06-03,269.808349609375
2026-06-04,262.7737731933594
2026-06-05,260.5286865234375
2026-06-08,261.4267272949219
2026-06-09,263.47222900390625
2026-06-10,253.09498596191406
2026-06-11,250.30113220214844
2026-06-12,261.5265197753906
2026-06-15,263.32257080078125
2026-06-16,263.6219177246094
2026-06-17,264.0210266113281
2026-06-18,266.26611328125
2026-06-19,266.86480712890625
2026-06-22,266.51556396484375
2026-06-23,261.7260437011719
2026-06-24,258.63287353515625
2026-06-25,258.73260498046875
2026-06-26,258.73260498046875
2026-06-29,254.69149780273438
2026-06-30,250.05166625976562
2026-07-01,245.3120574951172
2026-07-02,252.14706420898438
2026-07-03,253.04510498046875
2026-07-06,249.45297241210938
2026-07-07,248.3054962158203
2026-07-08,242.1689453125
2026-07-09,234.08668518066406
2026-07-10,236.63108825683594
2026-07-13,238.9759521484375
2026-07-14,232.88929748535156
2026-07-15,235.38381958007812
2026-07-16,237.47923278808594
2026-07-17,235.18426513671875
2026-07-20,235.3339385986328
2026-07-21,234.63546752929688
2026-07-22,230.09542846679688
2026-07-23,229.79608154296875
2026-07-24,233.0888671875
2026-07-27,236.98033142089844
2026-07-28,235.18426513671875
2026-07-29,241.37069702148438
2026-07-30,238.22760009765625
2026-07-31,238.87615966796875
2026-08-03,250.2013397216797
2026-08-04,247.40745544433594
2026-08-05,255.07066345214844
2026-08-06,253.4242706298828
2026-08-07,253.77349853515625
2026-08-10,260.1395263671875
2026-08-11,260.2892150878906
2026-08-12,262.3048095703125
2026-08-13,270.0777587890625
2026-08-14,277.5114440917969
2026-08-17,271.963623046875
2026-08-18,267.1541442871094
2026-08-19,270.7762145996094
2026-08-20,273.3206481933594
2026-08-21,270.6964111328125
2026-08-24,240.98155212402344
2026-08-25,242.78759765625
2026-08-26,237.23976135253906
2026-08-27,237.54908752441406
2026-08-28,238.50697326660156
2026-08-31,240.03363037109375
2026-09-01,237.6688232421875
2026-09-02,234.705322265625
2026-09-03,239.62452697753906
2026-09-04,238.2675018310547
2026-09-07,238.64666748046875
2026-09-08,237.1798858642578
2026-09-09,235.9326171875
2026-09-10,235.1144256591797
2026-09-11,231.0732879638672
2026-09-14,231.0732879638672
2026-09-15,228.00999450683594
2026-09-16,226.74000549316406
2026-09-18,226.5
2026-09-21,232.5800018310547
