Date,DALBHARAT
2018-12-21,1097.2060546875
2018-12-24,1042.3480224609375
2018-12-26,1074.09765625
2018-12-27,1049.5814208984375
2018-12-28,1067.8350830078125
2018-12-31,1067.8836669921875
2019-01-01,1061.28125
2019-01-02,1049.5814208984375
2019-01-03,1048.9503173828125
2019-01-04,1058.3199462890625
2019-01-07,1058.3199462890625
2019-01-08,1058.3199462890625
2019-01-09,1058.3199462890625
2019-01-10,1058.3199462890625
2019-01-11,1058.3199462890625
2019-01-14,1058.3199462890625
2019-01-15,1058.3199462890625
2019-01-16,1058.3199462890625
2019-01-17,1058.3199462890625
2019-01-18,1058.3199462890625
2019-01-21,1058.3199462890625
2019-01-22,1058.3199462890625
2019-01-23,876.7548828125
2019-01-24,920.592529296875
2019-01-25,966.6149291992188
2019-01-28,1014.9191284179688
2019-01-29,1009.773193359375
2019-01-30,1004.141845703125
2019-01-31,1001.3743286132812
2019-02-01,1016.8124389648438
2019-02-04,1014.190673828125
2019-02-05,1016.7637939453125
2019-02-06,1019.4824829101562
2019-02-07,1087.0594482421875
2019-02-08,1066.330322265625
2019-02-11,1055.7955322265625
2019-02-12,1048.173828125
2019-02-14,1036.9591064453125
2019-02-15,1036.2310791015625
2019-02-18,1019.9193115234375
2019-02-19,1045.6007080078125
2019-02-20,1046.231689453125
2019-02-21,1096.2833251953125
2019-02-22,1110.264892578125
2019-02-25,1131.9168701171875
2019-02-26,1141.4317626953125
2019-02-27,1179.104248046875
2019-02-28,1119.68310546875
2019-03-01,1137.742431640625
2019-03-05,1151.3841552734375
2019-03-06,1143.90771484375
2019-03-07,1105.118896484375
2019-03-08,1099.77880859375
2019-03-11,1115.7991943359375
2019-03-12,1118.12939453125
2019-03-13,1121.721923828125
2019-03-14,1092.1566162109375
2019-03-15,1080.3116455078125
2019-03-18,1010.2100830078125
2019-03-19,980.5479125976562
2019-03-20,992.1019897460938
2019-03-22,986.4221801757812
2019-03-25,961.7603759765625
2019-03-26,961.6632080078125
2019-03-27,958.7504272460938
2019-03-28,960.6437377929688
2019-04-01,961.2262573242188
2019-04-02,1042.0565185546875
2019-04-03,1075.651123046875
2019-04-04,1110.9932861328125
2019-04-05,1082.6904296875
2019-04-08,1057.5428466796875
2019-04-09,1037.4451904296875
2019-04-10,1032.3958740234375
2019-04-11,1082.4962158203125
2019-04-12,1069.58251953125
2019-04-15,1055.746826171875
2019-04-16,1082.6904296875
2019-04-18,1058.7567138671875
2019-04-22,1028.51220703125
2019-04-23,1046.231689453125
2019-04-24,1055.98974609375
2019-04-25,1106.5750732421875
2019-04-26,1115.0225830078125
2019-04-30,1114.97412109375
2019-05-02,1081.6221923828125
2019-05-03,1066.9127197265625
2019-05-06,1080.1661376953125
2019-05-07,1090.89453125
2019-05-08,1077.398681640625
2019-05-09,1084.049560546875
2019-05-10,1083.564208984375
2019-05-13,1039.435302734375
2019-05-14,1040.6490478515625
2019-05-15,1007.4426879882812
2019-05-16,1006.08349609375
2019-05-17,998.0731811523438
2019-05-20,1058.5626220703125
2019-05-21,1058.611083984375
2019-05-22,1054.824462890625
2019-05-23,1066.5242919921875
2019-05-24,1100.4100341796875
2019-05-27,1136.043212890625
2019-05-28,1178.2789306640625
2019-05-29,1166.33642578125
2019-05-30,1161.4818115234375
2019-05-31,1147.3543701171875
2019-06-03,1154.7822265625
2019-06-04,1144.8299560546875
2019-06-06,1094.2930908203125
2019-06-07,1097.2060546875
2019-06-10,1129.1495361328125
2019-06-11,1144.296142578125
2019-06-12,1136.86865234375
2019-06-13,1136.23779296875
2019-06-14,1126.7706298828125
2019-06-17,1069.58251953125
2019-06-18,1066.766845703125
2019-06-19,1052.54296875
2019-06-20,1038.075927734375
2019-06-21,1042.8818359375
2019-06-24,1032.68701171875
2019-06-25,1029.33740234375
2019-06-26,1028.948974609375
2019-06-27,1038.658447265625
2019-06-28,1017.3948974609375
2019-07-01,1009.773193359375
2019-07-02,1014.3364868164062
2019-07-03,1003.947509765625
2019-07-04,1008.26806640625
2019-07-05,986.6648559570312
2019-07-08,962.8768920898438
2019-07-09,964.5274047851562
2019-07-10,960.4010009765625
2019-07-11,990.8397827148438
2019-07-12,975.013671875
2019-07-15,971.4696044921875
2019-07-16,983.4607543945312
2019-07-17,980.596435546875
2019-07-18,968.119873046875
2019-07-19,974.9164428710938
2019-07-22,969.1879272460938
2019-07-23,949.8178100585938
2019-07-24,924.3307495117188
2019-07-25,932.0010375976562
2019-07-26,957.6337890625
2019-07-29,928.4573364257812
2019-07-30,910.9803466796875
2019-07-31,894.7657470703125
2019-08-01,897.7271118164062
2019-08-02,959.2844848632812
2019-08-05,927.3405151367188
2019-08-06,964.6245727539062
2019-08-07,980.0625
2019-08-08,980.1110229492188
2019-08-09,995.3060913085938
2019-08-13,962.5369873046875
2019-08-14,961.129150390625
2019-08-16,969.3822021484375
2019-08-19,958.8958740234375
2019-08-20,928.7000122070312
2019-08-21,922.8257446289062
2019-08-22,908.7175903320312
2019-08-23,890.0848999023438
2019-08-26,894.2687377929688
2019-08-27,913.3392333984375
2019-08-28,905.263427734375
2019-08-29,888.138916015625
2019-08-30,875.830810546875
2019-09-03,878.0685424804688
2019-09-04,871.7928466796875
2019-09-05,849.1709594726562
2019-09-06,845.6682739257812
2019-09-09,824.0680541992188
2019-09-11,826.9869995117188
2019-09-12,825.0897216796875
2019-09-13,817.3544921875
2019-09-16,826.9383544921875
2019-09-17,804.0732421875
2019-09-18,778.3377685546875
2019-09-19,736.2564086914062
2019-09-20,771.7214965820312
2019-09-23,777.2675170898438
2019-09-24,815.3110961914062
2019-09-25,776.7323608398438
2019-09-26,835.9384765625
2019-09-27,794.051513671875
2019-09-30,800.3757934570312
2019-10-01,778.5324096679688
2019-10-03,772.8403930664062
2019-10-04,774.397216796875
2019-10-07,758.7321166992188
2019-10-09,750.6564331054688
2019-10-10,760.7267456054688
2019-10-11,761.8458251953125
2019-10-14,788.55419921875
2019-10-15,786.9486694335938
2019-10-16,789.040771484375
2019-10-17,785.5379028320312
2019-10-18,795.0731811523438
2019-10-22,782.7647705078125
2019-10-23,788.6028442382812
2019-10-24,788.5054931640625
2019-10-25,786.2675170898438
2019-10-27,792.3973999023438
2019-10-29,790.8892211914062
2019-10-30,792.3486938476562
2019-10-31,787.921630859375
2019-11-01,792.3001098632812
2019-11-04,790.7920532226562
2019-11-05,801.105712890625
2019-11-06,798.9650268554688
2019-11-07,802.9057006835938
2019-11-08,797.8947143554688
2019-11-11,800.6677856445312
2019-11-13,799.4029541015625
2019-11-14,807.4300537109375
2019-11-15,807.3812255859375
2019-11-18,809.1326904296875
2019-11-19,820.4193725585938
2019-11-20,818.2787475585938
2019-11-21,829.1762084960938
2019-11-22,844.3546752929688
2019-11-25,848.0032958984375
2019-11-26,845.4251708984375
2019-11-27,858.414306640625
2019-11-28,851.8953247070312
2019-11-29,857.1008911132812
2019-12-02,847.0303955078125
2019-12-03,837.6897583007812
2019-12-04,834.72216796875
2019-12-05,822.6084594726562
2019-12-06,822.9004516601562
2019-12-09,812.5382080078125
2019-12-10,807.3812255859375
2019-12-11,805.7760009765625
2019-12-12,792.7865600585938
2019-12-13,789.9163818359375
2019-12-16,781.0621948242188
2019-12-17,806.4083251953125
2019-12-18,787.5811767578125
2019-12-19,788.01904296875
2019-12-20,781.5973510742188
2019-12-23,777.316162109375
2019-12-24,774.154052734375
2019-12-26,774.2512817382812
2019-12-27,769.4349975585938
2019-12-30,756.8348999023438
2019-12-31,778.6784057617188
2020-01-01,783.2514038085938
2020-01-02,797.8460693359375
2020-01-03,782.03515625
2020-01-06,767.635009765625
2020-01-07,773.2782592773438
2020-01-08,783.835205078125
2020-01-09,780.96484375
2020-01-10,783.7378540039062
2020-01-13,789.4298706054688
2020-01-14,811.0786743164062
2020-01-15,811.3218383789062
2020-01-16,836.9600219726562
2020-01-17,843.9168090820312
2020-01-20,831.7059326171875
2020-01-21,828.9815063476562
2020-01-22,823.6788330078125
2020-01-23,833.65185546875
2020-01-24,842.5547485351562
2020-01-27,837.8356323242188
2020-01-28,836.8140869140625
2020-01-29,862.6954345703125
2020-01-30,854.0844116210938
2020-01-31,849.949462890625
2020-02-03,829.9545288085938
2020-02-04,852.4791870117188
2020-02-05,861.333251953125
2020-02-06,868.1927490234375
2020-02-07,864.3008422851562
2020-02-10,877.922607421875
2020-02-11,873.884765625
2020-02-12,867.4630737304688
2020-02-13,850.727783203125
2020-02-14,829.7599487304688
2020-02-17,843.413818359375
2020-02-18,819.3245849609375
2020-02-19,846.2420043945312
2020-02-20,847.5586547851562
2020-02-24,817.2276000976562
2020-02-25,795.4793090820312
2020-02-26,782.4593505859375
2020-02-27,779.2410278320312
2020-02-28,762.7589721679688
2020-03-02,744.4725952148438
2020-03-03,732.1354370117188
2020-03-04,710.8257446289062
2020-03-05,727.307861328125
2020-03-06,726.2838134765625
2020-03-09,725.9912109375
2020-03-11,708.8751831054688
2020-03-12,622.0760498046875
2020-03-13,608.1785888671875
2020-03-16,570.1428833007812
2020-03-17,534.0579223632812
2020-03-18,512.8458862304688
2020-03-19,475.4930419921875
2020-03-20,498.4606018066406
2020-03-23,398.7879943847656
2020-03-24,421.6581115722656
2020-03-25,431.3620300292969
2020-03-26,474.4690246582031
2020-03-27,491.2924499511719
2020-03-30,487.5376281738281
2020-03-31,478.4676208496094
2020-04-01,446.0885925292969
2020-04-03,411.85662841796875
2020-04-07,452.379150390625
2020-04-08,451.5013732910156
2020-04-09,469.0562744140625
2020-04-13,482.51495361328125
2020-04-15,523.4761962890625
2020-04-16,520.69677734375
2020-04-17,526.9873046875
2020-04-20,526.6946411132812
2020-04-21,521.1357421875
2020-04-22,512.2119750976562
2020-04-23,519.0388793945312
2020-04-24,508.5059509277344
2020-04-27,521.1357421875
2020-04-28,515.4303588867188
2020-04-29,508.45709228515625
2020-04-30,508.749755859375
2020-05-04,497.92425537109375
2020-05-05,494.8521423339844
2020-05-06,500.89886474609375
2020-05-07,497.339111328125
2020-05-08,492.4627685546875
2020-05-11,492.6090087890625
2020-05-12,493.2429504394531
2020-05-13,496.2174987792969
2020-05-14,487.68389892578125
2020-05-15,488.0252380371094
2020-05-18,482.36865234375
2020-05-19,479.4916076660156
2020-05-20,473.347412109375
2020-05-21,473.78631591796875
2020-05-22,474.4202575683594
2020-05-26,494.6570739746094
2020-05-27,514.8939208984375
2020-05-28,547.0291137695312
2020-05-29,541.1286010742188
2020-06-01,547.809326171875
2020-06-02,551.4666137695312
2020-06-03,551.856689453125
2020-06-04,548.68701171875
2020-06-05,553.6121826171875
2020-06-08,553.0269165039062
2020-06-09,550.8327026367188
2020-06-10,550.9789428710938
2020-06-11,551.515380859375
2020-06-12,550.3938598632812
2020-06-15,545.81005859375
2020-06-16,553.4171142578125
2020-06-17,555.7576904296875
2020-06-18,560.1464233398438
2020-06-19,584.82080078125
2020-06-22,577.1161499023438
2020-06-23,649.237548828125
2020-06-24,672.400146484375
2020-06-25,691.41796875
2020-06-26,682.689208984375
2020-06-29,682.2990112304688
2020-06-30,656.6494140625
2020-07-01,680.0558471679688
2020-07-02,686.2489624023438
2020-07-03,698.1470947265625
2020-07-06,700.8292236328125
2020-07-07,702.04833984375
2020-07-08,693.075927734375
2020-07-09,681.4213256835938
2020-07-10,682.0552368164062
2020-07-13,680.2023315429688
2020-07-14,681.4701538085938
2020-07-15,684.9811401367188
2020-07-16,672.9364624023438
2020-07-17,689.56494140625
2020-07-20,698.8787231445312
2020-07-21,685.2249145507812
2020-07-22,708.6802368164062
2020-07-23,702.633544921875
2020-07-24,691.41796875
2020-07-27,691.7105102539062
2020-07-28,705.1691284179688
2020-07-29,700.9754638671875
2020-07-30,729.697265625
2020-07-31,741.83935546875
2020-08-03,732.3304443359375
2020-08-04,764.2216796875
2020-08-05,753.2499389648438
2020-08-06,768.2203369140625
2020-08-07,745.009033203125
2020-08-10,760.759521484375
2020-08-11,754.3715209960938
2020-08-12,768.3178100585938
2020-08-13,772.0728149414062
2020-08-14,759.5404663085938
2020-08-17,744.9601440429688
2020-08-18,769.3906860351562
2020-08-19,761.3934936523438
2020-08-20,751.1532592773438
2020-08-21,755.10302734375
2020-08-24,751.2994384765625
2020-08-25,734.134765625
2020-08-26,721.2611083984375
2020-08-27,721.9926147460938
2020-08-28,731.0138549804688
2020-08-31,731.2088623046875
2020-09-01,738.7184448242188
2020-09-02,749.6415405273438
2020-09-03,737.7432250976562
2020-09-04,726.1862182617188
2020-09-07,702.1458740234375
2020-09-08,682.9329833984375
2020-09-09,666.1094970703125
2020-09-10,692.9295043945312
2020-09-11,695.6116943359375
2020-09-14,713.3613891601562
2020-09-15,749.056396484375
2020-09-16,748.6174926757812
2020-09-17,773.1455688476562
2020-09-18,749.93408203125
2020-09-21,737.6944580078125
2020-09-22,743.6922607421875
2020-09-23,731.5989990234375
2020-09-24,715.9459228515625
2020-09-25,733.7446899414062
2020-09-28,756.029541015625
2020-09-29,766.7574462890625
2020-09-30,762.1250610351562
2020-10-01,753.1036987304688
2020-10-05,734.8661499023438
2020-10-06,750.2266235351562
2020-10-07,771.2437744140625
2020-10-08,745.9843139648438
2020-10-09,758.80908203125
2020-10-12,772.7554321289062
2020-10-13,775.9249877929688
2020-10-14,782.3617553710938
2020-10-15,753.9813232421875
2020-10-16,770.0734252929688
2020-10-19,784.9950561523438
2020-10-20,794.6990356445312
2020-10-21,794.3576049804688
2020-10-22,813.4241943359375
2020-10-23,826.834228515625
2020-10-26,806.9385986328125
2020-10-27,802.8912963867188
2020-10-28,804.5980834960938
2020-10-29,819.0806884765625
2020-10-30,822.0064697265625
2020-11-02,818.1541748046875
2020-11-03,819.1783447265625
2020-11-04,810.8397827148438
2020-11-05,851.0696411132812
2020-11-06,870.86767578125
2020-11-09,882.5708618164062
2020-11-10,887.00830078125
2020-11-11,883.8875122070312
2020-11-12,890.8118896484375
2020-11-13,925.970458984375
2020-11-14,930.9442138671875
2020-11-17,957.7154541015625
2020-11-18,935.2354125976562
2020-11-19,953.37548828125
2020-11-20,958.4957275390625
2020-11-23,1005.8936767578125
2020-11-24,1043.4906005859375
2020-11-25,1003.0654296875
2020-11-26,999.7985229492188
2020-11-27,1074.4552001953125
2020-12-01,1123.12109375
2020-12-02,1136.9700927734375
2020-12-03,1152.0380859375
2020-12-04,1095.764892578125
2020-12-07,1094.594482421875
2020-12-08,1060.2164306640625
2020-12-09,1051.48779296875
2020-12-10,1011.6480102539062
2020-12-11,1029.98291015625
2020-12-14,1040.954833984375
2020-12-15,1029.1539306640625
2020-12-16,1059.7286376953125
2020-12-17,1054.7059326171875
2020-12-18,1048.122802734375
2020-12-21,946.1096801757812
2020-12-22,988.582763671875
2020-12-23,1013.988525390625
2020-12-24,1000.919921875
2020-12-28,1028.6175537109375
2020-12-29,1043.100341796875
2020-12-30,1051.097412109375
2020-12-31,1053.048095703125
2021-01-01,1067.4334716796875
2021-01-04,1109.1260986328125
2021-01-05,1090.8399658203125
2021-01-06,1142.5291748046875
2021-01-07,1139.45703125
2021-01-08,1174.274169921875
2021-01-11,1156.0367431640625
2021-01-12,1156.13427734375
2021-01-13,1141.8953857421875
2021-01-14,1149.7950439453125
2021-01-15,1111.2718505859375
2021-01-18,1096.5450439453125
2021-01-19,1110.7840576171875
2021-01-20,1143.0657958984375
2021-01-21,1121.2196044921875
2021-01-22,1126.4859619140625
2021-01-25,1121.41455078125
2021-01-27,1128.3876953125
2021-01-28,1112.6370849609375
2021-01-29,1126.388427734375
2021-02-01,1189.147216796875
2021-02-02,1226.89013671875
2021-02-03,1213.2362060546875
2021-02-04,1236.6427001953125
2021-02-05,1209.384033203125
2021-02-08,1299.6939697265625
2021-02-09,1315.44482421875
2021-02-10,1331.4388427734375
2021-02-11,1363.57421875
2021-02-12,1444.814208984375
2021-02-15,1438.3773193359375
2021-02-16,1409.0704345703125
2021-02-17,1419.3109130859375
2021-02-18,1439.1575927734375
2021-02-19,1439.79150390625
2021-02-22,1390.4915771484375
2021-02-23,1412.5328369140625
2021-02-24,1413.7518310546875
2021-02-25,1408.72900390625
2021-02-26,1400.634521484375
2021-03-01,1432.7694091796875
2021-03-02,1456.0787353515625
2021-03-03,1465.294677734375
2021-03-04,1451.0560302734375
2021-03-05,1438.4749755859375
2021-03-08,1413.26416015625
2021-03-09,1415.65380859375
2021-03-10,1433.9400634765625
2021-03-12,1438.133544921875
2021-03-15,1435.939208984375
2021-03-16,1485.48291015625
2021-03-17,1520.056396484375
2021-03-18,1533.612548828125
2021-03-19,1536.148193359375
2021-03-22,1544.7305908203125
2021-03-23,1524.3475341796875
2021-03-24,1521.8115234375
2021-03-25,1479.2899169921875
2021-03-26,1513.083251953125
2021-03-30,1544.828125
2021-03-31,1549.704345703125
2021-04-01,1521.762939453125
2021-04-05,1498.8929443359375
2021-04-06,1523.76220703125
2021-04-07,1510.69384765625
2021-04-08,1520.5927734375
2021-04-09,1517.520751953125
2021-04-12,1443.1561279296875
2021-04-13,1502.989013671875
2021-04-15,1539.220458984375
2021-04-16,1521.3726806640625
2021-04-19,1466.3189697265625
2021-04-20,1411.557373046875
2021-04-22,1442.3760986328125
2021-04-23,1389.1751708984375
2021-04-26,1434.7689208984375
2021-04-27,1491.9686279296875
2021-04-28,1472.95068359375
2021-04-29,1499.47802734375
2021-04-30,1469.0985107421875
2021-05-03,1508.2066650390625
2021-05-04,1513.9122314453125
2021-05-05,1500.4532470703125
2021-05-06,1528.443359375
2021-05-07,1591.5438232421875
2021-05-10,1611.731689453125
2021-05-11,1679.7078857421875
2021-05-12,1658.69091796875
2021-05-14,1684.779296875
2021-05-17,1733.8843994140625
2021-05-18,1771.57861328125
2021-05-19,1750.4638671875
2021-05-20,1769.7744140625
2021-05-21,1785.671142578125
2021-05-24,1832.0452880859375
2021-05-25,1813.2225341796875
2021-05-26,1800.007568359375
2021-05-27,1776.015869140625
2021-05-28,1732.1773681640625
2021-05-31,1721.35205078125
2021-06-01,1770.408203125
2021-06-02,1740.7601318359375
2021-06-03,1743.8807373046875
2021-06-04,1746.7578125
2021-06-07,1725.05810546875
2021-06-08,1746.3189697265625
2021-06-09,1712.7696533203125
2021-06-10,1749.4398193359375
2021-06-11,1742.320556640625
2021-06-14,1754.6575927734375
2021-06-15,1813.027587890625
2021-06-16,1795.9114990234375
2021-06-17,1760.4603271484375
2021-06-18,1745.538818359375
2021-06-21,1772.06591796875
2021-06-22,1803.3236083984375
2021-06-23,1779.4781494140625
2021-06-24,1756.5107421875
2021-06-25,1787.2314453125
2021-06-28,1819.4156494140625
2021-06-29,1827.802978515625
2021-06-30,1844.3824462890625
2021-07-01,1843.5045166015625
2021-07-02,1889.732421875
2021-07-05,1920.843505859375
2021-07-06,1952.5400390625
2021-07-07,1994.2813720703125
2021-07-08,2008.9105224609375
2021-07-09,2067.378173828125
2021-07-12,2114.971435546875
2021-07-13,2142.13232421875
2021-07-14,2126.4306640625
2021-07-15,2215.375244140625
2021-07-16,2196.2109375
2021-07-19,2172.1220703125
2021-07-20,2129.1611328125
2021-07-22,2167.2451171875
2021-07-23,2234.782958984375
2021-07-26,2171.878662109375
2021-07-27,2194.602294921875
2021-07-28,2094.783203125
2021-07-29,2082.591552734375
2021-07-30,2086.20068359375
2021-08-02,2107.997802734375
2021-08-03,2072.0107421875
2021-08-04,1985.7479248046875
2021-08-05,1891.4393310546875
2021-08-06,1892.3167724609375
2021-08-09,1877.7364501953125
2021-08-10,1870.2271728515625
2021-08-11,1855.0616455078125
2021-08-12,1846.2840576171875
2021-08-13,1870.568359375
2021-08-16,1857.7926025390625
2021-08-17,1816.197021484375
2021-08-18,1855.890625
2021-08-20,1905.1416015625
2021-08-23,1899.241455078125
2021-08-24,1963.706787109375
2021-08-25,1981.55419921875
2021-08-26,1992.184814453125
2021-08-27,1981.7979736328125
2021-08-30,2125.6015625
2021-08-31,2145.39990234375
2021-09-01,2088.49267578125
2021-09-02,2140.572021484375
2021-09-03,2174.267578125
2021-09-06,2220.447021484375
2021-09-07,2237.9521484375
2021-09-08,2240.195556640625
2021-09-09,2275.012939453125
2021-09-13,2349.816162109375
2021-09-14,2387.3154296875
2021-09-15,2395.21533203125
2021-09-16,2329.62841796875
2021-09-17,2241.2685546875
2021-09-20,2166.56298828125
2021-09-21,2104.96728515625
2021-09-22,2075.935546875
2021-09-23,2075.7890625
2021-09-24,2039.0968017578125
2021-09-27,1999.47705078125
2021-09-28,1983.13134765625
2021-09-29,2002.892578125
2021-09-30,2054.905517578125
2021-10-01,2064.419921875
2021-10-04,2077.057373046875
2021-10-05,2023.7275390625
2021-10-06,2052.953857421875
2021-10-07,2042.4632568359375
2021-10-08,2049.24560546875
2021-10-11,2027.6795654296875
2021-10-12,2016.4571533203125
2021-10-13,2022.800048828125
2021-10-14,2013.041748046875
2021-10-18,2034.1685791015625
2021-10-19,1986.498291015625
2021-10-20,1924.482421875
2021-10-21,1927.849365234375
2021-10-22,1881.496337890625
2021-10-25,1840.4127197265625
2021-10-26,1897.646728515625
2021-10-27,1912.430908203125
2021-10-28,1943.267822265625
2021-10-29,1963.6630859375
2021-11-01,1967.7615966796875
2021-11-02,1969.664794921875
2021-11-03,1964.49267578125
2021-11-04,1985.717529296875
2021-11-08,2043.0975341796875
2021-11-09,2085.04248046875
2021-11-10,2119.35986328125
2021-11-11,2073.2607421875
2021-11-12,2094.232421875
2021-11-15,2069.154296875
2021-11-16,2011.810302734375
2021-11-17,1946.596435546875
2021-11-18,1970.5997314453125
2021-11-22,1898.9326171875
2021-11-23,1986.78125
2021-11-24,1956.3739013671875
2021-11-25,1934.228515625
2021-11-26,1846.281982421875
2021-11-29,1818.026123046875
2021-11-30,1831.6654052734375
2021-12-01,1797.1517333984375
2021-12-02,1807.27099609375
2021-12-03,1826.1409912109375
2021-12-06,1753.8387451171875
2021-12-07,1815.7283935546875
2021-12-08,1871.214111328125
2021-12-09,1870.6275634765625
2021-12-10,1843.9356689453125
2021-12-13,1839.29150390625
2021-12-14,1874.1964111328125
2021-12-15,1888.66650390625
2021-12-16,1841.980224609375
2021-12-17,1812.990966796875
2021-12-20,1760.4871826171875
2021-12-21,1801.6492919921875
2021-12-22,1803.2623291015625
2021-12-23,1805.853271484375
2021-12-24,1785.5169677734375
2021-12-27,1777.988525390625
2021-12-28,1823.305908203125
2021-12-29,1779.1614990234375
2021-12-30,1764.153564453125
2021-12-31,1806.7333984375
2022-01-03,1839.9271240234375
2022-01-04,1834.7940673828125
2022-01-05,1868.4765625
2022-01-06,1845.353515625
2022-01-07,1888.324462890625
2022-01-10,1949.6763916015625
2022-01-11,1954.9072265625
2022-01-12,1981.6480712890625
2022-01-13,1960.1868896484375
2022-01-14,1968.0086669921875
2022-01-17,2020.6590576171875
2022-01-18,1937.406005859375
2022-01-19,1939.459228515625
2022-01-20,1944.54345703125
2022-01-21,1908.2208251953125
2022-01-24,1825.9456787109375
2022-01-25,1793.97412109375
2022-01-27,1687.89111328125
2022-01-28,1744.94140625
2022-01-31,1742.1060791015625
2022-02-01,1860.312255859375
2022-02-02,1876.787109375
2022-02-03,1898.4437255859375
2022-02-04,1896.9771728515625
2022-02-07,1934.5216064453125
2022-02-08,1896.732666015625
2022-02-09,1925.428955078125
2022-02-10,1904.7501220703125
2022-02-11,1856.6461181640625
2022-02-14,1764.251220703125
2022-02-15,1813.2840576171875
2022-02-16,1789.5257568359375
2022-02-17,1801.7958984375
2022-02-18,1749.194580078125
2022-02-21,1700.4061279296875
2022-02-22,1648.684814453125
2022-02-23,1617.3974609375
2022-02-24,1502.61279296875
2022-02-25,1539.766357421875
2022-02-28,1532.0909423828125
2022-03-02,1483.5472412109375
2022-03-03,1395.014404296875
2022-03-04,1373.1136474609375
2022-03-07,1301.3487548828125
2022-03-08,1331.9022216796875
2022-03-09,1432.461181640625
2022-03-10,1449.131591796875
2022-03-11,1397.99658203125
2022-03-14,1376.0467529296875
2022-03-15,1392.0814208984375
2022-03-16,1440.77197265625
2022-03-17,1427.7193603515625
2022-03-21,1393.4012451171875
2022-03-22,1390.761474609375
2022-03-23,1381.032958984375
2022-03-24,1357.5185546875
2022-03-25,1330.09375
2022-03-28,1352.8258056640625
2022-03-29,1399.8050537109375
2022-03-30,1459.8863525390625
2022-03-31,1462.2816162109375
2022-04-01,1492.199951171875
2022-04-04,1541.7705078125
2022-04-05,1556.87646484375
2022-04-06,1558.3919677734375
2022-04-07,1553.7965087890625
2022-04-08,1571.4444580078125
2022-04-11,1584.4483642578125
2022-04-12,1566.8004150390625
2022-04-13,1593.6878662109375
2022-04-18,1566.115966796875
2022-04-19,1538.0064697265625
2022-04-20,1553.5521240234375
2022-04-21,1577.3109130859375
2022-04-22,1584.1546630859375
2022-04-25,1535.904541015625
2022-04-26,1547.83251953125
2022-04-27,1515.078857421875
2022-04-28,1504.030517578125
2022-04-29,1485.30712890625
2022-05-02,1468.2947998046875
2022-05-04,1412.3690185546875
2022-05-05,1407.8714599609375
2022-05-06,1395.64990234375
2022-05-09,1420.435302734375
2022-05-10,1390.1259765625
2022-05-11,1414.764404296875
2022-05-12,1374.18896484375
2022-05-13,1376.6334228515625
2022-05-16,1403.0318603515625
2022-05-17,1382.2061767578125
2022-05-18,1390.516845703125
2022-05-19,1338.64892578125
2022-05-20,1368.3226318359375
2022-05-23,1336.7911376953125
2022-05-24,1292.9891357421875
2022-05-25,1262.0440673828125
2022-05-26,1304.5262451171875
2022-05-27,1305.161865234375
2022-05-30,1343.4884033203125
2022-05-31,1332.14697265625
2022-06-01,1332.0491943359375
2022-06-02,1343.146240234375
2022-06-03,1224.8907470703125
2022-06-06,1254.1246337890625
2022-06-07,1210.1759033203125
2022-06-08,1241.414306640625
2022-06-09,1265.41748046875
2022-06-10,1259.599853515625
2022-06-13,1232.908203125
2022-06-14,1256.617919921875
2022-06-15,1252.26708984375
2022-06-16,1224.4508056640625
2022-06-17,1231.34375
2022-06-20,1225.4774169921875
2022-06-21,1230.1702880859375
2022-06-22,1219.1708984375
2022-06-23,1229.57666015625
2022-06-24,1272.7205810546875
2022-06-27,1278.7086181640625
2022-06-28,1278.512451171875
2022-06-29,1265.8980712890625
2022-06-30,1260.1063232421875
2022-07-01,1302.513671875
2022-07-04,1293.6298828125
2022-07-05,1278.070556640625
2022-07-06,1356.1614990234375
2022-07-07,1426.49755859375
2022-07-08,1407.3551025390625
2022-07-11,1423.89599609375
2022-07-12,1411.7725830078125
2022-07-13,1450.05712890625
2022-07-14,1413.6866455078125
2022-07-15,1421.7852783203125
2022-07-18,1463.064208984375
2022-07-19,1486.91845703125
2022-07-20,1485.151611328125
2022-07-21,1511.5091552734375
2022-07-22,1566.1875
2022-07-25,1521.3255615234375
2022-07-26,1506.30615234375
2022-07-27,1547.5360107421875
2022-07-28,1556.2236328125
2022-07-29,1570.3104248046875
2022-08-01,1557.205322265625
2022-08-02,1553.4259033203125
2022-08-03,1518.920654296875
2022-08-04,1533.20361328125
2022-08-05,1586.6551513671875
2022-08-08,1573.8934326171875
2022-08-10,1529.1297607421875
2022-08-11,1534.5780029296875
2022-08-12,1531.1912841796875
2022-08-16,1555.5855712890625
2022-08-17,1566.08935546875
2022-08-18,1636.3271484375
2022-08-19,1586.458740234375
2022-08-22,1525.5958251953125
2022-08-23,1532.712890625
2022-08-24,1523.9271240234375
2022-08-25,1508.8585205078125
2022-08-26,1503.459716796875
2022-08-29,1500.710693359375
2022-08-30,1508.1712646484375
2022-09-01,1502.7232666015625
2022-09-02,1506.502685546875
2022-09-05,1522.159912109375
2022-09-06,1528.3935546875
2022-09-07,1574.433349609375
2022-09-08,1621.994873046875
2022-09-09,1629.7989501953125
2022-09-12,1661.604736328125
2022-09-13,1629.749755859375
2022-09-14,1732.3822021484375
2022-09-15,1731.9896240234375
2022-09-16,1656.2054443359375
2022-09-19,1636.572265625
2022-09-20,1686.3424072265625
2022-09-21,1648.2540283203125
2022-09-22,1621.258544921875
2022-09-23,1551.119140625
2022-09-26,1517.4481201171875
2022-09-27,1498.894775390625
2022-09-28,1495.066162109375
2022-09-29,1521.81640625
2022-09-30,1568.690673828125
2022-10-03,1525.252197265625
2022-10-04,1566.6783447265625
2022-10-06,1541.8421630859375
2022-10-07,1496.391357421875
2022-10-10,1504.3427734375
2022-10-11,1462.8187255859375
2022-10-12,1494.23193359375
2022-10-13,1478.770751953125
2022-10-14,1475.874755859375
2022-10-17,1481.42138671875
2022-10-18,1482.9918212890625
2022-10-19,1490.2071533203125
2022-10-20,1495.7042236328125
2022-10-21,1500.5635986328125
2022-10-24,1492.808349609375
2022-10-25,1504.09765625
2022-10-27,1553.278564453125
2022-10-28,1504.441162109375
2022-10-31,1571.5865478515625
2022-11-01,1576.1512451171875
2022-11-02,1565.8436279296875
2022-11-03,1623.3690185546875
2022-11-04,1710.5404052734375
2022-11-07,1734.9835205078125
2022-11-09,1703.521484375
2022-11-10,1654.6695556640625
2022-11-11,1641.0914306640625
2022-11-14,1663.623291015625
2022-11-15,1652.6524658203125
2022-11-16,1680.3992919921875
2022-11-17,1686.1551513671875
2022-11-18,1651.9146728515625
2022-11-21,1648.0279541015625
2022-11-22,1685.5648193359375
2022-11-23,1706.8668212890625
2022-11-24,1711.34375
2022-11-25,1714.14794921875
2022-11-28,1731.4158935546875
2022-11-29,1737.8604736328125
2022-11-30,1791.435302734375
2022-12-01,1870.6416015625
2022-12-02,1905.57080078125
2022-12-05,1855.1939697265625
2022-12-06,1836.2039794921875
2022-12-07,1819.37890625
2022-12-08,1823.3636474609375
2022-12-09,1817.7552490234375
2022-12-12,1875.659423828125
2022-12-13,1826.2174072265625
2022-12-14,1860.3101806640625
2022-12-15,1855.04638671875
2022-12-16,1819.8216552734375
2022-12-19,1851.4549560546875
2022-12-20,1828.1851806640625
2022-12-21,1822.5274658203125
2022-12-22,1828.1851806640625
2022-12-23,1742.042236328125
2022-12-26,1782.924560546875
2022-12-27,1833.15380859375
2022-12-28,1824.298583984375
2022-12-29,1825.6268310546875
2022-12-30,1832.8587646484375
2023-01-02,1857.3583984375
2023-01-03,1842.0584716796875
2023-01-04,1818.39501953125
2023-01-05,1845.0103759765625
2023-01-06,1845.3052978515625
2023-01-09,1854.40673828125
2023-01-10,1843.3868408203125
2023-01-11,1838.1717529296875
2023-01-12,1867.0010986328125
2023-01-13,1868.476806640625
2023-01-16,1861.048095703125
2023-01-17,1874.970703125
2023-01-18,1854.111572265625
2023-01-19,1846.8797607421875
2023-01-20,1809.539794921875
2023-01-23,1738.795166015625
2023-01-24,1731.4158935546875
2023-01-25,1700.5697021484375
2023-01-27,1666.4766845703125
2023-01-30,1689.9434814453125
2023-01-31,1739.3365478515625
2023-02-01,1739.97607421875
2023-02-02,1773.6754150390625
2023-02-03,1837.827392578125
2023-02-06,1855.0955810546875
2023-02-07,1823.2161865234375
2023-02-08,1876.9385986328125
2023-02-09,1895.2889404296875
2023-02-10,1908.1781005859375
2023-02-13,1898.0931396484375
2023-02-14,1871.9697265625
2023-02-15,1889.483642578125
2023-02-16,1900.749755859375
2023-02-17,1913.8359375
2023-02-20,1904.4886474609375
2023-02-21,1878.316162109375
2023-02-22,1882.20263671875
2023-02-23,1864.3935546875
2023-02-24,1850.76611328125
2023-02-27,1808.4573974609375
2023-02-28,1804.4232177734375
2023-03-01,1845.551513671875
2023-03-02,1816.082763671875
2023-03-03,1832.8587646484375
2023-03-06,1798.81494140625
2023-03-08,1799.2574462890625
2023-03-09,1794.830078125
2023-03-10,1771.068115234375
2023-03-13,1711.7864990234375
2023-03-14,1722.1671142578125
2023-03-15,1756.8011474609375
2023-03-16,1756.7518310546875
2023-03-17,1779.1856689453125
2023-03-20,1770.3302001953125
2023-03-21,1793.4033203125
2023-03-22,1809.6380615234375
2023-03-23,1793.8460693359375
2023-03-24,1801.668212890625
2023-03-27,1839.25439453125
2023-03-28,1814.75439453125
2023-03-29,1897.7489013671875
2023-03-31,1936.6138916015625
2023-04-03,1940.9921875
2023-04-05,1947.584716796875
2023-04-06,1967.2139892578125
2023-04-10,1951.766357421875
2023-04-11,1969.0341796875
2023-04-12,1963.0321044921875
2023-04-13,1968.591552734375
2023-04-17,2002.4876708984375
2023-04-18,2002.2418212890625
2023-04-19,2019.5096435546875
2023-04-20,1956.98095703125
2023-04-21,1891.1563720703125
2023-04-24,1898.2406005859375
2023-04-25,1890.0247802734375
2023-04-26,1902.9635009765625
2023-04-27,1934.8919677734375
2023-04-28,1964.1146240234375
2023-05-02,1968.0994873046875
2023-05-03,1969.1326904296875
2023-05-04,1991.664306640625
2023-05-05,1980.496826171875
2023-05-08,2052.421630859375
2023-05-09,2042.435302734375
2023-05-10,2052.717041015625
2023-05-11,2049.962158203125
2023-05-12,2048.141845703125
2023-05-15,2039.0897216796875
2023-05-16,2045.6329345703125
2023-05-17,2043.3206787109375
2023-05-18,2029.447265625
2023-05-19,2024.576416015625
2023-05-22,2044.3046875
2023-05-23,2040.7623291015625
2023-05-24,2016.262451171875
2023-05-25,2008.3421630859375
2023-05-26,2035.4493408203125
2023-05-29,2059.407958984375
2023-05-30,2093.84521484375
2023-05-31,2095.714599609375
2023-06-01,2100.191650390625
2023-06-02,2104.914794921875
2023-06-05,2105.258544921875
2023-06-06,2125.232421875
2023-06-07,2132.4150390625
2023-06-08,2093.99267578125
2023-06-09,2062.064453125
2023-06-12,2068.361328125
2023-06-13,2122.625244140625
2023-06-14,2161.29345703125
2023-06-15,2218.31201171875
2023-06-16,2218.607421875
2023-06-19,2206.357177734375
2023-06-20,2204.48779296875
2023-06-21,2221.903076171875
2023-06-22,2165.0322265625
2023-06-23,2137.419677734375
2023-06-26,2166.758056640625
2023-06-27,2136.08837890625
2023-06-28,2188.8486328125
2023-06-30,2136.236328125
2023-07-03,2169.913818359375
2023-07-04,2155.22021484375
2023-07-05,2144.5693359375
2023-07-06,2162.27099609375
2023-07-07,2116.956787109375
2023-07-10,2072.135498046875
2023-07-11,2039.3946533203125
2023-07-12,2035.64697265625
2023-07-13,2029.5328369140625
2023-07-14,2027.70849609375
2023-07-17,2028.59619140625
2023-07-18,2009.3658447265625
2023-07-19,2009.5137939453125
2023-07-20,1992.9952392578125
2023-07-21,1894.526611328125
2023-07-24,1873.965087890625
2023-07-25,1882.0516357421875
2023-07-26,1928.697265625
2023-07-27,1914.6937255859375
2023-07-28,1930.0777587890625
2023-07-31,1926.7744140625
2023-08-01,1959.3177490234375
2023-08-02,1956.2606201171875
2023-08-03,1945.5606689453125
2023-08-04,1962.6217041015625
2023-08-07,1977.0687255859375
2023-08-08,1987.818115234375
2023-08-09,1985.00732421875
2023-08-10,1974.8006591796875
2023-08-11,1965.7772216796875
2023-08-14,1884.911376953125
2023-08-16,1875.7891845703125
2023-08-17,1877.76171875
2023-08-18,1871.69677734375
2023-08-21,1893.1953125
2023-08-22,1924.210205078125
2023-08-23,1962.6707763671875
2023-08-24,1969.623291015625
2023-08-25,1976.0333251953125
2023-08-28,2003.74462890625
2023-08-29,2026.7222900390625
2023-08-30,2053.98974609375
2023-08-31,2056.208740234375
2023-09-01,2094.176025390625
2023-09-04,2229.724853515625
2023-09-05,2235.14892578125
2023-09-06,2276.0751953125
2023-09-07,2256.203857421875
2023-09-08,2289.979736328125
2023-09-11,2339.732177734375
2023-09-12,2301.419189453125
2023-09-13,2324.150146484375
2023-09-14,2370.450927734375
2023-09-15,2354.57373046875
2023-09-18,2336.4775390625
2023-09-20,2282.6328125
2023-09-21,2234.65576171875
2023-09-22,2214.5380859375
2023-09-25,2305.216064453125
2023-09-26,2334.948974609375
2023-09-27,2337.5625
2023-09-28,2307.583251953125
2023-09-29,2371.09228515625
2023-10-03,2339.23876953125
2023-10-04,2273.855712890625
2023-10-05,2226.91455078125
2023-10-06,2193.03955078125
2023-10-09,2188.35546875
2023-10-10,2228.73876953125
2023-10-11,2269.27001953125
2023-10-12,2268.974365234375
2023-10-13,2260.838623046875
2023-10-16,2289.979736328125
2023-10-17,2224.695068359375
2023-10-18,2199.8935546875
2023-10-19,2177.458251953125
2023-10-20,2132.0615234375
2023-10-23,2050.456298828125
2023-10-25,2032.475341796875
2023-10-26,1991.3270263671875
2023-10-27,2013.9512939453125
2023-10-30,2019.33544921875
2023-10-31,2078.909423828125
2023-11-01,2047.541748046875
2023-11-02,2052.283935546875
2023-11-03,2048.677734375
2023-11-06,2074.61181640625
2023-11-07,2064.53466796875
2023-11-08,2098.223876953125
2023-11-09,2069.227294921875
2023-11-10,2064.337158203125
2023-11-13,2085.083984375
2023-11-15,2096.642822265625
2023-11-16,2135.07470703125
2023-11-17,2181.06396484375
2023-11-20,2176.865478515625
2023-11-21,2185.757080078125
2023-11-22,2129.29541015625
2023-11-23,2158.68701171875
2023-11-24,2204.23193359375
2023-11-28,2179.631591796875
2023-11-29,2176.0751953125
2023-11-30,2190.84521484375
2023-12-01,2237.871826171875
2023-12-04,2279.760986328125
2023-12-05,2321.05810546875
2023-12-06,2332.567138671875
2023-12-07,2330.24560546875
2023-12-08,2303.126220703125
2023-12-11,2317.69873046875
2023-12-12,2354.69775390625
2023-12-13,2347.78173828125
2023-12-14,2377.66748046875
2023-12-15,2333.55517578125
2023-12-18,2310.98046875
2023-12-19,2285.392333984375
2023-12-20,2157.946044921875
2023-12-21,2212.8271484375
2023-12-22,2167.776123046875
2023-12-26,2212.0859375
2023-12-27,2292.110595703125
2023-12-28,2262.521484375
2023-12-29,2247.80078125
2024-01-01,2332.814208984375
2024-01-02,2292.604736328125
2024-01-03,2279.85986328125
2024-01-04,2332.567138671875
2024-01-05,2361.909912109375
2024-01-08,2302.28662109375
2024-01-09,2278.970947265625
2024-01-10,2261.03955078125
2024-01-11,2279.514404296875
2024-01-12,2275.759765625
2024-01-15,2265.63330078125
2024-01-16,2231.15380859375
2024-01-17,2165.30615234375
2024-01-18,2155.179443359375
2024-01-19,2187.73291015625
2024-01-23,2083.50341796875
2024-01-24,2128.80126953125
2024-01-25,2178.49560546875
2024-01-29,2229.2763671875
2024-01-30,2232.83349609375
2024-01-31,2252.345458984375
2024-02-01,2252.938232421875
2024-02-02,2231.89453125
2024-02-05,2167.134033203125
2024-02-06,2163.3798828125
2024-02-07,2144.657958984375
2024-02-08,2075.056396484375
2024-02-09,2101.582763671875
2024-02-12,2027.4366455078125
2024-02-13,2038.0572509765625
2024-02-14,2026.6463623046875
2024-02-15,2021.70654296875
2024-02-16,2059.49609375
2024-02-19,2076.39013671875
2024-02-20,2060.434814453125
2024-02-21,2061.817626953125
2024-02-22,2081.774169921875
2024-02-23,2064.53466796875
2024-02-26,2088.196044921875
2024-02-27,2047.689697265625
2024-02-28,1992.66064453125
2024-02-29,2000.51513671875
2024-03-01,2030.697021484375
2024-03-04,2002.63916015625
2024-03-05,1971.91357421875
2024-03-06,1922.515625
2024-03-07,1937.5821533203125
2024-03-11,1915.8963623046875
2024-03-12,1886.158935546875
2024-03-13,1803.516357421875
2024-03-14,1844.5660400390625
2024-03-15,1857.755126953125
2024-03-18,1862.2503662109375
2024-03-19,1861.70703125
2024-03-20,1872.2286376953125
2024-03-21,1899.00244140625
2024-03-22,1935.6553955078125
2024-03-26,1937.5821533203125
2024-03-27,1934.2723388671875
2024-03-28,1918.761474609375
2024-04-01,1968.3076171875
2024-04-02,2003.92333984375
2024-04-03,2017.853515625
2024-04-04,2002.0462646484375
2024-04-05,1965.1461181640625
2024-04-08,1986.6837158203125
2024-04-09,1966.82568359375
2024-04-10,1954.2784423828125
2024-04-12,1928.542236328125
2024-04-15,1910.8084716796875
2024-04-16,1946.374755859375
2024-04-18,1925.5289306640625
2024-04-19,1920.0458984375
2024-04-22,1936.8905029296875
2024-04-23,1927.949462890625
2024-04-24,1939.162841796875
2024-04-25,1784.695556640625
2024-04-26,1778.076416015625
2024-04-29,1810.6295166015625
2024-04-30,1816.013916015625
2024-05-02,1769.5799560546875
2024-05-03,1774.47021484375
2024-05-06,1772.840087890625
2024-05-07,1744.9302978515625
2024-05-08,1751.5989990234375
2024-05-09,1707.4375
2024-05-10,1694.1986083984375
2024-05-13,1721.7132568359375
2024-05-14,1736.5821533203125
2024-05-15,1739.74365234375
2024-05-16,1767.9002685546875
2024-05-17,1792.648681640625
2024-05-21,1825.547607421875
2024-05-22,1824.609130859375
2024-05-23,1790.4752197265625
2024-05-24,1770.8642578125
2024-05-27,1785.8812255859375
2024-05-28,1779.8546142578125
2024-05-29,1754.0689697265625
2024-05-30,1746.0665283203125
2024-05-31,1754.31591796875
2024-06-03,1835.624755859375
2024-06-04,1674.8348388671875
2024-06-05,1714.2545166015625
2024-06-06,1744.8314208984375
2024-06-07,1788.1534423828125
2024-06-10,1852.9140625
2024-06-11,1865.2142333984375
2024-06-12,1877.2177734375
2024-06-13,1878.8973388671875
2024-06-14,1859.681640625
2024-06-18,1866.2515869140625
2024-06-19,1837.029541015625
2024-06-20,1844.8551025390625
2024-06-21,1806.0242919921875
2024-06-24,1801.4676513671875
2024-06-25,1799.4864501953125
2024-06-26,1802.656494140625
2024-06-27,1775.3162841796875
2024-06-28,1796.3660888671875
2024-07-01,1832.5223388671875
2024-07-02,1822.12109375
2024-07-03,1838.4658203125
2024-07-04,1824.993896484375
2024-07-05,1840.6451416015625
2024-07-08,1838.36669921875
2024-07-09,1850.006103515625
2024-07-10,1847.727783203125
2024-07-11,1848.0250244140625
2024-07-12,1915.38427734375
2024-07-15,1911.0257568359375
2024-07-16,1897.8511962890625
2024-07-18,1898.7921142578125
2024-07-19,1801.5665283203125
2024-07-22,1754.4647216796875
2024-07-23,1761.6959228515625
2024-07-24,1754.76171875
2024-07-25,1754.861083984375
2024-07-26,1795.1278076171875
2024-07-29,1817.0198974609375
2024-07-30,1834.35498046875
2024-07-31,1833.1168212890625
2024-08-01,1796.16796875
2024-08-02,1781.755126953125
2024-08-05,1740.0023193359375
2024-08-06,1714.4453125
2024-08-07,1741.19091796875
2024-08-08,1753.375244140625
2024-08-09,1724.2025146484375
2024-08-12,1728.5611572265625
2024-08-13,1718.9029541015625
2024-08-14,1710.185791015625
2024-08-16,1734.306396484375
2024-08-19,1752.2855224609375
2024-08-20,1751.0472412109375
2024-08-21,1738.91259765625
2024-08-22,1782.4486083984375
2024-08-23,1787.054931640625
2024-08-26,1797.802490234375
2024-08-27,1804.6375732421875
2024-08-28,1807.114013671875
2024-08-29,1828.2628173828125
2024-08-30,1873.2353515625
2024-09-02,1901.91259765625
2024-09-03,1897.454833984375
2024-09-04,1908.4503173828125
2024-09-05,1895.7213134765625
2024-09-06,1858.574462890625
2024-09-09,1857.980224609375
2024-09-10,1869.61962890625
2024-09-11,1880.9617919921875
2024-09-12,1869.570068359375
2024-09-13,1884.180908203125
2024-09-16,1839.060302734375
2024-09-17,1804.835693359375
2024-09-18,1817.1683349609375
2024-09-19,1805.083251953125
2024-09-20,1818.6048583984375
2024-09-23,1882.199951171875
2024-09-24,1911.5211181640625
2024-09-25,1892.3533935546875
2024-09-26,1897.702392578125
2024-09-27,1876.9002685546875
2024-09-30,1914.9879150390625
2024-10-01,1938.1181640625
2024-10-03,1931.6297607421875
2024-10-04,1919.24755859375
2024-10-07,1836.237060546875
2024-10-08,1862.2396240234375
2024-10-09,1823.408935546875
2024-10-10,1830.9375
2024-10-11,1855.3056640625
2024-10-14,1871.5015869140625
2024-10-15,1868.18310546875
2024-10-16,1849.659423828125
2024-10-17,1817.7132568359375
2024-10-18,1834.70166015625
2024-10-21,1813.5528564453125
2024-10-22,1787.4510498046875
2024-10-23,1744.26171875
2024-10-24,1795.870849609375
2024-10-25,1758.6419677734375
2024-10-28,1783.3123779296875
2024-10-29,1783.808837890625
2024-10-30,1826.944580078125
2024-10-31,1819.9454345703125
2024-11-01,1824.9093017578125
2024-11-04,1776.8096923828125
2024-11-05,1780.6318359375
2024-11-06,1804.4088134765625
2024-11-07,1785.2481689453125
2024-11-08,1755.2666015625
2024-11-11,1742.6583251953125
2024-11-12,1773.78173828125
2024-11-13,1725.0367431640625
2024-11-14,1701.408935546875
2024-11-18,1674.1573486328125
2024-11-19,1732.6314697265625
2024-11-21,1758.790771484375
2024-11-22,1795.1759033203125
2024-11-25,1813.591796875
2024-11-26,1812.9962158203125
2024-11-27,1823.1719970703125
2024-11-28,1806.1461181640625
2024-11-29,1807.1883544921875
2024-12-02,1866.1590576171875
2024-12-03,1916.8399658203125
2024-12-04,1922.697265625
2024-12-05,1899.962890625
2024-12-06,1912.1241455078125
2024-12-09,1884.0289306640625
2024-12-10,1884.9718017578125
2024-12-11,1952.3809814453125
2024-12-12,1921.2578125
2024-12-13,1907.706298828125
2024-12-16,1931.8802490234375
2024-12-17,1920.115966796875
2024-12-18,1865.7122802734375
2024-12-19,1838.5103759765625
2024-12-20,1788.8719482421875
2024-12-23,1747.22509765625
2024-12-24,1705.2310791015625
2024-12-26,1725.97998046875
2024-12-27,1727.8165283203125
2024-12-30,1758.5426025390625
2024-12-31,1754.472412109375
2025-01-01,1758.1455078125
2025-01-02,1803.068359375
2025-01-03,1794.77880859375
2025-01-06,1743.1546630859375
2025-01-07,1786.240966796875
2025-01-08,1787.0848388671875
2025-01-09,1789.26904296875
2025-01-10,1715.009765625
2025-01-13,1689.79345703125
2025-01-14,1716.4989013671875
2025-01-15,1724.441162109375
2025-01-16,1728.064697265625
2025-01-17,1709.4998779296875
2025-01-20,1739.38232421875
2025-01-21,1758.393798828125
2025-01-22,1786.04248046875
2025-01-23,1815.130615234375
2025-01-24,1789.914306640625
2025-01-27,1782.96484375
2025-01-28,1800.090087890625
2025-01-29,1843.02734375
2025-01-30,1838.5103759765625
2025-01-31,1852.8558349609375
2025-02-01,1814.1875
2025-02-03,1797.3599853515625
2025-02-04,1839.3045654296875
2025-02-05,1873.902587890625
2025-02-06,1854.493896484375
2025-02-07,1836.3758544921875
2025-02-10,1810.0675048828125
2025-02-11,1773.136474609375
2025-02-12,1787.0352783203125
2025-02-13,1785.3970947265625
2025-02-14,1769.5623779296875
2025-02-17,1795.07666015625
2025-02-18,1786.8863525390625
2025-02-19,1757.947021484375
2025-02-20,1771.4984130859375
2025-02-21,1729.1566162109375
2025-02-24,1724.6893310546875
2025-02-25,1715.555908203125
2025-02-27,1717.5908203125
2025-02-28,1677.433349609375
2025-03-03,1699.5225830078125
2025-03-04,1686.964111328125
2025-03-05,1694.75732421875
2025-03-06,1701.5081787109375
2025-03-07,1684.0849609375
2025-03-10,1661.5987548828125
2025-03-11,1674.256591796875
2025-03-12,1629.2344970703125
2025-03-13,1595.4803466796875
2025-03-17,1651.323486328125
2025-03-18,1651.323486328125
2025-03-19,1713.768798828125
2025-03-20,1683.9857177734375
2025-03-21,1734.765869140625
2025-03-24,1732.1351318359375
2025-03-25,1733.078125
2025-03-26,1748.019287109375
2025-03-27,1800.437744140625
2025-03-28,1808.3798828125
2025-04-01,1773.5335693359375
2025-04-02,1804.01171875
2025-04-03,1843.7225341796875
2025-04-04,1832.1070556640625
2025-04-07,1773.3350830078125
2025-04-08,1795.275146484375
2025-04-09,1812.6983642578125
2025-04-11,1798.5513916015625
2025-04-15,1855.685302734375
2025-04-16,1833.050048828125
2025-04-17,1838.2125244140625
2025-04-21,1908.5999755859375
2025-04-22,1889.7373046875
2025-04-23,1875.7391357421875
2025-04-24,1959.826904296875
2025-04-25,1951.6861572265625
2025-04-28,1969.357421875
2025-04-29,1940.6663818359375
2025-04-30,1928.65380859375
2025-05-02,1931.5328369140625
2025-05-05,1926.966064453125
2025-05-06,1938.28369140625
2025-05-07,1960.025390625
2025-05-08,1950.1968994140625
2025-05-09,1902.941162109375
2025-05-12,1966.57763671875
2025-05-13,1992.1910400390625
2025-05-14,2041.2340087890625
2025-05-15,2070.71923828125
2025-05-16,2055.133056640625
2025-05-19,2048.9775390625
2025-05-20,2042.3258056640625
2025-05-21,2074.19384765625
2025-05-22,2091.66650390625
2025-05-23,2127.505615234375
2025-05-26,2041.2340087890625
2025-05-27,2049.275390625
2025-05-28,2035.0787353515625
2025-05-29,2037.8585205078125
2025-05-30,2001.8209228515625
2025-06-02,2060.989990234375
2025-06-03,2047.0911865234375
2025-06-04,2045.1055908203125
2025-06-05,2074.0947265625
2025-06-06,2100.8994140625
2025-06-09,2106.260498046875
2025-06-10,2144.184326171875
2025-06-11,2127.60498046875
2025-06-12,2088.78759765625
2025-06-13,2074.19384765625
2025-06-16,2080.547607421875
2025-06-17,2047.0911865234375
2025-06-18,2034.1851806640625
2025-06-19,2028.5264892578125
2025-06-20,2025.4488525390625
2025-06-23,2061.774169921875
2025-06-24,2065.25732421875
2025-06-25,2084.166259765625
2025-06-26,2181.298583984375
2025-06-27,2198.01806640625
2025-06-30,2197.02294921875
2025-07-01,2178.412353515625
2025-07-02,2209.463134765625
2025-07-03,2199.21240234375
2025-07-04,2168.858642578125
2025-07-07,2144.07763671875
2025-07-08,2143.6796875
2025-07-09,2165.37548828125
2025-07-10,2161.294921875
2025-07-11,2165.972412109375
2025-07-14,2148.75537109375
2025-07-15,2171.84423828125
2025-07-16,2153.830810546875
2025-07-17,2179.109375
2025-07-18,2241.01123046875
2025-07-21,2251.361328125
2025-07-22,2309.08349609375
2025-07-23,2258.825439453125
2025-07-24,2258.228271484375
2025-07-25,2219.713623046875
2025-07-28,2194.734130859375
2025-07-29,2188.066162109375
2025-07-30,2228.77001953125
2025-07-31,2224.7890625
2025-08-01,2193.83837890625
2025-08-04,2216.130859375
2025-08-05,2231.95458984375
2025-08-06,2240.015869140625
2025-08-07,2256.238037109375
2025-08-08,2232.6513671875
2025-08-11,2213.941650390625
2025-08-12,2242.603271484375
2025-08-13,2259.920166015625
2025-08-14,2259.422607421875
2025-08-18,2319.6328125
2025-08-19,2335.257568359375
2025-08-20,2333.16748046875
2025-08-21,2337.645751953125
2025-08-22,2315.253662109375
2025-08-25,2336.252685546875
2025-08-26,2346.9013671875
2025-08-28,2340.1337890625
2025-08-29,2389.993896484375
2025-09-01,2391.785400390625
2025-09-02,2390.6904296875
2025-09-03,2400.045654296875
2025-09-04,2397.059814453125
2025-09-05,2398.751708984375
2025-09-08,2398.453369140625
2025-09-09,2399.050537109375
2025-09-10,2389.993896484375
2025-09-11,2398.254150390625
2025-09-12,2399.846435546875
2025-09-15,2403.42919921875
2025-09-16,2416.267333984375
2025-09-17,2464.3359375
2025-09-18,2436.47021484375
2025-09-19,2398.353515625
2025-09-22,2367.104248046875
2025-09-23,2327.992431640625
2025-09-24,2309.680419921875
2025-09-25,2251.4609375
2025-09-26,2204.785400390625
2025-09-29,2218.619140625
2025-09-30,2216.529052734375
2025-10-01,2218.71826171875
2025-10-03,2242.90185546875
2025-10-06,2240.413818359375
2025-10-07,2232.552001953125
2025-10-08,2220.907958984375
2025-10-09,2223.9931640625
2025-10-10,2217.026611328125
2025-10-13,2224.0927734375
2025-10-14,2202.397216796875
2025-10-15,2208.567138671875
2025-10-16,2213.7421875
2025-10-17,2234.34326171875
2025-10-20,2185.37890625
2025-10-21,2174.92919921875
2025-10-23,2123.57666015625
2025-10-24,2092.26806640625
2025-10-27,2087.08349609375
2025-10-28,2121.78173828125
2025-10-29,2124.573486328125
2025-10-30,2092.96630859375
2025-10-31,2090.6728515625
2025-11-03,2075.81640625
2025-11-04,2043.6109619140625
2025-11-06,2042.813232421875
2025-11-07,2031.546142578125
2025-11-10,2049.69287109375
2025-11-11,2038.824951171875
2025-11-12,2030.2498779296875
2025-11-13,2041.816162109375
2025-11-14,2026.6605224609375
2025-11-17,2008.713134765625
2025-11-18,1985.1820068359375
2025-11-19,2015.3935546875
2025-11-20,2006.2203369140625
2025-11-21,2003.328857421875
2025-11-24,2016.88916015625
2025-11-25,2013.9976806640625
2025-11-26,2020.677978515625
2025-11-27,2013.299560546875
2025-11-28,2003.5283203125
2025-12-01,2003.5283203125
2025-12-02,1980.994384765625
2025-12-03,1977.7039794921875
2025-12-04,1984.484130859375
2025-12-05,1983.1878662109375
2025-12-08,1987.973876953125
2025-12-09,1962.249267578125
2025-12-10,1938.9176025390625
2025-12-11,1981.29345703125
2025-12-12,2066.144775390625
2025-12-15,2097.453125
2025-12-16,2060.46142578125
2025-12-17,2067.83984375
2025-12-18,2018.4844970703125
2025-12-19,2009.4111328125
2025-12-22,2008.314208984375
2025-12-23,2053.382080078125
2025-12-24,2103.236083984375
2025-12-26,2154.28662109375
2025-12-29,2153.08984375
2025-12-30,2121.482666015625
2025-12-31,2124.673095703125
2026-01-01,2129.957763671875
2026-01-02,2140.825927734375
2026-01-05,2127.664306640625
2026-01-06,2109.41796875
2026-01-07,2115.00146484375
2026-01-08,2060.162353515625
2026-01-09,2044.408447265625
2026-01-12,2067.540771484375
2026-01-13,2099.347412109375
2026-01-14,2170.937744140625
2026-01-15,2170.937744140625
2026-01-16,2156.0810546875
2026-01-19,2150.796875
2026-01-20,2184.996337890625
2026-01-21,2225.87646484375
2026-01-22,2137.435791015625
2026-01-23,2078.8076171875
2026-01-27,2100.94287109375
2026-01-28,2068.33837890625
2026-01-29,2057.270751953125
2026-01-30,2059.46435546875
2026-02-02,2057.370361328125
2026-02-03,2104.4326171875
2026-02-04,2134.943115234375
2026-02-05,2147.30712890625
2026-02-06,2112.110107421875
2026-02-09,2189.283935546875
2026-02-10,2184.996337890625
2026-02-11,2168.84375
2026-02-12,2164.85546875
2026-02-13,2134.0458984375
2026-02-16,2130.0576171875
2026-02-17,2106.725830078125
2026-02-18,2122.678955078125
2026-02-19,2080.502685546875
2026-02-20,2063.951171875
2026-02-23,2084.6904296875
2026-02-24,2063.352783203125
2026-02-25,2057.47021484375
2026-02-26,2055.077392578125
2026-02-27,1987.17626953125
2026-03-02,1953.774169921875
2026-03-04,1890.1605224609375
2026-03-05,1923.0640869140625
2026-03-06,1894.2486572265625
2026-03-09,1834.8226318359375
2026-03-10,1843.5970458984375
2026-03-11,1850.476806640625
2026-03-12,1888.9639892578125
2026-03-13,1834.5235595703125
2026-03-16,1847.5853271484375
2026-03-17,1849.479736328125
2026-03-18,1910.4012451171875
2026-03-19,1826.5469970703125
2026-03-20,1835.620361328125
2026-03-23,1740.9976806640625
2026-03-24,1787.6610107421875
2026-03-25,1878.4947509765625
2026-03-27,1851.9725341796875
2026-03-30,1774.0009765625
2026-04-01,1800.72265625
2026-04-02,1789.056884765625
2026-04-06,1869.919921875
2026-04-07,1830.236083984375
2026-04-08,1916.98193359375
2026-04-09,1905.0169677734375
2026-04-10,1962.9471435546875
2026-04-13,1941.9088134765625
2026-04-15,1968.8299560546875
2026-04-16,1968.9296875
2026-04-17,1965.9383544921875
2026-04-20,1976.009033203125
2026-04-21,1984.1849365234375
2026-04-22,1986.976806640625
2026-04-23,1953.076171875
2026-04-24,1956.765380859375
2026-04-27,1966.935546875
2026-04-28,1913.193115234375
2026-04-29,1944.002685546875
2026-04-30,1900.7296142578125
2026-05-04,1977.504638671875
2026-05-05,1962.3489990234375
2026-05-06,1968.8299560546875
2026-05-07,1968.5308837890625
2026-05-08,1818.271240234375
2026-05-11,1767.0213623046875
2026-05-12,1775.9951171875
2026-05-13,1771.707763671875
2026-05-14,1759.5433349609375
2026-05-15,1722.4520263671875
2026-05-18,1707.5955810546875
2026-05-19,1708.7921142578125
2026-05-20,1701.8126220703125
2026-05-21,1742.6927490234375
2026-05-22,1790.35302734375
2026-05-25,1817.274169921875
2026-05-26,1780.3822021484375
2026-05-27,1786.86328125
2026-05-28,1786.86328125
2026-05-29,1743.091552734375
2026-06-01,1742.2939453125
2026-06-02,1744.587158203125
2026-06-03,1718.16455078125
2026-06-04,1720.258544921875
2026-06-05,1683.6656494140625
2026-06-08,1659.1375732421875
2026-06-09,1646.87353515625
2026-06-10,1633.1138916015625
2026-06-11,1605.4947509765625
2026-06-12,1654.3515625
2026-06-15,1714.375732421875
2026-06-16,1704.6043701171875
2026-06-17,1718.364013671875
2026-06-18,1720.6572265625
2026-06-19,1712.18212890625
2026-06-22,1706.0999755859375
2026-06-23,1680.5999755859375
2026-06-24,1733.0
2026-06-25,1720.4000244140625
2026-06-26,1720.4000244140625
2026-06-29,1700.5
2026-06-30,1700.5999755859375
2026-07-01,1708.9000244140625
2026-07-02,1747.9000244140625
2026-07-03,1765.0999755859375
2026-07-06,1772.699951171875
2026-07-07,1788.800048828125
2026-07-08,1718.4000244140625
2026-07-09,1742.300048828125
2026-07-10,1786.5
2026-07-13,1757.0999755859375
2026-07-14,1761.699951171875
2026-07-15,1824.699951171875
2026-07-16,1830.300048828125
2026-07-17,1823.199951171875
2026-07-20,1847.800048828125
2026-07-21,1864.199951171875
2026-07-22,1864.199951171875
2026-07-23,1854.699951171875
2026-07-24,1810.800048828125
2026-07-27,1826.5
2026-07-28,1811.199951171875
2026-07-29,1823.0
2026-07-30,1794.199951171875
2026-07-31,1799.699951171875
2026-08-03,1844.5999755859375
2026-08-04,1827.0
2026-08-05,1838.0999755859375
2026-08-06,1822.5
2026-08-07,1827.4000244140625
2026-08-10,1845.0
2026-08-11,1835.5999755859375
2026-08-12,1841.4000244140625
2026-08-13,1834.5999755859375
2026-08-14,1842.0
2026-08-17,1844.0
2026-08-18,1837.0999755859375
2026-08-19,1875.0
2026-08-20,1897.0
2026-08-21,1880.0
2026-08-24,1853.0
2026-08-25,1824.0
2026-08-26,1898.0
2026-08-27,1876.199951171875
2026-08-28,1845.300048828125
2026-08-31,1856.199951171875
2026-09-01,1806.5999755859375
2026-09-02,1773.0999755859375
2026-09-03,1771.199951171875
2026-09-04,1749.300048828125
2026-09-07,1713.9000244140625
2026-09-08,1700.5
2026-09-09,1733.5999755859375
2026-09-10,1745.300048828125
2026-09-11,1746.5999755859375
2026-09-14,1746.5999755859375
2026-09-15,1687.4000244140625
2026-09-16,1693.5999755859375
2026-09-18,1761.4000244140625
2026-09-21,1764.0
