Date,DBL
2016-08-11,248.01226806640625
2016-08-12,240.5743408203125
2016-08-16,240.96841430664062
2016-08-17,238.16075134277344
2016-08-18,238.45626831054688
2016-08-19,242.19985961914062
2016-08-22,235.10675048828125
2016-08-23,235.15603637695312
2016-08-24,233.13644409179688
2016-08-25,229.836181640625
2016-08-26,224.12229919433594
2016-08-29,216.3888702392578
2016-08-30,222.54605102539062
2016-08-31,233.67828369140625
2016-09-01,235.55006408691406
2016-09-02,235.30380249023438
2016-09-06,232.34832763671875
2016-09-07,231.70797729492188
2016-09-08,233.03793334960938
2016-09-09,226.7822265625
2016-09-12,225.55078125
2016-09-14,226.63446044921875
2016-09-15,231.5602264404297
2016-09-16,241.51023864746094
2016-09-19,236.19044494628906
2016-09-20,233.530517578125
2016-09-21,230.7228546142578
2016-09-22,234.958984375
2016-09-23,232.0035400390625
2016-09-26,232.9886932373047
2016-09-27,229.78695678710938
2016-09-28,235.20526123046875
2016-09-29,222.9401397705078
2016-09-30,230.62432861328125
2016-10-03,236.53524780273438
2016-10-04,234.36790466308594
2016-10-05,235.89488220214844
2016-10-06,231.7572479248047
2016-10-07,230.91986083984375
2016-10-10,230.5258026123047
2016-10-13,223.92529296875
2016-10-14,223.92529296875
2016-10-17,224.1715545654297
2016-10-18,229.54063415527344
2016-10-19,226.28965759277344
2016-10-20,227.6688995361328
2016-10-21,222.79234313964844
2016-10-24,225.15673828125
2016-10-25,228.5062255859375
2016-10-26,232.0527801513672
2016-10-27,231.90501403808594
2016-10-28,234.61416625976562
2016-11-01,221.11758422851562
2016-11-02,217.32476806640625
2016-11-03,211.46307373046875
2016-11-04,215.551513671875
2016-11-07,215.9947967529297
2016-11-08,219.0487823486328
2016-11-09,207.32545471191406
2016-11-10,214.86187744140625
2016-11-11,203.77891540527344
2016-11-15,196.68577575683594
2016-11-16,201.11900329589844
2016-11-17,198.11428833007812
2016-11-18,203.87742614746094
2016-11-21,201.61155700683594
2016-11-22,207.27618408203125
2016-11-23,214.36929321289062
2016-11-24,219.44287109375
2016-11-25,224.9104461669922
2016-11-28,227.57032775878906
2016-11-29,226.92999267578125
2016-11-30,239.53993225097656
2016-12-01,250.2781219482422
2016-12-02,221.21607971191406
2016-12-05,218.85174560546875
2016-12-06,220.1816864013672
2016-12-07,230.57505798339844
2016-12-08,220.13241577148438
2016-12-09,220.32945251464844
2016-12-12,220.0831756591797
2016-12-13,220.033935546875
2016-12-14,221.4131622314453
2016-12-15,221.3638458251953
2016-12-16,222.29977416992188
2016-12-19,218.35914611816406
2016-12-20,219.39356994628906
2016-12-21,218.9502716064453
2016-12-22,217.1277313232422
2016-12-23,217.5217742919922
2016-12-26,215.2066650390625
2016-12-27,218.35914611816406
2016-12-28,219.2950897216797
2016-12-29,219.54135131835938
2016-12-30,225.8955841064453
2017-01-02,224.86117553710938
2017-01-03,225.50152587890625
2017-01-04,224.86117553710938
2017-01-05,228.60476684570312
2017-01-06,226.14186096191406
2017-01-09,223.28494262695312
2017-01-10,224.5656280517578
2017-01-11,239.04737854003906
2017-01-12,238.85032653808594
2017-01-13,239.884765625
2017-01-16,238.85032653808594
2017-01-17,238.35775756835938
2017-01-18,237.0770721435547
2017-01-19,236.58447265625
2017-01-20,232.5946044921875
2017-01-23,235.35304260253906
2017-01-24,233.62904357910156
2017-01-25,234.86045837402344
2017-01-27,239.34292602539062
2017-01-30,238.45626831054688
2017-01-31,234.56494140625
2017-02-01,240.0325164794922
2017-02-02,245.74639892578125
2017-02-03,244.02239990234375
2017-02-06,263.4791564941406
2017-02-07,259.6370849609375
2017-02-08,279.4386291503906
2017-02-09,274.7591857910156
2017-02-10,269.2915954589844
2017-02-13,266.5823974609375
2017-02-14,262.6418762207031
2017-02-15,257.4204406738281
2017-02-16,258.2085876464844
2017-02-17,270.12896728515625
2017-02-20,287.4676208496094
2017-02-21,282.7389221191406
2017-02-22,279.5863952636719
2017-02-23,281.852294921875
2017-02-27,294.8070373535156
2017-02-28,302.09716796875
2017-03-01,323.22869873046875
2017-03-02,319.2388000488281
2017-03-03,314.31304931640625
2017-03-06,303.525634765625
2017-03-07,314.5101013183594
2017-03-08,311.1113586425781
2017-03-09,314.46087646484375
2017-03-10,314.559326171875
2017-03-14,317.7118225097656
2017-03-15,330.07550048828125
2017-03-16,338.350830078125
2017-03-17,340.1240539550781
2017-03-20,354.3594970703125
2017-03-21,352.2907409667969
2017-03-22,343.71990966796875
2017-03-23,348.30078125
2017-03-24,343.7691650390625
2017-03-27,338.0060119628906
2017-03-28,336.8730773925781
2017-03-29,336.4789733886719
2017-03-30,347.4141845703125
2017-03-31,344.5572509765625
2017-04-03,361.20635986328125
2017-04-05,354.16253662109375
2017-04-06,352.9310607910156
2017-04-07,350.0248107910156
2017-04-10,356.4283142089844
2017-04-11,359.18682861328125
2017-04-12,364.7528991699219
2017-04-13,365.738037109375
2017-04-17,394.4060363769531
2017-04-18,386.9188537597656
2017-04-19,397.262939453125
2017-04-20,399.2825012207031
2017-04-21,404.7501525878906
2017-04-24,428.2952575683594
2017-04-25,427.4578857421875
2017-04-26,421.7439880371094
2017-04-27,414.6509094238281
2017-04-28,416.22711181640625
2017-05-02,415.83306884765625
2017-05-03,414.2075500488281
2017-05-04,420.9065856933594
2017-05-05,452.8748779296875
2017-05-08,471.5434875488281
2017-05-09,465.1399841308594
2017-05-10,461.8397216796875
2017-05-11,461.0023498535156
2017-05-12,440.70819091796875
2017-05-15,462.23382568359375
2017-05-16,467.45513916015625
2017-05-17,485.237060546875
2017-05-18,493.4631042480469
2017-05-19,467.6028747558594
2017-05-22,445.33837890625
2017-05-23,428.5415344238281
2017-05-24,420.56182861328125
2017-05-25,434.20623779296875
2017-05-26,433.76287841796875
2017-05-29,432.3343811035156
2017-05-30,436.2257385253906
2017-05-31,434.4524841308594
2017-06-01,426.3742370605469
2017-06-02,426.7190246582031
2017-06-05,423.32025146484375
2017-06-06,428.8370666503906
2017-06-07,432.0881042480469
2017-06-08,436.2257385253906
2017-06-09,441.64404296875
2017-06-12,439.77227783203125
2017-06-13,443.5159606933594
2017-06-14,441.5948486328125
2017-06-15,443.1218566894531
2017-06-16,437.9005432128906
2017-06-19,435.9794921875
2017-06-20,439.1319580078125
2017-06-21,436.42279052734375
2017-06-22,428.8370666503906
2017-06-23,421.4484558105469
2017-06-27,403.814208984375
2017-06-28,415.4882507324219
2017-06-29,432.8762512207031
2017-06-30,440.85595703125
2017-07-03,464.40106201171875
2017-07-04,456.27362060546875
2017-07-05,451.5448913574219
2017-07-06,447.2102355957031
2017-07-07,469.7209167480469
2017-07-10,481.44427490234375
2017-07-11,489.4732666015625
2017-07-12,514.0034790039062
2017-07-13,536.662109375
2017-07-14,535.2828979492188
2017-07-17,532.1796264648438
2017-07-18,510.75262451171875
2017-07-19,517.4024047851562
2017-07-20,508.97930908203125
2017-07-21,509.0285339355469
2017-07-24,513.7572631835938
2017-07-25,504.546142578125
2017-07-26,519.618896484375
2017-07-27,509.7675476074219
2017-07-28,499.0292663574219
2017-07-31,494.99017333984375
2017-08-01,519.9637451171875
2017-08-02,518.4861450195312
2017-08-03,520.9488525390625
2017-08-04,518.4861450195312
2017-08-07,531.0466918945312
2017-08-08,570.6006469726562
2017-08-09,554.2963256835938
2017-08-10,506.5657043457031
2017-08-11,513.7080688476562
2017-08-14,515.7767944335938
2017-08-16,519.1264038085938
2017-08-17,555.4784545898438
2017-08-18,562.7194213867188
2017-08-21,556.75927734375
2017-08-22,561.7343139648438
2017-08-23,568.1869506835938
2017-08-24,584.0972900390625
2017-08-28,613.2576904296875
2017-08-29,613.2576904296875
2017-08-30,608.3812255859375
2017-08-31,595.0816650390625
2017-09-01,584.375
2017-09-04,567.0075073242188
2017-09-05,568.093017578125
2017-09-06,567.0075073242188
2017-09-07,561.3336181640625
2017-09-08,585.8058471679688
2017-09-11,604.16015625
2017-09-12,600.1635131835938
2017-09-13,592.1212768554688
2017-09-14,594.0949096679688
2017-09-15,583.8816528320312
2017-09-18,596.1671752929688
2017-09-19,608.4033203125
2017-09-20,596.0191040039062
2017-09-21,590.8878173828125
2017-09-22,570.4613037109375
2017-09-25,584.5230712890625
2017-09-26,591.183837890625
2017-09-27,582.6481323242188
2017-09-28,577.7635498046875
2017-09-29,591.4306030273438
2017-10-03,600.9530029296875
2017-10-04,619.0606689453125
2017-10-05,672.2977294921875
2017-10-06,670.6201782226562
2017-10-09,680.0933837890625
2017-10-10,685.4713745117188
2017-10-11,689.8624877929688
2017-10-12,712.8546752929688
2017-10-13,707.1806640625
2017-10-16,734.5640869140625
2017-10-17,788.1466064453125
2017-10-18,758.8388671875
2017-10-19,776.1077270507812
2017-10-23,759.7271118164062
2017-10-24,763.9208374023438
2017-10-25,798.7051391601562
2017-10-26,891.4630737304688
2017-10-27,872.6154174804688
2017-10-30,857.8136596679688
2017-10-31,841.8276977539062
2017-11-01,878.4374389648438
2017-11-02,885.6409912109375
2017-11-03,882.6314086914062
2017-11-06,882.3845825195312
2017-11-07,880.7562866210938
2017-11-08,872.4674072265625
2017-11-09,857.912353515625
2017-11-10,858.5045166015625
2017-11-13,858.4550170898438
2017-11-14,843.4559326171875
2017-11-15,825.3483276367188
2017-11-16,833.0945434570312
2017-11-17,838.7686157226562
2017-11-20,849.9686279296875
2017-11-21,841.5316772460938
2017-11-22,875.6744384765625
2017-11-23,916.1327514648438
2017-11-24,914.10986328125
2017-11-27,937.8914184570312
2017-11-28,970.4553833007812
2017-11-29,975.2412719726562
2017-11-30,962.5610961914062
2017-12-01,937.7432861328125
2017-12-04,909.7185668945312
2017-12-05,901.9723510742188
2017-12-06,875.5264282226562
2017-12-07,870.0498046875
2017-12-08,892.795166015625
2017-12-11,892.5484619140625
2017-12-12,898.2719116210938
2017-12-13,886.5785522460938
2017-12-14,877.4999389648438
2017-12-15,895.1141967773438
2017-12-18,888.1572875976562
2017-12-19,912.3335571289062
2017-12-20,907.350341796875
2017-12-21,917.6129760742188
2017-12-22,980.7178955078125
2017-12-26,1018.3143920898438
2017-12-27,992.115234375
2017-12-28,988.9082641601562
2017-12-29,976.7214965820312
2018-01-01,969.0737915039062
2018-01-02,963.3504638671875
2018-01-03,967.4949951171875
2018-01-04,970.8994750976562
2018-01-05,986.3425903320312
2018-01-08,997.2959594726562
2018-01-09,976.4747314453125
2018-01-10,981.60595703125
2018-01-11,978.2509155273438
2018-01-12,956.3935546875
2018-01-15,931.9212646484375
2018-01-16,921.066650390625
2018-01-17,946.2296752929688
2018-01-18,922.5963134765625
2018-01-19,933.6975708007812
2018-01-22,920.1785278320312
2018-01-23,928.81298828125
2018-01-24,935.0790405273438
2018-01-25,934.4869384765625
2018-01-29,914.0111694335938
2018-01-30,908.0904541015625
2018-01-31,897.7291870117188
2018-02-01,947.85791015625
2018-02-02,915.738037109375
2018-02-05,875.18115234375
2018-02-06,803.9351196289062
2018-02-07,849.8700561523438
2018-02-08,901.5282592773438
2018-02-09,921.3133544921875
2018-02-12,962.8569946289062
2018-02-14,973.2183837890625
2018-02-15,975.0438232421875
2018-02-16,945.094970703125
2018-02-19,913.17236328125
2018-02-20,903.74853515625
2018-02-21,923.7803955078125
2018-02-22,946.1803588867188
2018-02-23,949.4861450195312
2018-02-26,940.6543579101562
2018-02-27,928.8623046875
2018-02-28,933.25341796875
2018-03-01,940.851806640625
2018-03-05,948.2032470703125
2018-03-06,969.369873046875
2018-03-07,972.8236083984375
2018-03-08,991.0297241210938
2018-03-09,964.53466796875
2018-03-12,971.4913940429688
2018-03-13,967.1988525390625
2018-03-14,947.6605224609375
2018-03-15,944.9962158203125
2018-03-16,957.8738403320312
2018-03-19,956.1962280273438
2018-03-20,951.90380859375
2018-03-21,961.9195556640625
2018-03-22,968.77783203125
2018-03-23,972.3302001953125
2018-03-26,972.3302001953125
2018-03-27,987.9215087890625
2018-03-28,990.04296875
2018-04-02,1099.527099609375
2018-04-03,1141.514892578125
2018-04-04,1103.57275390625
2018-04-05,1142.74853515625
2018-04-06,1166.33251953125
2018-04-09,1144.9190673828125
2018-04-10,1160.1156005859375
2018-04-11,1182.8118896484375
2018-04-12,1138.505126953125
2018-04-13,1125.43017578125
2018-04-16,1129.3773193359375
2018-04-17,1138.25830078125
2018-04-18,1125.62744140625
2018-04-19,1118.1773681640625
2018-04-20,1114.3289794921875
2018-04-23,1119.410888671875
2018-04-24,1113.6873779296875
2018-04-25,1134.7060546875
2018-04-26,1145.560546875
2018-04-27,1147.6328125
2018-04-30,1147.0902099609375
2018-05-02,1123.9005126953125
2018-05-03,1108.260009765625
2018-05-04,1148.4716796875
2018-05-07,1145.8565673828125
2018-05-08,1137.370361328125
2018-05-09,1139.3438720703125
2018-05-10,1129.8214111328125
2018-05-11,1123.3580322265625
2018-05-14,1128.884033203125
2018-05-15,1188.3873291015625
2018-05-16,1155.527099609375
2018-05-17,1143.4886474609375
2018-05-18,1134.95263671875
2018-05-21,1070.86083984375
2018-05-22,1056.99658203125
2018-05-23,1053.4442138671875
2018-05-24,1008.199951171875
2018-05-25,1027.8370361328125
2018-05-28,1045.7470703125
2018-05-29,1040.5665283203125
2018-05-30,906.264892578125
2018-05-31,821.3517456054688
2018-06-01,847.7484741210938
2018-06-04,851.15283203125
2018-06-05,808.6223754882812
2018-06-06,814.987060546875
2018-06-07,855.6920166015625
2018-06-08,853.0277099609375
2018-06-11,829.2955322265625
2018-06-12,838.8673706054688
2018-06-13,811.878662109375
2018-06-14,831.1209716796875
2018-06-15,820.71044921875
2018-06-18,827.5192260742188
2018-06-19,829.4435424804688
2018-06-20,828.99951171875
2018-06-21,824.0161743164062
2018-06-22,814.6910400390625
2018-06-25,804.428466796875
2018-06-26,764.2169799804688
2018-06-27,726.0282592773438
2018-06-28,689.7637939453125
2018-06-29,655.275634765625
2018-07-02,622.5143432617188
2018-07-03,649.947021484375
2018-07-04,680.4387817382812
2018-07-05,646.4439086914062
2018-07-06,678.7611694335938
2018-07-09,712.6573486328125
2018-07-10,748.2803344726562
2018-07-11,785.6795043945312
2018-07-12,787.4063720703125
2018-07-13,774.3807983398438
2018-07-16,735.7974853515625
2018-07-17,721.4890747070312
2018-07-18,689.3692016601562
2018-07-19,654.9302978515625
2018-07-20,622.2183227539062
2018-07-23,620.6394653320312
2018-07-24,651.6245727539062
2018-07-25,684.1884765625
2018-07-26,718.380615234375
2018-07-27,754.2996826171875
2018-07-30,760.6151123046875
2018-07-31,798.6063232421875
2018-08-01,781.189697265625
2018-08-02,838.2258911132812
2018-08-03,856.1360473632812
2018-08-06,881.2991333007812
2018-08-07,854.6065063476562
2018-08-08,830.7756958007812
2018-08-09,814.5431518554688
2018-08-10,835.2655639648438
2018-08-13,841.72900390625
2018-08-14,835.8575439453125
2018-08-16,840.2981567382812
2018-08-17,843.01171875
2018-08-20,843.89990234375
2018-08-21,844.6400146484375
2018-08-23,839.8047485351562
2018-08-24,838.028564453125
2018-08-27,824.3616333007812
2018-08-28,800.3333129882812
2018-08-29,786.1235961914062
2018-08-30,822.141357421875
2018-08-31,827.02587890625
2018-09-03,807.8822021484375
2018-09-04,784.7913208007812
2018-09-05,774.183349609375
2018-09-06,789.676025390625
2018-09-07,788.8865966796875
2018-09-10,776.6011962890625
2018-09-11,764.6116943359375
2018-09-12,737.7216796875
2018-09-14,745.2213134765625
2018-09-17,745.02392578125
2018-09-18,739.29296875
2018-09-19,728.572021484375
2018-09-21,753.9661254882812
2018-09-24,709.7489013671875
2018-09-25,673.6339721679688
2018-09-26,678.9202270507812
2018-09-27,668.2982177734375
2018-09-28,646.1649169921875
2018-10-01,629.5650634765625
2018-10-03,629.7625732421875
2018-10-04,620.7215576171875
2018-10-05,600.2679443359375
2018-10-08,553.6298217773438
2018-10-09,506.547119140625
2018-10-10,541.772705078125
2018-10-11,516.922119140625
2018-10-12,518.0584716796875
2018-10-15,526.2101440429688
2018-10-16,530.6566162109375
2018-10-17,463.16973876953125
2018-10-19,461.7864074707031
2018-10-22,424.1893310546875
2018-10-23,398.49884033203125
2018-10-24,400.5244445800781
2018-10-25,376.90899658203125
2018-10-26,377.99591064453125
2018-10-29,386.2959289550781
2018-10-30,396.0780334472656
2018-10-31,417.8161315917969
2018-11-01,429.574462890625
2018-11-02,422.2625732421875
2018-11-05,413.7155456542969
2018-11-06,404.2792053222656
2018-11-07,413.1226501464844
2018-11-09,406.50244140625
2018-11-12,405.66253662109375
2018-11-13,422.1637268066406
2018-11-14,462.92266845703125
2018-11-15,486.2911376953125
2018-11-16,476.7066345214844
2018-11-19,482.3387451171875
2018-11-20,474.53277587890625
2018-11-21,474.9280090332031
2018-11-22,458.5256042480469
2018-11-26,447.7060241699219
2018-11-27,444.3465270996094
2018-11-28,444.4947204589844
2018-11-29,448.5953063964844
2018-11-30,453.7334289550781
2018-12-03,461.48992919921875
2018-12-04,454.52386474609375
2018-12-05,441.33282470703125
2018-12-06,427.25244140625
2018-12-07,446.1744079589844
2018-12-10,429.12982177734375
2018-12-11,432.7857666015625
2018-12-12,447.90362548828125
2018-12-13,434.8608093261719
2018-12-14,429.12982177734375
2018-12-17,423.8435363769531
2018-12-18,423.64593505859375
2018-12-19,425.91851806640625
2018-12-20,429.2780456542969
2018-12-21,419.1006774902344
2018-12-24,418.0137634277344
2018-12-26,415.39532470703125
2018-12-27,414.95068359375
2018-12-28,414.75299072265625
2018-12-31,413.2709045410156
2019-01-01,418.6559753417969
2019-01-02,414.3577880859375
2019-01-03,412.1839294433594
2019-01-04,407.83636474609375
2019-01-07,406.00836181640625
2019-01-08,406.1565856933594
2019-01-09,386.147705078125
2019-01-10,388.7167053222656
2019-01-11,389.0131530761719
2019-01-14,385.5548400878906
2019-01-15,387.4322509765625
2019-01-16,399.6845703125
2019-01-17,380.713134765625
2019-01-18,372.8577880859375
2019-01-21,374.6363830566406
2019-01-22,362.9768371582031
2019-01-23,353.78753662109375
2019-01-24,342.07861328125
2019-01-25,339.7071838378906
2019-01-28,331.0613098144531
2019-01-29,323.5518493652344
2019-01-30,323.7988586425781
2019-01-31,317.27740478515625
2019-02-01,322.7119445800781
2019-02-04,313.4732666015625
2019-02-05,312.583984375
2019-02-06,317.67266845703125
2019-02-07,325.42919921875
2019-02-08,330.96258544921875
2019-02-11,351.218505859375
2019-02-12,363.2239074707031
2019-02-14,405.9590148925781
2019-02-15,444.5440979003906
2019-02-18,454.5732727050781
2019-02-19,455.26495361328125
2019-02-20,444.29705810546875
2019-02-21,434.9595642089844
2019-02-22,428.93218994140625
2019-02-25,428.09228515625
2019-02-26,412.28277587890625
2019-02-27,420.18756103515625
2019-02-28,424.8809509277344
2019-03-01,441.53045654296875
2019-03-05,513.4637451171875
2019-03-06,590.7822265625
2019-03-07,566.0798950195312
2019-03-08,552.2958984375
2019-03-11,592.2643432617188
2019-03-12,614.4470825195312
2019-03-13,606.4435424804688
2019-03-14,596.4638061523438
2019-03-15,647.9929809570312
2019-03-18,689.5422973632812
2019-03-19,701.2512817382812
2019-03-20,664.1976928710938
2019-03-22,628.5274047851562
2019-03-25,600.7125854492188
2019-03-26,639.8904418945312
2019-03-27,653.0322265625
2019-03-28,640.8785400390625
2019-04-01,622.1048583984375
2019-04-02,639.3470458984375
2019-04-03,625.4149780273438
2019-04-04,617.7572631835938
2019-04-05,622.6976928710938
2019-04-08,611.3839111328125
2019-04-09,602.1947631835938
2019-04-10,613.16259765625
2019-04-11,612.4708862304688
2019-04-12,646.4120483398438
2019-04-15,644.3864135742188
2019-04-16,633.5667724609375
2019-04-18,637.074462890625
2019-04-22,624.822021484375
2019-04-23,605.7518310546875
2019-04-24,606.2953491210938
2019-04-25,599.3786010742188
2019-04-26,578.7767944335938
2019-04-30,532.4351806640625
2019-05-02,493.8500671386719
2019-05-03,472.7542419433594
2019-05-06,456.50006103515625
2019-05-07,472.8529968261719
2019-05-08,451.4608154296875
2019-05-09,456.1542053222656
2019-05-10,478.9298400878906
2019-05-13,462.5274353027344
2019-05-14,465.73876953125
2019-05-15,467.6161193847656
2019-05-16,467.1221008300781
2019-05-17,487.18035888671875
2019-05-20,511.53692626953125
2019-05-21,537.0792236328125
2019-05-22,561.682861328125
2019-05-23,580.6542358398438
2019-05-24,609.506591796875
2019-05-27,608.4196166992188
2019-05-28,597.6000366210938
2019-05-29,592.0174560546875
2019-05-30,592.3138427734375
2019-05-31,572.3048095703125
2019-06-03,576.0595092773438
2019-06-04,547.256591796875
2019-06-06,519.935791015625
2019-06-07,493.9488525390625
2019-06-10,454.3756408691406
2019-06-11,440.19647216796875
2019-06-12,438.96136474609375
2019-06-13,430.2661437988281
2019-06-14,439.8012390136719
2019-06-17,433.72442626953125
2019-06-18,428.9815673828125
2019-06-19,396.12744140625
2019-06-20,395.7321472167969
2019-06-21,391.2363586425781
2019-06-24,394.5464782714844
2019-06-25,395.1393127441406
2019-06-26,434.3667297363281
2019-06-27,472.8529968261719
2019-06-28,481.449462890625
2019-07-01,489.6506652832031
2019-07-02,476.1631774902344
2019-07-03,477.94171142578125
2019-07-04,478.979248046875
2019-07-05,459.4150085449219
2019-07-08,425.0292053222656
2019-07-09,423.4482116699219
2019-07-10,414.5553894042969
2019-07-11,405.16845703125
2019-07-12,410.15838623046875
2019-07-15,413.5179138183594
2019-07-16,412.0357666015625
2019-07-17,415.83990478515625
2019-07-18,407.2434997558594
2019-07-19,402.2535705566406
2019-07-22,414.8024597167969
2019-07-23,417.32208251953125
2019-07-24,415.29644775390625
2019-07-25,415.0000305175781
2019-07-26,418.2607727050781
2019-07-29,412.6286315917969
2019-07-30,408.67620849609375
2019-07-31,405.6131591796875
2019-08-01,408.281005859375
2019-08-02,402.0559997558594
2019-08-05,385.9994812011719
2019-08-06,380.5155334472656
2019-08-07,388.3214416503906
2019-08-08,398.5482482910156
2019-08-09,398.6470947265625
2019-08-13,392.42205810546875
2019-08-14,395.3863830566406
2019-08-16,390.49530029296875
2019-08-19,395.4851989746094
2019-08-20,397.11553955078125
2019-08-21,396.72027587890625
2019-08-22,333.1363525390625
2019-08-23,352.6512451171875
2019-08-26,367.47265625
2019-08-27,372.8083801269531
2019-08-28,371.8696594238281
2019-08-29,359.6666564941406
2019-08-30,355.2696533203125
2019-09-03,354.4792175292969
2019-09-04,347.6119384765625
2019-09-05,368.7572326660156
2019-09-06,381.73602294921875
2019-09-09,421.2173767089844
2019-09-11,451.7820739746094
2019-09-12,443.36065673828125
2019-09-13,437.2179870605469
2019-09-16,437.61431884765625
2019-09-17,424.7841491699219
2019-09-18,422.951171875
2019-09-19,405.66265869140625
2019-09-20,431.91754150390625
2019-09-23,446.9273986816406
2019-09-24,434.19622802734375
2019-09-25,435.8804626464844
2019-09-26,444.1532287597656
2019-09-27,439.298583984375
2019-09-30,412.44927978515625
2019-10-01,402.0959777832031
2019-10-03,390.2564392089844
2019-10-04,381.9341735839844
2019-10-07,379.25909423828125
2019-10-09,369.3515930175781
2019-10-10,372.3734436035156
2019-10-11,367.7168884277344
2019-10-14,377.9216613769531
2019-10-15,384.8569030761719
2019-10-16,362.3172912597656
2019-10-17,368.90582275390625
2019-10-18,384.9064025878906
2019-10-22,412.7464599609375
2019-10-23,399.5694885253906
2019-10-24,402.2940979003906
2019-10-25,386.83837890625
2019-10-27,390.5537109375
2019-10-29,431.3725891113281
2019-10-30,426.61700439453125
2019-10-31,428.2517395019531
2019-11-01,454.7542724609375
2019-11-04,437.8124694824219
2019-11-05,421.2669372558594
2019-11-06,414.1335144042969
2019-11-07,413.1427917480469
2019-11-08,403.48297119140625
2019-11-11,415.223388671875
2019-11-13,405.3158874511719
2019-11-14,394.2194519042969
2019-11-15,394.3680419921875
2019-11-18,400.36212158203125
2019-11-19,411.8548583984375
2019-11-20,402.93804931640625
2019-11-21,410.6659240722656
2019-11-22,406.65338134765625
2019-11-25,407.7927551269531
2019-11-26,398.6778259277344
2019-11-27,394.3680419921875
2019-11-28,392.3370361328125
2019-11-29,405.26629638671875
2019-12-02,399.3218078613281
2019-12-03,393.7240905761719
2019-12-04,387.3337707519531
2019-12-05,385.5504150390625
2019-12-06,376.0887756347656
2019-12-09,373.6613464355469
2019-12-10,375.98968505859375
2019-12-11,382.2809143066406
2019-12-12,373.51275634765625
2019-12-13,393.82318115234375
2019-12-16,395.259765625
2019-12-17,391.19769287109375
2019-12-18,414.0840148925781
2019-12-19,408.6844482421875
2019-12-20,405.26629638671875
2019-12-23,396.15142822265625
2019-12-24,389.90966796875
2019-12-26,393.9222106933594
2019-12-27,396.6963195800781
2019-12-30,394.0213317871094
2019-12-31,398.9255065917969
2020-01-01,399.86676025390625
2020-01-02,409.1797790527344
2020-01-03,417.5516662597656
2020-01-06,396.7458801269531
2020-01-07,401.2537536621094
2020-01-08,394.2690124511719
2020-01-09,401.2042541503906
2020-01-10,405.4149169921875
2020-01-13,428.0535583496094
2020-01-14,419.5826416015625
2020-01-15,416.4618225097656
2020-01-16,420.7715759277344
2020-01-17,419.3349914550781
2020-01-20,411.2108154296875
2020-01-21,412.3502197265625
2020-01-22,415.32244873046875
2020-01-23,416.4122314453125
2020-01-24,413.78680419921875
2020-01-27,405.0186462402344
2020-01-28,398.8264465332031
2020-01-29,402.0463562011719
2020-01-30,400.5107116699219
2020-01-31,405.06817626953125
2020-02-03,372.9678955078125
2020-02-04,377.6244201660156
2020-02-05,380.002197265625
2020-02-06,389.1666564941406
2020-02-07,395.85418701171875
2020-02-10,380.5471496582031
2020-02-11,378.6646728515625
2020-02-12,378.0207214355469
2020-02-13,376.6336364746094
2020-02-14,371.5312805175781
2020-02-17,352.7565002441406
2020-02-18,349.53662109375
2020-02-19,345.9203796386719
2020-02-20,343.5921325683594
2020-02-24,332.9415588378906
2020-02-25,334.2790832519531
2020-02-26,326.9970703125
2020-02-27,319.7150573730469
2020-02-28,296.4324035644531
2020-03-02,298.46343994140625
2020-03-03,304.30889892578125
2020-03-04,293.4106140136719
2020-03-05,291.2309875488281
2020-03-06,281.3730773925781
2020-03-09,276.617431640625
2020-03-11,324.81744384765625
2020-03-12,279.0447692871094
2020-03-13,291.4786682128906
2020-03-16,270.72247314453125
2020-03-17,269.285888671875
2020-03-18,261.50848388671875
2020-03-19,251.0065460205078
2020-03-20,269.8803405761719
2020-03-23,220.88771057128906
2020-03-24,219.55023193359375
2020-03-25,214.79464721679688
2020-03-26,222.77017211914062
2020-03-27,225.7919464111328
2020-03-30,209.49411010742188
2020-03-31,209.0978240966797
2020-04-01,207.7602996826172
2020-04-03,200.3296661376953
2020-04-07,205.0852813720703
2020-04-08,203.74774169921875
2020-04-09,214.2497100830078
2020-04-13,218.06410217285156
2020-04-15,257.4959411621094
2020-04-16,263.9853820800781
2020-04-17,267.4034423828125
2020-04-20,269.731689453125
2020-04-21,250.56068420410156
2020-04-22,248.5296630859375
2020-04-23,250.41209411621094
2020-04-24,239.4642791748047
2020-04-27,237.08648681640625
2020-04-28,237.58189392089844
2020-04-29,238.37449645996094
2020-04-30,257.3968811035156
2020-05-04,244.56666564941406
2020-05-05,238.77078247070312
2020-05-06,236.59112548828125
2020-05-07,234.65919494628906
2020-05-08,240.8018341064453
2020-05-11,238.47354125976562
2020-05-12,233.27210998535156
2020-05-13,254.82090759277344
2020-05-14,252.988037109375
2020-05-15,251.2542266845703
2020-05-18,241.14854431152344
2020-05-19,244.26943969726562
2020-05-20,257.34735107421875
2020-05-21,251.5019073486328
2020-05-22,249.56996154785156
2020-05-26,250.95700073242188
2020-05-27,252.19544982910156
2020-05-28,254.57325744628906
2020-05-29,258.0408935546875
2020-06-01,274.0414733886719
2020-06-02,283.948974609375
2020-06-03,279.29241943359375
2020-06-04,272.5058288574219
2020-06-05,282.462890625
2020-06-08,281.71978759765625
2020-06-09,273.9919738769531
2020-06-10,275.92388916015625
2020-06-11,274.2395935058594
2020-06-12,267.9483947753906
2020-06-15,262.2019958496094
2020-06-16,262.6478576660156
2020-06-17,263.6386413574219
2020-06-18,271.1683349609375
2020-06-19,274.635986328125
2020-06-22,279.4906005859375
2020-06-23,289.9925537109375
2020-06-24,283.1068420410156
2020-06-25,283.1563720703125
2020-06-26,280.5309143066406
2020-06-29,274.4377746582031
2020-06-30,270.2765808105469
2020-07-01,269.236328125
2020-07-02,283.0077209472656
2020-07-03,278.7475280761719
2020-07-06,290.2897644042969
2020-07-07,290.5870056152344
2020-07-08,283.35455322265625
2020-07-09,286.17816162109375
2020-07-10,280.6794738769531
2020-07-13,283.60223388671875
2020-07-14,280.6299743652344
2020-07-15,275.92388916015625
2020-07-16,277.3109130859375
2020-07-17,277.9053649902344
2020-07-20,280.08502197265625
2020-07-21,278.0044860839844
2020-07-22,279.4410705566406
2020-07-23,307.4792785644531
2020-07-24,293.6583251953125
2020-07-27,284.2957458496094
2020-07-28,289.5467224121094
2020-07-29,284.7911376953125
2020-07-30,280.4813537597656
2020-07-31,276.9146728515625
2020-08-03,284.048095703125
2020-08-04,296.3829345703125
2020-08-05,312.6312255859375
2020-08-06,331.653564453125
2020-08-07,335.56707763671875
2020-08-10,343.5426330566406
2020-08-11,339.57958984375
2020-08-12,340.5208435058594
2020-08-13,347.8524169921875
2020-08-14,347.7532958984375
2020-08-17,363.70440673828125
2020-08-18,376.5841369628906
2020-08-19,401.15472412109375
2020-08-20,401.4024353027344
2020-08-21,401.3528747558594
2020-08-24,391.5939636230469
2020-08-25,384.80731201171875
2020-08-26,388.47314453125
2020-08-27,393.2287292480469
2020-08-28,389.90966796875
2020-08-31,366.03265380859375
2020-09-01,364.9427795410156
2020-09-02,372.076171875
2020-09-03,367.76641845703125
2020-09-04,361.8714599609375
2020-09-07,367.2710876464844
2020-09-08,357.7102966308594
2020-09-09,345.8708801269531
2020-09-10,369.3515930175781
2020-09-11,364.5960693359375
2020-09-14,375.296142578125
2020-09-15,374.2558288574219
2020-09-16,375.5437927246094
2020-09-17,371.43218994140625
2020-09-18,355.4384460449219
2020-09-21,352.3589782714844
2020-09-22,346.4482116699219
2020-09-23,345.05743408203125
2020-09-24,329.65972900390625
2020-09-25,338.0043029785156
2020-09-28,342.72296142578125
2020-09-29,337.50762939453125
2020-09-30,333.3353576660156
2020-10-01,331.7955322265625
2020-10-05,337.90496826171875
2020-10-06,349.2297058105469
2020-10-07,348.2860107421875
2020-10-08,344.3124084472656
2020-10-09,339.7924499511719
2020-10-12,333.6333312988281
2020-10-13,333.7823181152344
2020-10-14,332.5406188964844
2020-10-15,325.090087890625
2020-10-16,322.90460205078125
2020-10-19,325.7358093261719
2020-10-20,322.90460205078125
2020-10-21,333.1863098144531
2020-10-22,335.9678649902344
2020-10-23,334.52740478515625
2020-10-26,326.0338439941406
2020-10-27,330.20611572265625
2020-10-28,325.5867919921875
2020-10-29,321.4145202636719
2020-10-30,324.9907531738281
2020-11-02,322.6562805175781
2020-11-03,327.5239562988281
2020-11-04,327.0769348144531
2020-11-05,331.944580078125
2020-11-06,345.00775146484375
2020-11-09,346.49786376953125
2020-11-10,347.5906066894531
2020-11-11,344.1137390136719
2020-11-12,350.7695007324219
2020-11-13,350.32244873046875
2020-11-14,353.79937744140625
2020-11-17,359.312744140625
2020-11-18,357.0279235839844
2020-11-19,362.5909118652344
2020-11-20,359.01470947265625
2020-11-23,352.2596130371094
2020-11-24,351.4151916503906
2020-11-25,348.78271484375
2020-11-26,349.32904052734375
2020-11-27,353.4019775390625
2020-12-01,360.0577697753906
2020-12-02,360.5047912597656
2020-12-03,378.73370361328125
2020-12-04,402.6746520996094
2020-12-07,409.28076171875
2020-12-08,406.2012023925781
2020-12-09,405.3568115234375
2020-12-10,391.5982360839844
2020-12-11,391.34991455078125
2020-12-14,385.33978271484375
2020-12-15,396.51556396484375
2020-12-16,397.6083068847656
2020-12-17,392.790283203125
2020-12-18,393.43597412109375
2020-12-21,365.422119140625
2020-12-22,356.2828369140625
2020-12-23,379.1807556152344
2020-12-24,386.6808776855469
2020-12-28,394.5784606933594
2020-12-29,391.2505798339844
2020-12-30,391.8465576171875
2020-12-31,390.1081237792969
2021-01-01,393.0386657714844
2021-01-04,393.5850524902344
2021-01-05,389.71075439453125
2021-01-06,389.36309814453125
2021-01-07,414.4464416503906
2021-01-08,408.2873229980469
2021-01-11,428.801025390625
2021-01-12,427.2612609863281
2021-01-13,421.9962463378906
2021-01-14,424.2810974121094
2021-01-15,423.83404541015625
2021-01-18,412.608642578125
2021-01-19,417.277587890625
2021-01-20,422.1949462890625
2021-01-21,418.370361328125
2021-01-22,412.3105773925781
2021-01-25,409.3800964355469
2021-01-27,416.13519287109375
2021-01-28,421.8969421386719
2021-01-29,420.1087951660156
2021-02-01,437.6919860839844
2021-02-02,457.1129455566406
2021-02-03,484.18310546875
2021-02-04,476.8816223144531
2021-02-05,489.24945068359375
2021-02-08,498.8357238769531
2021-02-09,487.6103210449219
2021-02-10,482.1466064453125
2021-02-11,532.5616455078125
2021-02-12,519.746826171875
2021-02-15,552.6282958984375
2021-02-16,551.1382446289062
2021-02-17,557.5457153320312
2021-02-18,562.2643432617188
2021-02-19,579.5992431640625
2021-02-22,618.8384399414062
2021-02-23,625.9412231445312
2021-02-24,639.7494506835938
2021-02-25,662.697021484375
2021-02-26,674.965576171875
2021-03-01,693.2440795898438
2021-03-02,668.1607055664062
2021-03-03,651.1240234375
2021-03-04,698.8568115234375
2021-03-05,665.0315551757812
2021-03-08,656.1903076171875
2021-03-09,642.68017578125
2021-03-10,641.388671875
2021-03-12,649.2861328125
2021-03-15,638.4083862304688
2021-03-16,634.236083984375
2021-03-17,616.0072631835938
2021-03-18,609.3515625
2021-03-19,598.5233764648438
2021-03-22,599.6161499023438
2021-03-23,588.6390991210938
2021-03-24,573.2413330078125
2021-03-25,548.7044067382812
2021-03-26,556.3038940429688
2021-03-30,580.2945556640625
2021-03-31,576.1719970703125
2021-04-01,591.072998046875
2021-04-05,570.1122436523438
2021-04-06,564.9961547851562
2021-04-07,568.1254272460938
2021-04-08,571.1552734375
2021-04-09,578.7546997070312
2021-04-12,554.76416015625
2021-04-13,550.542236328125
2021-04-15,543.9857177734375
2021-04-16,581.138916015625
2021-04-19,574.284423828125
2021-04-20,591.3212890625
2021-04-22,581.0396728515625
2021-04-23,596.5863037109375
2021-04-26,590.6258544921875
2021-04-27,588.2914428710938
2021-04-28,538.4723510742188
2021-04-29,542.9427490234375
2021-04-30,542.7440185546875
2021-05-03,537.6279907226562
2021-05-04,533.6544189453125
2021-05-05,528.6875
2021-05-06,529.3827514648438
2021-05-07,527.6940307617188
2021-05-10,531.9656372070312
2021-05-11,536.8333129882812
2021-05-12,531.1708984375
2021-05-14,523.3727416992188
2021-05-17,533.7537841796875
2021-05-18,541.8995971679688
2021-05-19,539.0684204101562
2021-05-20,542.49560546875
2021-05-21,532.7603759765625
2021-05-24,537.379638671875
2021-05-25,533.5551147460938
2021-05-26,556.105224609375
2021-05-27,557.6449584960938
2021-05-28,540.7572021484375
2021-05-31,535.2437744140625
2021-06-01,537.926025390625
2021-06-02,546.767333984375
2021-06-03,559.2344360351562
2021-06-04,549.0521240234375
2021-06-07,559.731201171875
2021-06-08,575.8738403320312
2021-06-09,562.9596557617188
2021-06-10,564.4497680664062
2021-06-11,563.2080688476562
2021-06-14,551.4859619140625
2021-06-15,552.7772827148438
2021-06-16,546.8666381835938
2021-06-17,553.2244262695312
2021-06-18,550.1448974609375
2021-06-21,546.4195556640625
2021-06-22,545.0288696289062
2021-06-23,554.6151123046875
2021-06-24,562.6616821289062
2021-06-25,552.2806396484375
2021-06-28,548.8037719726562
2021-06-29,543.0916748046875
2021-06-30,569.6651611328125
2021-07-01,568.721435546875
2021-07-02,566.4366455078125
2021-07-05,580.244873046875
2021-07-06,581.43701171875
2021-07-07,594.947265625
2021-07-08,599.2188720703125
2021-07-09,602.29833984375
2021-07-12,602.4473876953125
2021-07-13,598.4241333007812
2021-07-14,581.4865112304688
2021-07-15,559.532470703125
2021-07-16,565.4929809570312
2021-07-19,574.135498046875
2021-07-20,562.7113647460938
2021-07-22,560.17822265625
2021-07-23,561.4696655273438
2021-07-26,557.4464111328125
2021-07-27,558.1416625976562
2021-07-28,552.7772827148438
2021-07-29,569.16845703125
2021-07-30,558.6383666992188
2021-08-02,557.29736328125
2021-08-03,558.8370361328125
2021-08-04,553.423095703125
2021-08-05,564.2014770507812
2021-08-06,556.3038940429688
2021-08-09,553.969482421875
2021-08-10,538.9194946289062
2021-08-11,544.0354614257812
2021-08-12,535.8895874023438
2021-08-13,531.4192504882812
2021-08-16,506.53460693359375
2021-08-17,508.0743713378906
2021-08-18,518.6539916992188
2021-08-20,501.61724853515625
2021-08-23,490.7891845703125
2021-08-24,499.5807800292969
2021-08-25,508.3723449707031
2021-08-26,511.3525695800781
2021-08-27,513.3889770507812
2021-08-30,514.5314331054688
2021-08-31,505.143798828125
2021-09-01,506.584228515625
2021-09-02,511.15386962890625
2021-09-03,517.7600708007812
2021-09-06,520.8395385742188
2021-09-07,519.9951782226562
2021-09-08,511.3525695800781
2021-09-09,508.3227233886719
2021-09-13,511.2532653808594
2021-09-14,514.1340942382812
2021-09-15,522.9256591796875
2021-09-16,524.4655151367188
2021-09-17,513.0910034179688
2021-09-20,510.557861328125
2021-09-21,510.9551696777344
2021-09-22,516.529052734375
2021-09-23,551.46533203125
2021-09-24,569.48095703125
2021-09-27,557.487060546875
2021-09-28,545.2445068359375
2021-09-29,536.435791015625
2021-09-30,565.7484741210938
2021-10-01,574.7561645507812
2021-10-04,574.0097045898438
2021-10-05,596.1558837890625
2021-10-06,625.76708984375
2021-10-07,667.9195556640625
2021-10-08,657.6676025390625
2021-10-11,674.6380004882812
2021-10-12,692.5540771484375
2021-10-13,722.0159912109375
2021-10-14,692.8526000976562
2021-10-18,679.6644287109375
2021-10-19,648.8589477539062
2021-10-20,630.79345703125
2021-10-21,636.3673706054688
2021-10-22,640.9459838867188
2021-10-25,633.132568359375
2021-10-26,630.1465454101562
2021-10-27,621.88525390625
2021-10-28,604.6162109375
2021-10-29,597.7484130859375
2021-11-01,594.6131591796875
2021-11-02,617.0579223632812
2021-11-03,601.779541015625
2021-11-04,611.1854248046875
2021-11-08,595.8074951171875
2021-11-09,595.0111694335938
2021-11-10,593.7670288085938
2021-11-11,581.325439453125
2021-11-12,625.6177368164062
2021-11-15,604.3673706054688
2021-11-16,591.8261108398438
2021-11-17,582.0220947265625
2021-11-18,557.039306640625
2021-11-22,523.1978759765625
2021-11-23,534.7437133789062
2021-11-24,519.51513671875
2021-11-25,528.6721801757812
2021-11-26,507.620849609375
2021-11-29,488.4606628417969
2021-11-30,525.88525390625
2021-12-01,528.5726318359375
2021-12-02,542.5570068359375
2021-12-03,532.1060180664062
2021-12-06,518.8681030273438
2021-12-07,555.0983276367188
2021-12-08,559.9255981445312
2021-12-09,564.30517578125
2021-12-10,559.12939453125
2021-12-13,545.7918701171875
2021-12-14,534.1465454101562
2021-12-15,528.3237915039062
2021-12-16,509.8603515625
2021-12-17,492.889892578125
2021-12-20,462.38287353515625
2021-12-21,465.86651611328125
2021-12-22,474.67523193359375
2021-12-23,489.8043518066406
2021-12-24,477.3128662109375
2021-12-27,473.8291931152344
2021-12-28,472.78411865234375
2021-12-29,477.0640563964844
2021-12-30,475.72039794921875
2021-12-31,440.6845703125
2022-01-03,430.6814880371094
2022-01-04,432.8214111328125
2022-01-05,425.9038391113281
2022-01-06,422.6192321777344
2022-01-07,417.0951232910156
2022-01-10,418.3890380859375
2022-01-11,411.81982421875
2022-01-12,409.0329284667969
2022-01-13,403.5087890625
2022-01-14,387.832275390625
2022-01-17,375.24127197265625
2022-01-18,345.0826416015625
2022-01-19,385.04534912109375
2022-01-20,369.5678405761719
2022-01-21,357.773193359375
2022-01-24,351.2536926269531
2022-01-25,352.34857177734375
2022-01-27,354.488525390625
2022-01-28,356.479248046875
2022-01-31,361.6051940917969
2022-02-01,366.0344543457031
2022-02-02,369.4185485839844
2022-02-03,369.02044677734375
2022-02-04,361.4061584472656
2022-02-07,354.58807373046875
2022-02-08,352.4978942871094
2022-02-09,351.0048828125
2022-02-10,348.06866455078125
2022-02-11,339.70782470703125
2022-02-14,313.92864990234375
2022-02-15,301.337646484375
2022-02-16,310.89288330078125
2022-02-17,309.3500671386719
2022-02-18,293.7731018066406
2022-02-21,282.47607421875
2022-02-22,268.1930236816406
2022-02-23,267.0981750488281
2022-02-24,238.68133544921875
2022-02-25,263.2163391113281
2022-02-28,267.5958251953125
2022-03-02,267.8446350097656
2022-03-03,264.60980224609375
2022-03-04,256.3485107421875
2022-03-07,243.85707092285156
2022-03-08,248.1370086669922
2022-03-09,249.23187255859375
2022-03-10,257.1945495605469
2022-03-11,259.33453369140625
2022-03-14,257.4931640625
2022-03-15,249.58026123046875
2022-03-16,250.6751251220703
2022-03-17,251.67044067382812
2022-03-21,247.39051818847656
2022-03-22,245.8975067138672
2022-03-23,241.9161834716797
2022-03-24,242.8119659423828
2022-03-25,243.55845642089844
2022-03-28,235.59579467773438
2022-03-29,239.875732421875
2022-03-30,248.38584899902344
2022-03-31,239.9752655029297
2022-04-01,251.9690399169922
2022-04-04,250.52581787109375
2022-04-05,300.5911865234375
2022-04-06,285.8104248046875
2022-04-07,290.1401672363281
2022-04-08,285.8601989746094
2022-04-11,303.1292419433594
2022-04-12,291.83221435546875
2022-04-13,293.2754211425781
2022-04-18,283.17279052734375
2022-04-19,275.95660400390625
2022-04-20,271.47760009765625
2022-04-21,275.70782470703125
2022-04-22,271.02972412109375
2022-04-25,261.573974609375
2022-04-26,264.56005859375
2022-04-27,271.3283386230469
2022-04-28,268.3423156738281
2022-04-29,262.5196228027344
2022-05-02,254.7062225341797
2022-05-04,246.6439971923828
2022-05-05,245.59890747070312
2022-05-06,231.36561584472656
2022-05-09,234.1525421142578
2022-05-10,228.67820739746094
2022-05-11,218.32675170898438
2022-05-12,210.71241760253906
2022-05-13,225.3438262939453
2022-05-16,222.45738220214844
2022-05-17,231.11679077148438
2022-05-18,230.9674835205078
2022-05-19,223.203857421875
2022-05-20,227.8819580078125
2022-05-23,228.13076782226562
2022-05-24,223.45269775390625
2022-05-25,218.12765502929688
2022-05-26,220.5662384033203
2022-05-27,221.81040954589844
2022-05-30,234.8492889404297
2022-05-31,226.8865966796875
2022-06-01,240.5724639892578
2022-06-02,235.94415283203125
2022-06-03,231.9628143310547
2022-06-06,234.0032501220703
2022-06-07,227.9814910888672
2022-06-08,230.12144470214844
2022-06-09,227.08567810058594
2022-06-10,226.2396240234375
2022-06-13,214.09654235839844
2022-06-14,214.9923553466797
2022-06-15,214.9923553466797
2022-06-16,203.9441375732422
2022-06-17,197.82281494140625
2022-06-20,193.8414764404297
2022-06-21,199.91302490234375
2022-06-22,191.80105590820312
2022-06-23,191.75128173828125
2022-06-24,193.6921844482422
2022-06-27,194.1898651123047
2022-06-28,191.75128173828125
2022-06-29,190.45733642578125
2022-06-30,189.51177978515625
2022-07-01,188.91458129882812
2022-07-04,206.8306121826172
2022-07-05,196.62843322753906
2022-07-06,195.23495483398438
2022-07-07,195.48379516601562
2022-07-08,200.90838623046875
2022-07-11,204.04367065429688
2022-07-12,202.8492431640625
2022-07-13,198.7683868408203
2022-07-14,197.87258911132812
2022-07-15,198.4200439453125
2022-07-18,203.44647216796875
2022-07-19,218.07791137695312
2022-07-20,226.8865966796875
2022-07-21,223.1043243408203
2022-07-22,219.3220672607422
2022-07-25,219.6206512451172
2022-07-26,233.85394287109375
2022-07-27,233.45582580566406
2022-07-28,231.6144561767578
2022-07-29,234.7995147705078
2022-08-01,236.59112548828125
2022-08-02,251.07325744628906
2022-08-03,245.2505340576172
2022-08-04,244.25518798828125
2022-08-05,241.16966247558594
2022-08-08,243.8072967529297
2022-08-10,245.20079040527344
2022-08-11,245.99703979492188
2022-08-12,249.03280639648438
2022-08-16,241.76686096191406
2022-08-17,242.71243286132812
2022-08-18,243.85707092285156
2022-08-19,241.51803588867188
2022-08-22,233.5553436279297
2022-08-23,235.19766235351562
2022-08-24,234.6502227783203
2022-08-25,236.64089965820312
2022-08-26,237.73574829101562
2022-08-29,234.0032501220703
2022-08-30,240.6719970703125
2022-09-01,244.10589599609375
2022-09-02,240.77151489257812
2022-09-05,244.80264282226562
2022-09-06,239.2785186767578
2022-09-07,240.4231719970703
2022-09-08,241.16966247558594
2022-09-09,240.82127380371094
2022-09-12,247.3407440185547
2022-09-13,244.05612182617188
2022-09-14,239.875732421875
2022-09-15,239.82595825195312
2022-09-16,232.46047973632812
2022-09-19,229.07632446289062
2022-09-20,237.58645629882812
2022-09-21,234.45115661621094
2022-09-22,235.9945831298828
2022-09-23,228.8749237060547
2022-09-26,215.68113708496094
2022-09-27,215.68113708496094
2022-09-28,212.74363708496094
2022-09-29,211.54872131347656
2022-09-30,219.86331176757812
2022-10-03,214.18748474121094
2022-10-04,219.0169219970703
2022-10-06,221.60589599609375
2022-10-07,225.09103393554688
2022-10-10,222.20333862304688
2022-10-11,219.41522216796875
2022-10-12,219.21604919433594
2022-10-13,216.328369140625
2022-10-14,216.5275115966797
2022-10-17,219.5645751953125
2022-10-18,218.76797485351562
2022-10-19,217.722412109375
2022-10-20,219.46499633789062
2022-10-21,217.5232696533203
2022-10-24,218.96713256835938
2022-10-25,219.16627502441406
2022-10-27,218.07095336914062
2022-10-28,216.47772216796875
2022-10-31,214.28704833984375
2022-11-01,216.22879028320312
2022-11-02,216.77645874023438
2022-11-03,219.06671142578125
2022-11-04,221.60589599609375
2022-11-07,225.09103393554688
2022-11-09,220.61012268066406
2022-11-10,219.66415405273438
2022-11-11,223.49781799316406
2022-11-14,229.4723663330078
2022-11-15,229.22341918945312
2022-11-16,227.23191833496094
2022-11-17,224.4438018798828
2022-11-18,220.1620330810547
2022-11-21,219.86331176757812
2022-11-22,220.26161193847656
2022-11-23,219.76373291015625
2022-11-24,221.0084228515625
2022-11-25,222.10377502441406
2022-11-28,232.1111297607422
2022-11-29,235.4468994140625
2022-11-30,234.0528564453125
2022-12-01,231.513671875
2022-12-02,237.08993530273438
2022-12-05,240.37591552734375
2022-12-06,236.79119873046875
2022-12-07,236.8409881591797
2022-12-08,233.70433044433594
2022-12-09,222.99993896484375
2022-12-12,227.48086547851562
2022-12-13,229.9204559326172
2022-12-14,228.57618713378906
2022-12-15,233.70433044433594
2022-12-16,228.37704467773438
2022-12-19,238.28482055664062
2022-12-20,235.9945831298828
2022-12-21,225.83786010742188
2022-12-22,221.9046173095703
2022-12-23,207.21719360351562
2022-12-26,214.33685302734375
2022-12-27,218.22030639648438
2022-12-28,216.62710571289062
2022-12-29,216.02963256835938
2022-12-30,216.0794219970703
2023-01-02,219.0169219970703
2023-01-03,222.4522705078125
2023-01-04,218.7181854248047
2023-01-05,219.26583862304688
2023-01-06,217.02540588378906
2023-01-09,221.45651245117188
2023-01-10,219.21604919433594
2023-01-11,219.0169219970703
2023-01-12,219.41522216796875
2023-01-13,219.96287536621094
2023-01-16,219.21604919433594
2023-01-17,217.17477416992188
2023-01-18,219.26583862304688
2023-01-19,217.57305908203125
2023-01-20,215.2828369140625
2023-01-23,215.0338897705078
2023-01-24,219.51478576660156
2023-01-25,216.27857971191406
2023-01-27,212.74363708496094
2023-01-30,210.80191040039062
2023-01-31,213.24151611328125
2023-02-01,210.00531005859375
2023-02-02,208.36228942871094
2023-02-03,207.1674041748047
2023-02-06,208.11337280273438
2023-02-07,205.62396240234375
2023-02-08,208.9597625732422
2023-02-09,210.503173828125
2023-02-10,213.68960571289062
2023-02-13,211.8474578857422
2023-02-14,209.40786743164062
2023-02-15,208.76058959960938
2023-02-16,207.36654663085938
2023-02-17,207.11761474609375
2023-02-20,207.31675720214844
2023-02-21,204.77757263183594
2023-02-22,201.54135131835938
2023-02-23,196.81150817871094
2023-02-24,192.62933349609375
2023-02-27,195.6663818359375
2023-02-28,194.82000732421875
2023-03-01,196.06468200683594
2023-03-02,196.2140655517578
2023-03-03,198.45452880859375
2023-03-06,198.20558166503906
2023-03-08,200.1970977783203
2023-03-09,201.04348754882812
2023-03-10,198.25537109375
2023-03-13,194.0731658935547
2023-03-14,190.5880126953125
2023-03-15,188.44715881347656
2023-03-16,186.10711669921875
2023-03-17,186.30628967285156
2023-03-20,181.97471618652344
2023-03-21,180.97897338867188
2023-03-22,180.2819366455078
2023-03-23,178.63893127441406
2023-03-24,182.4726104736328
2023-03-27,175.05421447753906
2023-03-28,170.92181396484375
2023-03-29,167.63583374023438
2023-03-31,168.18348693847656
2023-04-03,172.81375122070312
2023-04-05,177.94189453125
2023-04-06,179.6346893310547
2023-04-10,183.5679473876953
2023-04-11,180.43130493164062
2023-04-12,179.2861785888672
2023-04-13,177.4938201904297
2023-04-17,177.99168395996094
2023-04-18,179.0870361328125
2023-04-19,178.14105224609375
2023-04-20,177.79254150390625
2023-04-21,177.09552001953125
2023-04-24,177.294677734375
2023-04-25,176.8963623046875
2023-04-26,176.94615173339844
2023-04-27,178.53936767578125
2023-04-28,179.7840576171875
2023-05-02,178.8380889892578
2023-05-03,177.8423309326172
2023-05-04,178.98745727539062
2023-05-05,177.89210510253906
2023-05-08,176.99594116210938
2023-05-09,177.1453094482422
2023-05-10,176.24911499023438
2023-05-11,177.94189453125
2023-05-12,172.01715087890625
2023-05-15,171.7184295654297
2023-05-16,172.6643829345703
2023-05-17,170.87203979492188
2023-05-18,170.57330322265625
2023-05-19,166.5404815673828
2023-05-22,161.41232299804688
2023-05-23,166.39112854003906
2023-05-24,167.4864501953125
2023-05-25,166.5404815673828
2023-05-26,168.58180236816406
2023-05-29,168.4324188232422
2023-05-30,202.0890350341797
2023-05-31,212.19598388671875
2023-06-01,221.15780639648438
2023-06-02,210.80191040039062
2023-06-05,210.503173828125
2023-06-06,214.53599548339844
2023-06-07,219.26583862304688
2023-06-08,216.77645874023438
2023-06-09,218.7181854248047
2023-06-12,225.09103393554688
2023-06-13,226.18637084960938
2023-06-14,224.94166564941406
2023-06-15,230.76686096191406
2023-06-16,229.02427673339844
2023-06-19,231.26473999023438
2023-06-20,230.02003479003906
2023-06-21,246.79855346679688
2023-06-22,240.32614135742188
2023-06-23,232.16090393066406
2023-06-26,233.95327758789062
2023-06-27,238.2350311279297
2023-06-28,236.89076232910156
2023-06-30,237.18948364257812
2023-07-03,241.3716583251953
2023-07-04,254.66505432128906
2023-07-05,260.0421142578125
2023-07-06,254.51568603515625
2023-07-07,251.47862243652344
2023-07-10,247.99346923828125
2023-07-11,249.3875274658203
2023-07-12,250.4828643798828
2023-07-13,243.61212158203125
2023-07-14,243.4627685546875
2023-07-17,242.76573181152344
2023-07-18,238.9818572998047
2023-07-19,240.5750732421875
2023-07-20,241.8197784423828
2023-07-21,241.67041015625
2023-07-24,241.8197784423828
2023-07-25,252.07606506347656
2023-07-26,249.3875274658203
2023-07-27,254.01780700683594
2023-07-28,254.4658966064453
2023-07-31,265.2200622558594
2023-08-01,318.24420166015625
2023-08-02,316.65093994140625
2023-08-03,307.8384704589844
2023-08-04,316.3024597167969
2023-08-07,307.8384704589844
2023-08-08,300.1711730957031
2023-08-09,306.4942321777344
2023-08-10,302.7601623535156
2023-08-11,298.4783935546875
2023-08-14,295.39154052734375
2023-08-16,305.0503845214844
2023-08-17,306.4444580078125
2023-08-18,299.32476806640625
2023-08-21,303.6563415527344
2023-08-22,306.145751953125
2023-08-23,307.7887268066406
2023-08-24,302.0631103515625
2023-08-25,299.2749938964844
2023-08-28,304.2537536621094
2023-08-29,306.5440368652344
2023-08-30,304.8014221191406
2023-08-31,327.1562194824219
2023-09-01,320.434814453125
2023-09-04,313.96240234375
2023-09-05,320.8829650878906
2023-09-06,320.8331604003906
2023-09-07,329.5958251953125
2023-09-08,331.88604736328125
2023-09-11,326.6069641113281
2023-09-12,301.55615234375
2023-09-13,310.7198791503906
2023-09-14,308.5285339355469
2023-09-15,310.1222229003906
2023-09-18,308.8771667480469
2023-09-20,304.2952880859375
2023-09-21,302.2035827636719
2023-09-22,303.19964599609375
2023-09-25,302.80120849609375
2023-09-26,302.8509826660156
2023-09-27,302.70159912109375
2023-09-28,302.80120849609375
2023-09-29,310.1222229003906
2023-10-03,305.54034423828125
2023-10-04,306.7854309082031
2023-10-05,307.0344543457031
2023-10-06,324.5152282714844
2023-10-09,307.532470703125
2023-10-10,316.24798583984375
2023-10-11,317.5428161621094
2023-10-12,322.17449951171875
2023-10-13,314.953125
2023-10-16,320.132568359375
2023-10-17,332.08526611328125
2023-10-18,320.0329895019531
2023-10-19,318.8377380371094
2023-10-20,334.7248229980469
2023-10-23,305.0921325683594
2023-10-25,296.67547607421875
2023-10-26,299.61383056640625
2023-10-27,304.7933349609375
2023-10-30,304.0462951660156
2023-10-31,303.14984130859375
2023-11-01,305.7395935058594
2023-11-02,311.0684509277344
2023-11-03,317.8914794921875
2023-11-06,325.3121032714844
2023-11-07,343.6395263671875
2023-11-08,355.7416076660156
2023-11-09,345.8806457519531
2023-11-10,360.3732604980469
2023-11-13,396.7791442871094
2023-11-15,421.08294677734375
2023-11-16,417.7461242675781
2023-11-17,411.4709777832031
2023-11-20,411.8694152832031
2023-11-21,420.38568115234375
2023-11-22,425.565185546875
2023-11-23,424.9675598144531
2023-11-24,420.4355163574219
2023-11-28,411.4211730957031
2023-11-29,398.7712707519531
2023-11-30,393.7909851074219
2023-12-01,390.55377197265625
2023-12-04,400.3649597167969
2023-12-05,392.4463195800781
2023-12-06,410.4749450683594
2023-12-07,403.95074462890625
2023-12-08,396.7293395996094
2023-12-11,399.9665222167969
2023-12-12,395.0858459472656
2023-12-13,397.0779724121094
2023-12-14,391.54986572265625
2023-12-15,393.1933288574219
2023-12-18,395.8826904296875
2023-12-19,389.7569580078125
2023-12-20,364.1084899902344
2023-12-21,383.4320068359375
2023-12-22,385.17510986328125
2023-12-26,390.4043884277344
2023-12-27,385.3742980957031
2023-12-28,391.20123291015625
2023-12-29,383.1830139160156
2024-01-01,379.74658203125
2024-01-02,376.9576416015625
2024-01-03,381.19085693359375
2024-01-04,385.22491455078125
2024-01-05,391.20123291015625
2024-01-08,393.99017333984375
2024-01-09,398.8708801269531
2024-01-10,400.51434326171875
2024-01-11,400.51434326171875
2024-01-12,408.08441162109375
2024-01-15,404.24957275390625
2024-01-16,394.9862365722656
2024-01-17,388.11346435546875
2024-01-18,385.3742980957031
2024-01-19,388.21307373046875
2024-01-23,366.947265625
2024-01-24,383.0833740234375
2024-01-25,373.7204284667969
2024-01-29,393.3427734375
2024-01-30,395.4842529296875
2024-01-31,398.8708801269531
2024-02-01,397.57598876953125
2024-02-02,411.8694152832031
2024-02-05,385.5735168457031
2024-02-06,400.016357421875
2024-02-07,405.54443359375
2024-02-08,392.0976867675781
2024-02-09,410.2757263183594
2024-02-12,386.569580078125
2024-02-13,381.83831787109375
2024-02-14,453.20574951171875
2024-02-15,449.0721435546875
2024-02-16,451.761474609375
2024-02-19,493.4962463378906
2024-02-20,476.61309814453125
2024-02-21,455.4966735839844
2024-02-22,463.7141418457031
2024-02-23,456.34332275390625
2024-02-26,450.71563720703125
2024-02-27,444.8388671875
2024-02-28,434.7786865234375
2024-02-29,434.6293029785156
2024-03-01,455.4468994140625
2024-03-04,445.5361022949219
2024-03-05,437.6672668457031
2024-03-06,430.44586181640625
2024-03-07,435.7249450683594
2024-03-11,429.2007751464844
2024-03-12,417.14849853515625
2024-03-13,384.8762512207031
2024-03-14,408.4828186035156
2024-03-15,404.10015869140625
2024-03-18,409.1800537109375
2024-03-19,395.2352600097656
2024-03-20,397.67559814453125
2024-03-21,404.39898681640625
2024-03-22,414.1603088378906
2024-03-26,411.12237548828125
2024-03-27,423.5232849121094
2024-03-28,455.0982360839844
2024-04-01,456.7417297363281
2024-04-02,462.96710205078125
2024-04-03,458.08642578125
2024-04-04,466.10467529296875
2024-04-05,466.3537292480469
2024-04-08,467.5987854003906
2024-04-09,467.10076904296875
2024-04-10,463.26593017578125
2024-04-12,455.6461181640625
2024-04-15,441.9005126953125
2024-04-16,445.0380859375
2024-04-18,426.6110534667969
2024-04-19,433.2846374511719
2024-04-22,443.1455993652344
2024-04-23,452.2096862792969
2024-04-24,462.6184997558594
2024-04-25,459.58050537109375
2024-04-26,451.213623046875
2024-04-29,458.0366516113281
2024-04-30,468.4454040527344
2024-05-02,463.56475830078125
2024-05-03,463.76397705078125
2024-05-06,470.3877258300781
2024-05-07,457.14019775390625
2024-05-08,469.54107666015625
2024-05-09,454.7496337890625
2024-05-10,468.8438415527344
2024-05-13,442.89654541015625
2024-05-14,435.8245544433594
2024-05-15,434.3802795410156
2024-05-16,444.2910461425781
2024-05-17,438.563720703125
2024-05-21,434.8783264160156
2024-05-22,428.4537658691406
2024-05-23,423.9217224121094
2024-05-24,424.7185363769531
2024-05-27,419.3896179199219
2024-05-28,407.83538818359375
2024-05-29,404.2993469238281
2024-05-30,403.1539001464844
2024-05-31,404.2993469238281
2024-06-03,424.7185363769531
2024-06-04,377.60504150390625
2024-06-05,401.26141357421875
2024-06-06,426.36199951171875
2024-06-07,435.3763427734375
2024-06-10,452.7077331542969
2024-06-11,452.408935546875
2024-06-12,454.6500549316406
2024-06-13,496.0859680175781
2024-06-14,497.8290710449219
2024-06-18,488.2171325683594
2024-06-19,523.626953125
2024-06-20,546.8350219726562
2024-06-21,539.6136474609375
2024-06-24,545.6895751953125
2024-06-25,532.292724609375
2024-06-26,540.4104614257812
2024-06-27,517.451416015625
2024-06-28,522.3818969726562
2024-07-01,522.1826782226562
2024-07-02,537.42236328125
2024-07-03,530.549560546875
2024-07-04,544.0958862304688
2024-07-05,538.6176147460938
2024-07-08,530.499755859375
2024-07-09,547.3331298828125
2024-07-10,532.9898681640625
2024-07-11,532.6911010742188
2024-07-12,532.6911010742188
2024-07-15,528.2088012695312
2024-07-16,529.752685546875
2024-07-18,521.1368408203125
2024-07-19,505.59832763671875
2024-07-22,521.5850219726562
2024-07-23,506.6940002441406
2024-07-24,520.6387939453125
2024-07-25,514.0150146484375
2024-07-26,515.9573364257812
2024-07-29,512.0726928710938
2024-07-30,513.9154052734375
2024-07-31,516.007080078125
2024-08-01,504.253662109375
2024-08-02,512.8695678710938
2024-08-05,501.0164794921875
2024-08-06,504.253662109375
2024-08-07,543.6974487304688
2024-08-08,534.2349243164062
2024-08-09,537.87060546875
2024-08-12,554.6043090820312
2024-08-13,539.9124755859375
2024-08-14,509.4331359863281
2024-08-16,503.058349609375
2024-08-19,512.37158203125
2024-08-20,519.1447143554688
2024-08-21,525.9179077148438
2024-08-22,519.2940673828125
2024-08-23,535.1314086914062
2024-08-26,534.73291015625
2024-08-27,574.4756469726562
2024-08-28,560.7301025390625
2024-08-29,542.2532348632812
2024-08-30,559.0368041992188
2024-09-02,545.042236328125
2024-09-03,548.7276611328125
2024-09-04,549.4248046875
2024-09-05,558.8873291015625
2024-09-06,544.6935424804688
2024-09-09,531.6950073242188
2024-09-10,560.8297119140625
2024-09-11,551.8153686523438
2024-09-12,551.2675170898438
2024-09-13,561.4771118164062
2024-09-16,553.9569091796875
2024-09-17,539.88720703125
2024-09-18,534.748291015625
2024-09-19,521.4269409179688
2024-09-20,520.9779052734375
2024-09-23,560.3930053710938
2024-09-24,541.8330078125
2024-09-25,536.5942993164062
2024-09-26,530.3577270507812
2024-09-27,528.5615844726562
2024-09-30,526.865234375
2024-10-01,528.8609619140625
2024-10-03,518.2837524414062
2024-10-04,509.0535888671875
2024-10-07,484.75592041015625
2024-10-08,499.5241394042969
2024-10-09,501.61962890625
2024-10-10,515.7891235351562
2024-10-11,510.20111083984375
2024-10-14,508.704345703125
2024-10-15,511.59814453125
2024-10-16,506.758544921875
2024-10-17,497.5284423828125
2024-10-18,496.6802673339844
2024-10-21,492.0901184082031
2024-10-22,462.70343017578125
2024-10-23,487.64971923828125
2024-10-24,469.78814697265625
2024-10-25,465.94647216796875
2024-10-28,476.02471923828125
2024-10-29,478.8187255859375
2024-10-30,489.8948669433594
2024-10-31,501.220458984375
2024-11-01,504.0643310546875
2024-11-04,487.7494812011719
2024-11-05,490.393798828125
2024-11-06,501.61962890625
2024-11-07,501.37017822265625
2024-11-08,485.953369140625
2024-11-11,483.85784912109375
2024-11-12,494.03594970703125
2024-11-13,476.22430419921875
2024-11-14,454.32147216796875
2024-11-18,431.77008056640625
2024-11-19,434.3644714355469
2024-11-21,425.9825134277344
2024-11-22,433.01739501953125
2024-11-25,444.2930908203125
2024-11-26,446.7378234863281
2024-11-27,449.5816955566406
2024-11-28,489.8948669433594
2024-11-29,480.9142150878906
2024-12-02,489.5456237792969
2024-12-03,499.6737976074219
2024-12-04,496.5804748535156
2024-12-05,491.1421813964844
2024-12-06,495.8320617675781
2024-12-09,499.17486572265625
2024-12-10,509.5026550292969
2024-12-11,504.96240234375
2024-12-12,500.7215270996094
2024-12-13,493.1379089355469
2024-12-16,492.9881896972656
2024-12-17,487.0509948730469
2024-12-18,472.8316345214844
2024-12-19,478.91851806640625
2024-12-20,469.887939453125
2024-12-23,463.501708984375
2024-12-24,457.7640686035156
2024-12-26,460.7077331542969
2024-12-27,448.48406982421875
2024-12-30,446.3386535644531
2024-12-31,449.4320068359375
2025-01-01,454.87030029296875
2025-01-02,450.5296630859375
2025-01-03,464.5494384765625
2025-01-06,441.3993225097656
2025-01-07,438.256103515625
2025-01-08,439.3038330078125
2025-01-09,431.1713562011719
2025-01-10,419.9455261230469
2025-01-13,405.12744140625
2025-01-14,418.6483154296875
2025-01-15,420.69390869140625
2025-01-16,420.69390869140625
2025-01-17,423.03887939453125
2025-01-20,428.8263854980469
2025-01-21,423.5876770019531
2025-01-22,414.10809326171875
2025-01-23,413.21002197265625
2025-01-24,401.9842224121094
2025-01-27,376.7385559082031
2025-01-28,382.9751281738281
2025-01-29,403.2315368652344
2025-01-30,404.9278564453125
2025-01-31,433.6659851074219
2025-02-01,415.804443359375
2025-02-03,412.0625
2025-02-04,447.6857604980469
2025-02-05,441.00018310546875
2025-02-06,449.18255615234375
2025-02-07,447.2866516113281
2025-02-10,433.8156433105469
2025-02-11,413.90850830078125
2025-02-12,409.7674255371094
2025-02-13,406.12530517578125
2025-02-14,392.7041931152344
2025-02-17,414.30767822265625
2025-02-18,410.9648742675781
2025-02-19,438.10638427734375
2025-02-20,445.44061279296875
2025-02-21,438.0066223144531
2025-02-24,426.4315490722656
2025-02-25,427.0302734375
2025-02-27,410.56573486328125
2025-02-28,412.2620544433594
2025-03-03,437.1085510253906
2025-03-04,450.5296630859375
2025-03-05,462.3042907714844
2025-03-06,451.4776306152344
2025-03-07,461.80535888671875
2025-03-10,457.01568603515625
2025-03-11,451.87677001953125
2025-03-12,441.0999450683594
2025-03-13,437.1085510253906
2025-03-17,434.4642333984375
2025-03-18,434.4642333984375
2025-03-19,452.37567138671875
2025-03-20,463.2023620605469
2025-03-21,473.4303283691406
2025-03-24,468.54083251953125
2025-03-25,458.46258544921875
2025-03-26,453.37353515625
2025-03-27,476.6234436035156
2025-03-28,474.877197265625
2025-04-01,477.6213073730469
2025-04-02,471.8836669921875
2025-04-03,472.9314270019531
2025-04-04,453.5730895996094
2025-04-07,432.6681213378906
2025-04-08,442.147705078125
2025-04-09,429.0259704589844
2025-04-11,441.69866943359375
2025-04-15,452.126220703125
2025-04-16,458.0135192871094
2025-04-17,456.4668884277344
2025-04-21,463.501708984375
2025-04-22,459.31072998046875
2025-04-23,450.62945556640625
2025-04-24,452.4255676269531
2025-04-25,442.6466369628906
2025-04-28,439.7029724121094
2025-04-29,435.212646484375
2025-04-30,421.641845703125
2025-05-02,424.08660888671875
2025-05-05,427.9283447265625
2025-05-06,418.847900390625
2025-05-07,421.641845703125
2025-05-08,424.0367126464844
2025-05-09,435.0629577636719
2025-05-12,462.25439453125
2025-05-13,466.6449279785156
2025-05-14,472.5322570800781
2025-05-15,477.32196044921875
2025-05-16,471.8836669921875
2025-05-19,485.9034729003906
2025-05-20,476.7232360839844
2025-05-21,475.6755065917969
2025-05-22,471.5843200683594
2025-05-23,477.7709655761719
2025-05-26,479.16796875
2025-05-27,488.1985168457031
2025-05-28,490.0445556640625
2025-05-29,506.3594055175781
2025-05-30,491.7908020019531
2025-06-02,486.6019592285156
2025-06-03,489.0965881347656
2025-06-04,493.736572265625
2025-06-05,488.9967956542969
2025-06-06,488.447998046875
2025-06-09,534.9977416992188
2025-06-10,530.0084838867188
2025-06-11,539.3882446289062
2025-06-12,527.2144775390625
2025-06-13,531.3555908203125
2025-06-16,528.2123413085938
2025-06-17,511.8974914550781
2025-06-18,506.60888671875
2025-06-19,486.40240478515625
2025-06-20,487.1507873535156
2025-06-23,485.7537841796875
2025-06-24,487.64971923828125
2025-06-25,497.6781005859375
2025-06-26,510.05145263671875
2025-06-27,510.9993896484375
2025-06-30,509.70220947265625
2025-07-01,513.3443603515625
2025-07-02,505.0123291015625
2025-07-03,505.361572265625
2025-07-04,501.2703857421875
2025-07-07,502.5177001953125
2025-07-08,500.4720764160156
2025-07-09,503.11639404296875
2025-07-10,494.93402099609375
2025-07-11,491.4914245605469
2025-07-14,488.84710693359375
2025-07-15,497.5284423828125
2025-07-16,501.4699401855469
2025-07-17,496.38092041015625
2025-07-18,485.7038879394531
2025-07-21,487.79937744140625
2025-07-22,484.95550537109375
2025-07-23,477.6213073730469
2025-07-24,473.2307434082031
2025-07-25,463.5516052246094
2025-07-28,461.3064270019531
2025-07-29,473.0810852050781
2025-07-30,480.2157287597656
2025-07-31,480.0660400390625
2025-08-01,457.7640686035156
2025-08-04,482.361083984375
2025-08-05,472.28277587890625
2025-08-06,466.3954772949219
2025-08-07,470.9356994628906
2025-08-08,464.1502990722656
2025-08-11,472.68194580078125
2025-08-12,477.5714111328125
2025-08-13,473.2806396484375
2025-08-14,478.1202087402344
2025-08-18,488.1486511230469
2025-08-19,490.6931457519531
2025-08-20,483.1593933105469
2025-08-21,483.85784912109375
2025-08-22,467.9920349121094
2025-08-25,473.9791564941406
2025-08-26,470.2372131347656
2025-08-28,464.3997802734375
2025-08-29,464.5494384765625
2025-09-01,469.5386962890625
2025-09-02,471.2849426269531
2025-09-03,473.03118896484375
2025-09-04,466.3455810546875
2025-09-05,464.29998779296875
2025-09-08,460.6000061035156
2025-09-09,459.45001220703125
2025-09-10,490.04998779296875
2025-09-11,520.5999755859375
2025-09-12,547.9000244140625
2025-09-15,560.75
2025-09-16,567.0999755859375
2025-09-17,575.4500122070312
2025-09-18,573.5
2025-09-19,565.7999877929688
2025-09-22,559.4500122070312
2025-09-23,555.1500244140625
2025-09-24,534.4000244140625
2025-09-25,531.0
2025-09-26,508.95001220703125
2025-09-29,491.1000061035156
2025-09-30,472.70001220703125
2025-10-01,495.8500061035156
2025-10-03,504.20001220703125
2025-10-06,514.9000244140625
2025-10-07,516.0499877929688
2025-10-08,525.0
2025-10-09,516.6500244140625
2025-10-10,524.4000244140625
2025-10-13,515.6500244140625
2025-10-14,501.3999938964844
2025-10-15,491.1499938964844
2025-10-16,495.20001220703125
2025-10-17,488.70001220703125
2025-10-20,488.1499938964844
2025-10-21,492.1499938964844
2025-10-23,483.70001220703125
2025-10-24,477.6000061035156
2025-10-27,480.29998779296875
2025-10-28,481.3500061035156
2025-10-29,482.6499938964844
2025-10-30,495.6000061035156
2025-10-31,495.1499938964844
2025-11-03,499.1000061035156
2025-11-04,511.70001220703125
2025-11-06,476.45001220703125
2025-11-07,479.8500061035156
2025-11-10,477.3500061035156
2025-11-11,471.75
2025-11-12,475.5
2025-11-13,475.1000061035156
2025-11-14,465.95001220703125
2025-11-17,456.20001220703125
2025-11-18,450.0
2025-11-19,431.8999938964844
2025-11-20,437.1499938964844
2025-11-21,430.0
2025-11-24,442.79998779296875
2025-11-25,468.3999938964844
2025-11-26,467.3999938964844
2025-11-27,470.5
2025-11-28,477.3999938964844
2025-12-01,464.95001220703125
2025-12-02,464.45001220703125
2025-12-03,455.29998779296875
2025-12-04,456.3500061035156
2025-12-05,452.04998779296875
2025-12-08,442.20001220703125
2025-12-09,463.45001220703125
2025-12-10,446.3999938964844
2025-12-11,445.5
2025-12-12,445.3500061035156
2025-12-15,447.6000061035156
2025-12-16,440.3999938964844
2025-12-17,467.8500061035156
2025-12-18,454.3999938964844
2025-12-19,459.25
2025-12-22,475.04998779296875
2025-12-23,467.29998779296875
2025-12-24,465.70001220703125
2025-12-26,476.8500061035156
2025-12-29,467.1000061035156
2025-12-30,466.29998779296875
2025-12-31,476.79998779296875
2026-01-01,473.8999938964844
2026-01-02,467.8500061035156
2026-01-05,469.54998779296875
2026-01-06,458.6000061035156
2026-01-07,460.3500061035156
2026-01-08,452.1000061035156
2026-01-09,445.6499938964844
2026-01-12,458.70001220703125
2026-01-13,470.79998779296875
2026-01-14,473.1000061035156
2026-01-16,471.45001220703125
2026-01-19,472.29998779296875
2026-01-20,458.79998779296875
2026-01-21,449.54998779296875
2026-01-22,459.75
2026-01-23,466.1499938964844
2026-01-27,454.45001220703125
2026-01-28,462.79998779296875
2026-01-29,450.8500061035156
2026-01-30,458.25
2026-02-02,452.04998779296875
2026-02-03,459.0
2026-02-04,464.79998779296875
2026-02-05,459.20001220703125
2026-02-06,455.29998779296875
2026-02-09,469.8500061035156
2026-02-10,469.20001220703125
2026-02-11,453.75
2026-02-12,453.3999938964844
2026-02-13,431.6000061035156
2026-02-16,430.6000061035156
2026-02-17,434.95001220703125
2026-02-18,452.8999938964844
2026-02-19,438.0
2026-02-20,447.95001220703125
2026-02-23,443.75
2026-02-24,445.3500061035156
2026-02-25,432.3500061035156
2026-02-26,431.45001220703125
2026-02-27,416.0
2026-03-02,421.3999938964844
2026-03-04,423.54998779296875
2026-03-05,435.6000061035156
2026-03-06,448.54998779296875
2026-03-09,437.54998779296875
2026-03-10,458.79998779296875
2026-03-11,452.8999938964844
2026-03-12,454.1499938964844
2026-03-13,440.3999938964844
2026-03-16,432.04998779296875
2026-03-17,432.29998779296875
2026-03-18,437.3999938964844
2026-03-19,425.75
2026-03-20,411.3999938964844
2026-03-23,390.20001220703125
2026-03-24,395.75
2026-03-25,405.45001220703125
2026-03-27,386.1499938964844
2026-03-30,387.20001220703125
2026-04-01,406.6000061035156
2026-04-02,406.3500061035156
2026-04-06,401.70001220703125
2026-04-07,408.75
2026-04-08,426.25
2026-04-09,430.70001220703125
2026-04-10,435.6000061035156
2026-04-13,437.45001220703125
2026-04-15,453.6499938964844
2026-04-16,455.25
2026-04-17,457.0
2026-04-20,449.45001220703125
2026-04-21,450.70001220703125
2026-04-22,457.29998779296875
2026-04-23,455.45001220703125
2026-04-24,455.04998779296875
2026-04-27,467.25
2026-04-28,474.04998779296875
2026-04-29,470.3500061035156
2026-04-30,464.79998779296875
2026-05-04,474.8999938964844
2026-05-05,469.54998779296875
2026-05-06,479.95001220703125
2026-05-07,481.1000061035156
2026-05-08,478.75
2026-05-11,487.3500061035156
2026-05-12,469.3500061035156
2026-05-13,475.1499938964844
2026-05-14,472.29998779296875
2026-05-15,441.5
2026-05-18,439.0
2026-05-19,444.45001220703125
2026-05-20,436.8500061035156
2026-05-21,432.8500061035156
2026-05-22,429.8999938964844
2026-05-25,435.54998779296875
2026-05-26,432.79998779296875
2026-05-27,427.6499938964844
2026-05-28,427.6499938964844
2026-05-29,425.1000061035156
2026-06-01,417.1499938964844
2026-06-02,420.6499938964844
2026-06-03,416.25
2026-06-04,427.3500061035156
2026-06-05,428.45001220703125
2026-06-08,420.6000061035156
2026-06-09,436.5
2026-06-10,432.1499938964844
2026-06-11,424.20001220703125
2026-06-12,430.5
2026-06-15,431.70001220703125
2026-06-16,433.1000061035156
2026-06-17,432.25
2026-06-18,429.54998779296875
2026-06-19,439.5
2026-06-22,454.8999938964844
2026-06-23,459.20001220703125
2026-06-24,455.6000061035156
2026-06-25,459.70001220703125
2026-06-26,459.70001220703125
2026-06-29,463.8500061035156
2026-06-30,448.5
2026-07-01,441.54998779296875
2026-07-02,437.29998779296875
2026-07-03,441.6000061035156
2026-07-06,429.8999938964844
2026-07-07,429.25
2026-07-08,418.8500061035156
2026-07-09,424.0
2026-07-10,426.29998779296875
2026-07-13,418.1499938964844
2026-07-14,411.6000061035156
2026-07-15,411.25
2026-07-16,408.3500061035156
2026-07-17,408.3999938964844
2026-07-20,405.54998779296875
2026-07-21,409.1000061035156
2026-07-22,400.45001220703125
2026-07-23,386.79998779296875
2026-07-24,420.25
2026-07-27,443.6499938964844
2026-07-28,437.54998779296875
2026-07-29,431.1499938964844
2026-07-30,420.54998779296875
2026-07-31,429.20001220703125
2026-08-03,444.3500061035156
2026-08-04,467.25
2026-08-05,458.45001220703125
2026-08-06,455.25
2026-08-07,448.95001220703125
2026-08-10,442.75
2026-08-11,422.20001220703125
2026-08-12,414.95001220703125
2026-08-13,413.8999938964844
2026-08-14,412.3500061035156
2026-08-17,419.6000061035156
2026-08-18,421.20001220703125
2026-08-19,416.20001220703125
2026-08-20,415.0
2026-08-21,414.6000061035156
2026-08-24,414.6000061035156
2026-08-25,414.8500061035156
2026-08-26,413.8999938964844
2026-08-27,407.54998779296875
2026-08-28,406.95001220703125
2026-08-31,404.95001220703125
2026-09-01,394.79998779296875
2026-09-02,395.04998779296875
2026-09-03,398.54998779296875
2026-09-04,401.0
2026-09-07,391.8500061035156
2026-09-08,393.54998779296875
2026-09-09,393.0
2026-09-10,407.75
2026-09-11,403.3500061035156
2026-09-15,399.6000061035156
2026-09-16,406.20001220703125
2026-09-18,425.5
2026-09-21,420.3500061035156
