Date,HCG
2016-03-31,178.5500030517578
2016-04-01,175.10000610351562
2016-04-04,181.10000610351562
2016-04-05,181.3000030517578
2016-04-06,181.89999389648438
2016-04-07,179.39999389648438
2016-04-08,182.14999389648438
2016-04-11,183.0
2016-04-12,192.0
2016-04-13,190.35000610351562
2016-04-18,193.5
2016-04-20,187.14999389648438
2016-04-21,192.3000030517578
2016-04-22,191.39999389648438
2016-04-25,187.3000030517578
2016-04-26,181.8000030517578
2016-04-27,184.0
2016-04-28,184.60000610351562
2016-04-29,183.3000030517578
2016-05-02,181.1999969482422
2016-05-03,184.89999389648438
2016-05-04,181.89999389648438
2016-05-05,180.5500030517578
2016-05-06,181.64999389648438
2016-05-09,180.6999969482422
2016-05-10,179.8000030517578
2016-05-11,176.25
2016-05-12,178.60000610351562
2016-05-13,195.0
2016-05-16,190.5
2016-05-17,189.4499969482422
2016-05-18,187.4499969482422
2016-05-19,184.0500030517578
2016-05-20,180.8000030517578
2016-05-23,180.0500030517578
2016-05-24,180.14999389648438
2016-05-25,183.5
2016-05-26,183.5500030517578
2016-05-27,182.25
2016-05-30,184.6999969482422
2016-05-31,181.25
2016-06-01,180.35000610351562
2016-06-02,179.60000610351562
2016-06-03,180.0500030517578
2016-06-06,178.0
2016-06-07,180.75
2016-06-08,181.5
2016-06-09,180.85000610351562
2016-06-10,182.85000610351562
2016-06-13,182.0
2016-06-14,182.10000610351562
2016-06-15,182.5
2016-06-16,180.75
2016-06-17,179.6999969482422
2016-06-20,180.0500030517578
2016-06-21,179.35000610351562
2016-06-22,179.0
2016-06-23,178.3000030517578
2016-06-24,171.35000610351562
2016-06-27,174.4499969482422
2016-06-28,180.0
2016-06-29,181.14999389648438
2016-06-30,183.64999389648438
2016-07-01,183.14999389648438
2016-07-04,188.39999389648438
2016-07-05,190.0500030517578
2016-07-07,190.35000610351562
2016-07-08,189.85000610351562
2016-07-11,190.3000030517578
2016-07-12,188.25
2016-07-13,188.5
2016-07-14,189.1999969482422
2016-07-15,189.10000610351562
2016-07-18,190.3000030517578
2016-07-19,194.5
2016-07-20,193.0500030517578
2016-07-21,195.5
2016-07-22,199.0
2016-07-25,199.39999389648438
2016-07-26,193.39999389648438
2016-07-27,196.5500030517578
2016-07-28,203.5500030517578
2016-07-29,203.25
2016-08-01,204.0
2016-08-02,202.5500030517578
2016-08-03,203.3000030517578
2016-08-04,205.6999969482422
2016-08-05,207.39999389648438
2016-08-08,207.14999389648438
2016-08-09,205.0500030517578
2016-08-10,202.60000610351562
2016-08-11,200.14999389648438
2016-08-12,200.60000610351562
2016-08-16,201.5
2016-08-17,199.64999389648438
2016-08-18,205.9499969482422
2016-08-19,208.25
2016-08-22,214.39999389648438
2016-08-23,211.64999389648438
2016-08-24,214.25
2016-08-25,217.10000610351562
2016-08-26,212.39999389648438
2016-08-29,211.14999389648438
2016-08-30,214.60000610351562
2016-08-31,219.8000030517578
2016-09-01,215.9499969482422
2016-09-02,214.4499969482422
2016-09-06,213.60000610351562
2016-09-07,212.75
2016-09-08,215.25
2016-09-09,215.5500030517578
2016-09-12,215.25
2016-09-14,218.35000610351562
2016-09-15,215.10000610351562
2016-09-16,215.0
2016-09-19,215.1999969482422
2016-09-20,215.0
2016-09-21,214.9499969482422
2016-09-22,216.39999389648438
2016-09-23,215.14999389648438
2016-09-26,215.1999969482422
2016-09-27,216.3000030517578
2016-09-28,218.35000610351562
2016-09-29,220.75
2016-09-30,221.0500030517578
2016-10-03,220.3000030517578
2016-10-04,220.25
2016-10-05,223.75
2016-10-06,229.85000610351562
2016-10-07,227.10000610351562
2016-10-10,222.10000610351562
2016-10-13,221.1999969482422
2016-10-14,230.0500030517578
2016-10-17,228.4499969482422
2016-10-18,232.89999389648438
2016-10-19,231.5
2016-10-20,231.5
2016-10-21,236.9499969482422
2016-10-24,241.3000030517578
2016-10-25,241.89999389648438
2016-10-26,241.10000610351562
2016-10-27,242.75
2016-10-28,244.9499969482422
2016-11-01,251.60000610351562
2016-11-02,247.10000610351562
2016-11-03,248.3000030517578
2016-11-04,248.85000610351562
2016-11-07,249.39999389648438
2016-11-08,247.64999389648438
2016-11-09,240.35000610351562
2016-11-10,248.60000610351562
2016-11-11,250.0
2016-11-15,246.64999389648438
2016-11-16,247.10000610351562
2016-11-17,250.0
2016-11-18,251.60000610351562
2016-11-21,251.9499969482422
2016-11-22,257.8500061035156
2016-11-23,253.0500030517578
2016-11-24,251.60000610351562
2016-11-25,253.10000610351562
2016-11-28,256.95001220703125
2016-11-29,248.60000610351562
2016-11-30,249.60000610351562
2016-12-01,248.64999389648438
2016-12-02,249.0500030517578
2016-12-05,248.60000610351562
2016-12-06,250.1999969482422
2016-12-07,249.14999389648438
2016-12-08,248.5
2016-12-09,250.8000030517578
2016-12-12,249.6999969482422
2016-12-13,251.0500030517578
2016-12-14,250.60000610351562
2016-12-15,249.64999389648438
2016-12-16,241.10000610351562
2016-12-19,244.10000610351562
2016-12-20,247.64999389648438
2016-12-21,245.5
2016-12-22,236.3000030517578
2016-12-23,239.1999969482422
2016-12-26,233.25
2016-12-27,232.10000610351562
2016-12-28,244.85000610351562
2016-12-29,244.14999389648438
2016-12-30,247.5
2017-01-02,243.64999389648438
2017-01-03,238.9499969482422
2017-01-04,246.9499969482422
2017-01-05,246.6999969482422
2017-01-06,245.5
2017-01-09,242.5
2017-01-10,238.25
2017-01-11,239.85000610351562
2017-01-12,241.4499969482422
2017-01-13,241.75
2017-01-16,244.89999389648438
2017-01-17,243.39999389648438
2017-01-18,241.9499969482422
2017-01-19,240.35000610351562
2017-01-20,238.9499969482422
2017-01-23,240.25
2017-01-24,236.5
2017-01-25,238.6999969482422
2017-01-27,233.3000030517578
2017-01-30,237.5
2017-01-31,243.25
2017-02-01,242.9499969482422
2017-02-02,241.25
2017-02-03,243.39999389648438
2017-02-06,240.60000610351562
2017-02-07,238.8000030517578
2017-02-08,237.75
2017-02-09,241.4499969482422
2017-02-10,242.89999389648438
2017-02-13,242.64999389648438
2017-02-14,242.64999389648438
2017-02-15,236.10000610351562
2017-02-16,240.8000030517578
2017-02-17,237.64999389648438
2017-02-20,239.8000030517578
2017-02-21,240.64999389648438
2017-02-22,237.89999389648438
2017-02-23,237.89999389648438
2017-02-27,236.1999969482422
2017-02-28,236.3000030517578
2017-03-01,232.6999969482422
2017-03-02,235.60000610351562
2017-03-03,238.4499969482422
2017-03-06,240.14999389648438
2017-03-07,239.3000030517578
2017-03-08,238.6999969482422
2017-03-09,240.0
2017-03-10,236.60000610351562
2017-03-14,240.10000610351562
2017-03-15,236.4499969482422
2017-03-16,239.64999389648438
2017-03-17,235.60000610351562
2017-03-20,235.60000610351562
2017-03-21,227.1999969482422
2017-03-22,220.14999389648438
2017-03-23,220.6999969482422
2017-03-24,222.10000610351562
2017-03-27,230.39999389648438
2017-03-28,228.25
2017-03-29,229.14999389648438
2017-03-30,225.0500030517578
2017-03-31,229.4499969482422
2017-04-03,237.5
2017-04-05,241.6999969482422
2017-04-06,240.9499969482422
2017-04-07,240.4499969482422
2017-04-10,238.39999389648438
2017-04-11,238.14999389648438
2017-04-12,237.14999389648438
2017-04-13,260.0
2017-04-17,272.8999938964844
2017-04-18,267.29998779296875
2017-04-19,268.8500061035156
2017-04-20,274.04998779296875
2017-04-21,274.8999938964844
2017-04-24,274.8999938964844
2017-04-25,268.8500061035156
2017-04-26,269.0
2017-04-27,264.8500061035156
2017-04-28,264.3500061035156
2017-05-02,260.25
2017-05-03,259.6000061035156
2017-05-04,265.1000061035156
2017-05-05,254.5500030517578
2017-05-08,260.79998779296875
2017-05-09,259.29998779296875
2017-05-10,258.3999938964844
2017-05-11,261.04998779296875
2017-05-12,254.5
2017-05-15,257.8500061035156
2017-05-16,261.79998779296875
2017-05-17,260.5
2017-05-18,259.8500061035156
2017-05-19,254.9499969482422
2017-05-22,255.10000610351562
2017-05-23,255.0
2017-05-24,254.8000030517578
2017-05-25,252.64999389648438
2017-05-26,253.0
2017-05-29,245.89999389648438
2017-05-30,246.9499969482422
2017-05-31,246.9499969482422
2017-06-01,244.9499969482422
2017-06-02,239.9499969482422
2017-06-05,254.64999389648438
2017-06-06,253.25
2017-06-07,254.14999389648438
2017-06-08,256.0
2017-06-09,250.5
2017-06-12,250.25
2017-06-13,252.75
2017-06-14,247.85000610351562
2017-06-15,251.25
2017-06-16,251.0500030517578
2017-06-19,251.14999389648438
2017-06-20,247.64999389648438
2017-06-21,247.64999389648438
2017-06-22,242.4499969482422
2017-06-23,247.89999389648438
2017-06-27,244.89999389648438
2017-06-28,248.64999389648438
2017-06-29,250.10000610351562
2017-06-30,252.10000610351562
2017-07-03,252.1999969482422
2017-07-04,257.54998779296875
2017-07-05,255.8000030517578
2017-07-06,258.25
2017-07-07,255.5
2017-07-10,259.20001220703125
2017-07-11,260.1499938964844
2017-07-12,264.5
2017-07-13,265.20001220703125
2017-07-14,263.8500061035156
2017-07-17,263.6499938964844
2017-07-18,261.25
2017-07-19,264.8999938964844
2017-07-20,273.0
2017-07-21,270.0
2017-07-24,270.75
2017-07-25,270.5
2017-07-26,271.95001220703125
2017-07-27,274.70001220703125
2017-07-28,275.1499938964844
2017-07-31,272.20001220703125
2017-08-01,271.54998779296875
2017-08-02,271.5
2017-08-03,270.1499938964844
2017-08-04,270.1000061035156
2017-08-07,274.04998779296875
2017-08-08,269.79998779296875
2017-08-09,270.70001220703125
2017-08-10,269.75
2017-08-11,269.3500061035156
2017-08-14,271.04998779296875
2017-08-16,273.3500061035156
2017-08-17,271.25
2017-08-18,272.79998779296875
2017-08-21,271.3500061035156
2017-08-22,274.6499938964844
2017-08-23,270.79998779296875
2017-08-24,271.95001220703125
2017-08-28,270.1499938964844
2017-08-29,270.29998779296875
2017-08-30,270.8500061035156
2017-08-31,272.1000061035156
2017-09-01,271.29998779296875
2017-09-04,269.79998779296875
2017-09-05,270.95001220703125
2017-09-06,274.20001220703125
2017-09-07,271.54998779296875
2017-09-08,269.79998779296875
2017-09-11,264.20001220703125
2017-09-12,264.3999938964844
2017-09-13,261.1499938964844
2017-09-14,262.29998779296875
2017-09-15,269.70001220703125
2017-09-18,265.1000061035156
2017-09-19,263.95001220703125
2017-09-20,267.45001220703125
2017-09-21,270.6499938964844
2017-09-22,271.8999938964844
2017-09-25,271.1499938964844
2017-09-26,269.8999938964844
2017-09-27,267.8500061035156
2017-09-28,272.1499938964844
2017-09-29,276.1000061035156
2017-10-03,278.6499938964844
2017-10-04,273.20001220703125
2017-10-05,274.3500061035156
2017-10-06,273.75
2017-10-09,268.04998779296875
2017-10-10,266.04998779296875
2017-10-11,266.04998779296875
2017-10-12,265.1499938964844
2017-10-13,265.0
2017-10-16,265.20001220703125
2017-10-17,267.70001220703125
2017-10-18,271.1000061035156
2017-10-19,269.95001220703125
2017-10-23,270.3999938964844
2017-10-24,269.54998779296875
2017-10-25,269.0
2017-10-26,269.25
2017-10-27,270.75
2017-10-30,267.95001220703125
2017-10-31,282.20001220703125
2017-11-01,277.70001220703125
2017-11-02,276.45001220703125
2017-11-03,276.95001220703125
2017-11-06,282.04998779296875
2017-11-07,282.54998779296875
2017-11-08,282.20001220703125
2017-11-09,281.8500061035156
2017-11-10,281.1000061035156
2017-11-13,281.54998779296875
2017-11-14,281.1499938964844
2017-11-15,282.1000061035156
2017-11-16,284.20001220703125
2017-11-17,287.1499938964844
2017-11-20,286.1499938964844
2017-11-21,290.6499938964844
2017-11-22,291.45001220703125
2017-11-23,298.3999938964844
2017-11-24,296.5
2017-11-27,297.1000061035156
2017-11-28,286.70001220703125
2017-11-29,282.8500061035156
2017-11-30,293.54998779296875
2017-12-01,294.6000061035156
2017-12-04,295.54998779296875
2017-12-05,291.04998779296875
2017-12-06,289.8999938964844
2017-12-07,287.3999938964844
2017-12-08,287.6000061035156
2017-12-11,284.5
2017-12-12,277.8999938964844
2017-12-13,275.6000061035156
2017-12-14,272.1000061035156
2017-12-15,279.70001220703125
2017-12-18,284.95001220703125
2017-12-19,280.8500061035156
2017-12-20,285.1499938964844
2017-12-21,285.1000061035156
2017-12-22,293.1499938964844
2017-12-26,282.70001220703125
2017-12-27,274.0
2017-12-28,279.95001220703125
2017-12-29,279.79998779296875
2018-01-01,275.8500061035156
2018-01-02,279.8999938964844
2018-01-03,279.8999938964844
2018-01-04,296.29998779296875
2018-01-05,295.54998779296875
2018-01-08,294.25
2018-01-09,294.3500061035156
2018-01-10,294.8999938964844
2018-01-11,293.54998779296875
2018-01-12,295.8500061035156
2018-01-15,292.70001220703125
2018-01-16,282.25
2018-01-17,288.6499938964844
2018-01-18,278.3500061035156
2018-01-19,299.6000061035156
2018-01-22,300.8999938964844
2018-01-23,308.1000061035156
2018-01-24,299.3999938964844
2018-01-25,297.0
2018-01-29,295.25
2018-01-30,315.3500061035156
2018-01-31,322.54998779296875
2018-02-01,338.1000061035156
2018-02-02,328.3500061035156
2018-02-05,335.5
2018-02-06,319.75
2018-02-07,325.0
2018-02-08,318.6499938964844
2018-02-09,318.0
2018-02-12,317.5
2018-02-14,317.5
2018-02-15,330.20001220703125
2018-02-16,322.45001220703125
2018-02-19,323.6000061035156
2018-02-20,318.1000061035156
2018-02-21,317.95001220703125
2018-02-22,303.1499938964844
2018-02-23,302.6499938964844
2018-02-26,307.45001220703125
2018-02-27,301.1499938964844
2018-02-28,304.3999938964844
2018-03-01,309.20001220703125
2018-03-05,302.70001220703125
2018-03-06,300.95001220703125
2018-03-07,296.95001220703125
2018-03-08,297.0
2018-03-09,295.3500061035156
2018-03-12,300.5
2018-03-13,297.54998779296875
2018-03-14,305.3500061035156
2018-03-15,304.6499938964844
2018-03-16,301.8999938964844
2018-03-19,300.04998779296875
2018-03-20,304.8999938964844
2018-03-21,299.1499938964844
2018-03-22,291.3500061035156
2018-03-23,288.3500061035156
2018-03-26,286.04998779296875
2018-03-27,290.29998779296875
2018-03-28,289.1499938964844
2018-04-02,303.20001220703125
2018-04-03,301.8500061035156
2018-04-04,303.1000061035156
2018-04-05,304.54998779296875
2018-04-06,300.1000061035156
2018-04-09,310.04998779296875
2018-04-10,309.54998779296875
2018-04-11,311.3999938964844
2018-04-12,310.3999938964844
2018-04-13,308.70001220703125
2018-04-16,309.04998779296875
2018-04-17,307.8500061035156
2018-04-18,310.29998779296875
2018-04-19,308.8999938964844
2018-04-20,310.0
2018-04-23,312.5
2018-04-24,301.6499938964844
2018-04-25,300.6000061035156
2018-04-26,304.8500061035156
2018-04-27,300.8999938964844
2018-04-30,300.6000061035156
2018-05-02,317.3999938964844
2018-05-03,305.3500061035156
2018-05-04,307.5
2018-05-07,320.45001220703125
2018-05-08,308.1000061035156
2018-05-09,310.70001220703125
2018-05-10,309.6499938964844
2018-05-11,305.1499938964844
2018-05-14,300.04998779296875
2018-05-15,307.20001220703125
2018-05-16,302.70001220703125
2018-05-17,307.3999938964844
2018-05-18,309.79998779296875
2018-05-21,305.8999938964844
2018-05-22,309.3999938964844
2018-05-23,302.79998779296875
2018-05-24,304.25
2018-05-25,290.1499938964844
2018-05-28,283.95001220703125
2018-05-29,287.8999938964844
2018-05-30,291.25
2018-05-31,284.5
2018-06-01,282.1000061035156
2018-06-04,276.8500061035156
2018-06-05,273.79998779296875
2018-06-06,289.6499938964844
2018-06-07,286.0
2018-06-08,285.79998779296875
2018-06-11,288.1499938964844
2018-06-12,284.20001220703125
2018-06-13,288.1000061035156
2018-06-14,289.6499938964844
2018-06-15,284.6000061035156
2018-06-18,281.54998779296875
2018-06-19,284.75
2018-06-20,285.25
2018-06-21,287.3999938964844
2018-06-22,285.5
2018-06-25,284.45001220703125
2018-06-26,286.25
2018-06-27,286.45001220703125
2018-06-28,285.1000061035156
2018-06-29,288.45001220703125
2018-07-02,291.8999938964844
2018-07-03,290.0
2018-07-04,288.54998779296875
2018-07-05,284.3999938964844
2018-07-06,282.0
2018-07-09,286.79998779296875
2018-07-10,284.95001220703125
2018-07-11,288.79998779296875
2018-07-12,287.8500061035156
2018-07-13,285.1000061035156
2018-07-16,282.8500061035156
2018-07-17,287.25
2018-07-18,280.54998779296875
2018-07-19,282.95001220703125
2018-07-20,277.0
2018-07-23,284.04998779296875
2018-07-24,281.8500061035156
2018-07-25,280.04998779296875
2018-07-26,275.1499938964844
2018-07-27,271.8999938964844
2018-07-30,275.0
2018-07-31,279.70001220703125
2018-08-01,276.5
2018-08-02,274.04998779296875
2018-08-03,275.1499938964844
2018-08-06,285.75
2018-08-07,277.70001220703125
2018-08-08,274.79998779296875
2018-08-09,273.0
2018-08-10,259.29998779296875
2018-08-13,248.0
2018-08-14,245.5500030517578
2018-08-16,247.9499969482422
2018-08-17,250.3000030517578
2018-08-20,247.89999389648438
2018-08-21,245.4499969482422
2018-08-23,247.6999969482422
2018-08-24,242.8000030517578
2018-08-27,273.75
2018-08-28,271.79998779296875
2018-08-29,266.25
2018-08-30,256.8500061035156
2018-08-31,255.75
2018-09-03,255.3000030517578
2018-09-04,255.5500030517578
2018-09-05,253.10000610351562
2018-09-06,258.0
2018-09-07,253.14999389648438
2018-09-10,251.64999389648438
2018-09-11,243.64999389648438
2018-09-12,240.89999389648438
2018-09-14,244.4499969482422
2018-09-17,248.10000610351562
2018-09-18,246.9499969482422
2018-09-19,244.3000030517578
2018-09-21,235.14999389648438
2018-09-24,231.6999969482422
2018-09-25,223.8000030517578
2018-09-26,223.4499969482422
2018-09-27,220.25
2018-09-28,214.64999389648438
2018-10-01,200.64999389648438
2018-10-03,213.6999969482422
2018-10-04,214.9499969482422
2018-10-05,212.5
2018-10-08,211.14999389648438
2018-10-09,210.25
2018-10-10,214.9499969482422
2018-10-11,215.5
2018-10-12,218.14999389648438
2018-10-15,219.1999969482422
2018-10-16,220.10000610351562
2018-10-17,227.25
2018-10-19,226.35000610351562
2018-10-22,227.35000610351562
2018-10-23,230.35000610351562
2018-10-24,230.85000610351562
2018-10-25,229.25
2018-10-26,229.39999389648438
2018-10-29,229.10000610351562
2018-10-30,225.0500030517578
2018-10-31,228.5
2018-11-01,231.5500030517578
2018-11-02,230.60000610351562
2018-11-05,227.75
2018-11-06,228.60000610351562
2018-11-07,232.89999389648438
2018-11-09,228.14999389648438
2018-11-12,230.0
2018-11-13,231.89999389648438
2018-11-14,231.4499969482422
2018-11-15,221.10000610351562
2018-11-16,226.5
2018-11-19,226.14999389648438
2018-11-20,224.14999389648438
2018-11-21,221.1999969482422
2018-11-22,224.75
2018-11-26,235.75
2018-11-27,236.5500030517578
2018-11-28,233.0
2018-11-29,223.0500030517578
2018-11-30,222.1999969482422
2018-12-03,221.64999389648438
2018-12-04,215.60000610351562
2018-12-05,199.85000610351562
2018-12-06,198.25
2018-12-07,200.64999389648438
2018-12-10,195.10000610351562
2018-12-11,195.14999389648438
2018-12-12,195.5
2018-12-13,194.75
2018-12-14,194.1999969482422
2018-12-17,195.3000030517578
2018-12-18,198.0500030517578
2018-12-19,202.0500030517578
2018-12-20,202.25
2018-12-21,195.0
2018-12-24,195.14999389648438
2018-12-26,195.60000610351562
2018-12-27,194.25
2018-12-28,197.64999389648438
2018-12-31,195.5500030517578
2019-01-01,194.3000030517578
2019-01-02,194.0500030517578
2019-01-03,192.60000610351562
2019-01-04,187.5
2019-01-07,183.10000610351562
2019-01-08,190.5500030517578
2019-01-09,189.0
2019-01-10,194.6999969482422
2019-01-11,194.89999389648438
2019-01-14,196.89999389648438
2019-01-15,200.60000610351562
2019-01-16,200.4499969482422
2019-01-17,200.64999389648438
2019-01-18,200.3000030517578
2019-01-21,198.89999389648438
2019-01-22,195.0500030517578
2019-01-23,195.0
2019-01-24,195.10000610351562
2019-01-25,198.0500030517578
2019-01-28,195.10000610351562
2019-01-29,195.0
2019-01-30,197.14999389648438
2019-01-31,199.5500030517578
2019-02-01,199.0500030517578
2019-02-04,194.89999389648438
2019-02-05,189.0500030517578
2019-02-06,189.14999389648438
2019-02-07,183.75
2019-02-08,187.75
2019-02-11,189.0500030517578
2019-02-12,186.3000030517578
2019-02-14,187.3000030517578
2019-02-15,194.4499969482422
2019-02-18,195.8000030517578
2019-02-19,196.9499969482422
2019-02-20,201.35000610351562
2019-02-21,196.5
2019-02-22,198.1999969482422
2019-02-25,199.60000610351562
2019-02-26,200.75
2019-02-27,198.89999389648438
2019-02-28,195.39999389648438
2019-03-01,192.4499969482422
2019-03-05,195.5500030517578
2019-03-06,209.39999389648438
2019-03-07,209.85000610351562
2019-03-08,207.3000030517578
2019-03-11,203.3000030517578
2019-03-12,201.4499969482422
2019-03-13,198.6999969482422
2019-03-14,200.25
2019-03-15,193.35000610351562
2019-03-18,196.1999969482422
2019-03-19,198.6999969482422
2019-03-20,200.35000610351562
2019-03-22,199.10000610351562
2019-03-25,195.64999389648438
2019-03-26,195.5
2019-03-27,186.25
2019-03-28,196.0
2019-04-01,207.39999389648438
2019-04-02,204.85000610351562
2019-04-03,201.0500030517578
2019-04-04,199.64999389648438
2019-04-05,211.64999389648438
2019-04-08,204.8000030517578
2019-04-09,202.14999389648438
2019-04-10,202.5
2019-04-11,203.25
2019-04-12,204.5
2019-04-15,203.60000610351562
2019-04-16,205.14999389648438
2019-04-18,202.4499969482422
2019-04-22,201.10000610351562
2019-04-23,199.75
2019-04-24,202.0
2019-04-25,203.85000610351562
2019-04-26,202.9499969482422
2019-04-30,197.1999969482422
2019-05-02,201.39999389648438
2019-05-03,200.39999389648438
2019-05-06,198.14999389648438
2019-05-07,196.9499969482422
2019-05-08,193.75
2019-05-09,195.64999389648438
2019-05-10,192.0500030517578
2019-05-13,193.0
2019-05-14,197.5500030517578
2019-05-15,193.64999389648438
2019-05-16,191.6999969482422
2019-05-17,194.85000610351562
2019-05-20,194.10000610351562
2019-05-21,193.35000610351562
2019-05-22,197.39999389648438
2019-05-23,196.4499969482422
2019-05-24,202.10000610351562
2019-05-27,199.85000610351562
2019-05-28,197.25
2019-05-29,196.5
2019-05-30,193.75
2019-05-31,189.0500030517578
2019-06-03,189.25
2019-06-04,187.5
2019-06-06,187.9499969482422
2019-06-07,188.5
2019-06-10,185.10000610351562
2019-06-11,178.3000030517578
2019-06-12,176.6999969482422
2019-06-13,170.0
2019-06-14,168.60000610351562
2019-06-17,166.9499969482422
2019-06-18,169.9499969482422
2019-06-19,162.5
2019-06-20,166.4499969482422
2019-06-21,162.5
2019-06-24,169.35000610351562
2019-06-25,167.1999969482422
2019-06-26,164.35000610351562
2019-06-27,159.60000610351562
2019-06-28,156.85000610351562
2019-07-01,156.14999389648438
2019-07-02,148.39999389648438
2019-07-03,147.1999969482422
2019-07-04,147.5500030517578
2019-07-05,144.5
2019-07-08,140.6999969482422
2019-07-09,138.9499969482422
2019-07-10,133.60000610351562
2019-07-11,130.39999389648438
2019-07-12,130.25
2019-07-15,131.14999389648438
2019-07-16,129.3000030517578
2019-07-17,133.10000610351562
2019-07-18,127.94999694824219
2019-07-19,126.6500015258789
2019-07-22,121.55000305175781
2019-07-23,118.69999694824219
2019-07-24,122.69999694824219
2019-07-25,118.9000015258789
2019-07-26,116.4000015258789
2019-07-29,114.6500015258789
2019-07-30,101.19999694824219
2019-07-31,115.25
2019-08-01,101.44999694824219
2019-08-02,102.1500015258789
2019-08-05,107.0999984741211
2019-08-06,100.80000305175781
2019-08-07,102.3499984741211
2019-08-08,106.05000305175781
2019-08-09,108.55000305175781
2019-08-13,123.44999694824219
2019-08-14,132.5
2019-08-16,122.1500015258789
2019-08-19,119.8499984741211
2019-08-20,115.5
2019-08-21,106.5999984741211
2019-08-22,102.55000305175781
2019-08-23,104.9000015258789
2019-08-26,103.80000305175781
2019-08-27,104.05000305175781
2019-08-28,101.4000015258789
2019-08-29,100.19999694824219
2019-08-30,103.6500015258789
2019-09-03,102.55000305175781
2019-09-04,97.9000015258789
2019-09-05,101.5999984741211
2019-09-06,100.0
2019-09-09,99.8499984741211
2019-09-11,106.5999984741211
2019-09-12,113.75
2019-09-13,114.80000305175781
2019-09-16,119.1500015258789
2019-09-17,113.3499984741211
2019-09-18,107.5999984741211
2019-09-19,107.8499984741211
2019-09-20,113.5999984741211
2019-09-23,108.1500015258789
2019-09-24,113.0999984741211
2019-09-25,110.0
2019-09-26,112.4000015258789
2019-09-27,110.4000015258789
2019-09-30,111.0999984741211
2019-10-01,106.5
2019-10-03,106.0
2019-10-04,106.30000305175781
2019-10-07,104.19999694824219
2019-10-09,105.0
2019-10-10,104.1500015258789
2019-10-11,105.94999694824219
2019-10-14,106.0999984741211
2019-10-15,106.0
2019-10-16,105.6500015258789
2019-10-17,105.25
2019-10-18,108.75
2019-10-22,109.75
2019-10-23,108.75
2019-10-24,107.05000305175781
2019-10-25,106.9000015258789
2019-10-27,109.44999694824219
2019-10-29,110.05000305175781
2019-10-30,116.30000305175781
2019-10-31,118.80000305175781
2019-11-01,117.0
2019-11-04,113.30000305175781
2019-11-05,114.19999694824219
2019-11-06,113.69999694824219
2019-11-07,114.9000015258789
2019-11-08,114.05000305175781
2019-11-11,113.94999694824219
2019-11-13,113.25
2019-11-14,111.0
2019-11-15,113.0999984741211
2019-11-18,113.0
2019-11-19,115.0
2019-11-20,111.3499984741211
2019-11-21,110.4000015258789
2019-11-22,111.9000015258789
2019-11-25,109.05000305175781
2019-11-26,108.5
2019-11-27,107.80000305175781
2019-11-28,106.55000305175781
2019-11-29,106.4000015258789
2019-12-02,101.0999984741211
2019-12-03,101.0999984741211
2019-12-04,100.0
2019-12-05,101.1500015258789
2019-12-06,100.0999984741211
2019-12-09,97.6500015258789
2019-12-10,96.0
2019-12-11,92.4000015258789
2019-12-12,92.0
2019-12-13,92.6500015258789
2019-12-16,92.94999694824219
2019-12-17,100.75
2019-12-18,99.6500015258789
2019-12-19,98.4000015258789
2019-12-20,99.80000305175781
2019-12-23,100.69999694824219
2019-12-24,103.94999694824219
2019-12-26,103.5999984741211
2019-12-27,102.75
2019-12-30,104.4000015258789
2019-12-31,104.4000015258789
2020-01-01,104.25
2020-01-02,107.94999694824219
2020-01-03,106.80000305175781
2020-01-06,105.44999694824219
2020-01-07,103.30000305175781
2020-01-08,104.0999984741211
2020-01-09,104.5
2020-01-10,105.3499984741211
2020-01-13,106.19999694824219
2020-01-14,106.19999694824219
2020-01-15,107.3499984741211
2020-01-16,107.5
2020-01-17,107.80000305175781
2020-01-20,113.8499984741211
2020-01-21,116.94999694824219
2020-01-22,117.25
2020-01-23,114.1500015258789
2020-01-24,115.80000305175781
2020-01-27,116.6500015258789
2020-01-28,115.75
2020-01-29,116.05000305175781
2020-01-30,115.25
2020-01-31,115.80000305175781
2020-02-03,117.55000305175781
2020-02-04,115.05000305175781
2020-02-05,119.0
2020-02-06,117.5
2020-02-07,118.25
2020-02-10,118.5999984741211
2020-02-11,119.5
2020-02-12,119.5
2020-02-13,119.5
2020-02-14,117.44999694824219
2020-02-17,115.05000305175781
2020-02-18,113.94999694824219
2020-02-19,110.5999984741211
2020-02-20,107.8499984741211
2020-02-24,107.8499984741211
2020-02-25,112.44999694824219
2020-02-26,112.05000305175781
2020-02-27,112.0
2020-02-28,111.0999984741211
2020-03-02,110.5999984741211
2020-03-03,114.9000015258789
2020-03-04,112.05000305175781
2020-03-05,112.4000015258789
2020-03-06,112.19999694824219
2020-03-09,106.94999694824219
2020-03-11,106.19999694824219
2020-03-12,92.44999694824219
2020-03-13,97.8499984741211
2020-03-16,96.5
2020-03-17,93.8499984741211
2020-03-18,91.5999984741211
2020-03-19,87.4000015258789
2020-03-20,85.30000305175781
2020-03-23,71.55000305175781
2020-03-24,72.1500015258789
2020-03-25,76.05000305175781
2020-03-26,74.6500015258789
2020-03-27,76.0
2020-03-30,75.19999694824219
2020-03-31,74.0999984741211
2020-04-01,73.55000305175781
2020-04-03,74.0
2020-04-07,74.44999694824219
2020-04-08,70.25
2020-04-09,69.5
2020-04-13,66.25
2020-04-15,69.75
2020-04-16,67.55000305175781
2020-04-17,69.44999694824219
2020-04-20,69.5999984741211
2020-04-21,69.0
2020-04-22,71.5
2020-04-23,71.9000015258789
2020-04-24,70.9000015258789
2020-04-27,70.4000015258789
2020-04-28,71.0
2020-04-29,75.19999694824219
2020-04-30,70.05000305175781
2020-05-04,77.69999694824219
2020-05-05,88.69999694824219
2020-05-06,93.9000015258789
2020-05-07,95.4000015258789
2020-05-08,87.94999694824219
2020-05-11,87.30000305175781
2020-05-12,85.4000015258789
2020-05-13,86.3499984741211
2020-05-14,88.8499984741211
2020-05-15,94.25
2020-05-18,104.75
2020-05-19,103.9000015258789
2020-05-20,102.25
2020-05-21,100.30000305175781
2020-05-22,101.4000015258789
2020-05-26,99.5
2020-05-27,99.69999694824219
2020-05-28,100.0
2020-05-29,100.44999694824219
2020-06-01,111.75
2020-06-02,116.6500015258789
2020-06-03,114.0
2020-06-04,119.4000015258789
2020-06-05,120.75
2020-06-08,119.75
2020-06-09,119.5
2020-06-10,121.19999694824219
2020-06-11,120.0999984741211
2020-06-12,120.75
2020-06-15,121.5
2020-06-16,121.0
2020-06-17,121.55000305175781
2020-06-18,121.5999984741211
2020-06-19,121.9000015258789
2020-06-22,122.44999694824219
2020-06-23,121.8499984741211
2020-06-24,121.69999694824219
2020-06-25,123.25
2020-06-26,122.0
2020-06-29,122.44999694824219
2020-06-30,122.80000305175781
2020-07-01,122.05000305175781
2020-07-02,121.6500015258789
2020-07-03,121.5
2020-07-06,122.4000015258789
2020-07-07,121.0
2020-07-08,121.19999694824219
2020-07-09,121.80000305175781
2020-07-10,121.25
2020-07-13,121.4000015258789
2020-07-14,121.5
2020-07-15,121.8499984741211
2020-07-16,122.6500015258789
2020-07-17,123.5999984741211
2020-07-20,125.69999694824219
2020-07-21,124.44999694824219
2020-07-22,124.5
2020-07-23,124.75
2020-07-24,124.6500015258789
2020-07-27,124.6500015258789
2020-07-28,126.5
2020-07-29,126.0
2020-07-30,125.05000305175781
2020-07-31,126.05000305175781
2020-08-03,126.9000015258789
2020-08-04,128.10000610351562
2020-08-05,128.3000030517578
2020-08-06,128.10000610351562
2020-08-07,128.5500030517578
2020-08-10,129.1999969482422
2020-08-11,130.0
2020-08-12,128.60000610351562
2020-08-13,129.0500030517578
2020-08-14,128.39999389648438
2020-08-17,128.64999389648438
2020-08-18,128.75
2020-08-19,129.35000610351562
2020-08-20,129.8000030517578
2020-08-21,128.8000030517578
2020-08-24,129.3000030517578
2020-08-25,129.0500030517578
2020-08-26,129.3000030517578
2020-08-27,128.64999389648438
2020-08-28,128.64999389648438
2020-08-31,121.3499984741211
2020-09-01,118.30000305175781
2020-09-02,118.6500015258789
2020-09-03,119.5999984741211
2020-09-04,119.44999694824219
2020-09-07,121.3499984741211
2020-09-08,120.0
2020-09-09,116.4000015258789
2020-09-10,120.25
2020-09-11,118.4000015258789
2020-09-14,118.25
2020-09-15,120.8499984741211
2020-09-16,121.05000305175781
2020-09-17,122.05000305175781
2020-09-18,121.9000015258789
2020-09-21,122.30000305175781
2020-09-22,120.3499984741211
2020-09-23,119.69999694824219
2020-09-24,118.8499984741211
2020-09-25,118.0
2020-09-28,116.9000015258789
2020-09-29,118.19999694824219
2020-09-30,120.1500015258789
2020-10-01,120.30000305175781
2020-10-05,120.8499984741211
2020-10-06,120.4000015258789
2020-10-07,122.3499984741211
2020-10-08,121.19999694824219
2020-10-09,120.69999694824219
2020-10-12,119.5
2020-10-13,124.30000305175781
2020-10-14,125.55000305175781
2020-10-15,121.25
2020-10-16,121.8499984741211
2020-10-19,122.9000015258789
2020-10-20,120.4000015258789
2020-10-21,120.25
2020-10-22,120.25
2020-10-23,120.8499984741211
2020-10-26,125.55000305175781
2020-10-27,124.0999984741211
2020-10-28,121.1500015258789
2020-10-29,120.5
2020-10-30,120.0999984741211
2020-11-02,120.05000305175781
2020-11-03,120.5
2020-11-04,120.55000305175781
2020-11-05,120.9000015258789
2020-11-06,121.05000305175781
2020-11-09,120.55000305175781
2020-11-10,120.69999694824219
2020-11-11,120.1500015258789
2020-11-12,119.6500015258789
2020-11-13,119.80000305175781
2020-11-14,123.6500015258789
2020-11-17,121.94999694824219
2020-11-18,123.4000015258789
2020-11-19,126.44999694824219
2020-11-20,130.25
2020-11-23,140.25
2020-11-24,143.75
2020-11-25,143.75
2020-11-26,148.85000610351562
2020-11-27,147.9499969482422
2020-12-01,149.0
2020-12-02,150.14999389648438
2020-12-03,152.0
2020-12-04,146.75
2020-12-07,149.39999389648438
2020-12-08,146.39999389648438
2020-12-09,155.1999969482422
2020-12-10,158.35000610351562
2020-12-11,159.10000610351562
2020-12-14,171.1999969482422
2020-12-15,168.5500030517578
2020-12-16,171.9499969482422
2020-12-17,169.39999389648438
2020-12-18,165.64999389648438
2020-12-21,159.3000030517578
2020-12-22,159.35000610351562
2020-12-23,165.35000610351562
2020-12-24,164.64999389648438
2020-12-28,165.64999389648438
2020-12-29,163.4499969482422
2020-12-30,162.25
2020-12-31,162.75
2021-01-01,164.25
2021-01-04,163.39999389648438
2021-01-05,161.60000610351562
2021-01-06,160.5
2021-01-07,159.3000030517578
2021-01-08,158.5
2021-01-11,158.9499969482422
2021-01-12,156.10000610351562
2021-01-13,155.1999969482422
2021-01-14,161.5
2021-01-15,159.75
2021-01-18,155.75
2021-01-19,156.25
2021-01-20,156.3000030517578
2021-01-21,159.85000610351562
2021-01-22,155.35000610351562
2021-01-25,158.9499969482422
2021-01-27,161.5
2021-01-28,154.10000610351562
2021-01-29,152.14999389648438
2021-02-01,152.6999969482422
2021-02-02,150.9499969482422
2021-02-03,151.25
2021-02-04,155.75
2021-02-05,156.6999969482422
2021-02-08,155.64999389648438
2021-02-09,153.39999389648438
2021-02-10,153.14999389648438
2021-02-11,151.6999969482422
2021-02-12,150.39999389648438
2021-02-15,151.9499969482422
2021-02-16,158.9499969482422
2021-02-17,166.3000030517578
2021-02-18,167.75
2021-02-19,168.10000610351562
2021-02-22,169.0500030517578
2021-02-23,169.35000610351562
2021-02-24,170.6999969482422
2021-02-25,170.14999389648438
2021-02-26,168.8000030517578
2021-03-01,167.9499969482422
2021-03-02,169.5500030517578
2021-03-03,169.14999389648438
2021-03-04,169.1999969482422
2021-03-05,169.6999969482422
2021-03-08,178.39999389648438
2021-03-09,172.8000030517578
2021-03-10,177.89999389648438
2021-03-12,178.0
2021-03-15,172.25
2021-03-16,177.6999969482422
2021-03-17,173.10000610351562
2021-03-18,173.60000610351562
2021-03-19,175.0
2021-03-22,175.35000610351562
2021-03-23,175.8000030517578
2021-03-24,173.0500030517578
2021-03-25,172.75
2021-03-26,185.25
2021-03-30,180.85000610351562
2021-03-31,190.5
2021-04-01,187.0500030517578
2021-04-05,186.89999389648438
2021-04-06,184.35000610351562
2021-04-07,178.8000030517578
2021-04-08,179.0500030517578
2021-04-09,180.60000610351562
2021-04-12,168.39999389648438
2021-04-13,172.1999969482422
2021-04-15,166.35000610351562
2021-04-16,166.3000030517578
2021-04-19,166.14999389648438
2021-04-20,169.5
2021-04-22,182.6999969482422
2021-04-23,184.8000030517578
2021-04-26,184.0
2021-04-27,176.89999389648438
2021-04-28,178.39999389648438
2021-04-29,175.9499969482422
2021-04-30,177.60000610351562
2021-05-03,194.0
2021-05-04,188.6999969482422
2021-05-05,191.8000030517578
2021-05-06,189.5500030517578
2021-05-07,191.60000610351562
2021-05-10,191.64999389648438
2021-05-11,189.8000030517578
2021-05-12,192.1999969482422
2021-05-14,187.64999389648438
2021-05-17,191.6999969482422
2021-05-18,189.5
2021-05-19,189.75
2021-05-20,188.0
2021-05-21,188.64999389648438
2021-05-24,193.14999389648438
2021-05-25,194.35000610351562
2021-05-26,193.64999389648438
2021-05-27,188.89999389648438
2021-05-28,187.14999389648438
2021-05-31,182.8000030517578
2021-06-01,181.75
2021-06-02,183.60000610351562
2021-06-03,182.14999389648438
2021-06-04,186.14999389648438
2021-06-07,185.10000610351562
2021-06-08,185.3000030517578
2021-06-09,184.39999389648438
2021-06-10,186.75
2021-06-11,197.64999389648438
2021-06-14,210.10000610351562
2021-06-15,215.8000030517578
2021-06-16,208.5500030517578
2021-06-17,202.14999389648438
2021-06-18,192.60000610351562
2021-06-21,194.75
2021-06-22,201.35000610351562
2021-06-23,205.14999389648438
2021-06-24,206.4499969482422
2021-06-25,219.5
2021-06-28,226.64999389648438
2021-06-29,221.60000610351562
2021-06-30,224.0
2021-07-01,217.5500030517578
2021-07-02,221.5500030517578
2021-07-05,226.0
2021-07-06,226.6999969482422
2021-07-07,228.10000610351562
2021-07-08,223.9499969482422
2021-07-09,239.5
2021-07-12,240.89999389648438
2021-07-13,238.89999389648438
2021-07-14,243.14999389648438
2021-07-15,238.75
2021-07-16,239.10000610351562
2021-07-19,229.89999389648438
2021-07-20,222.0
2021-07-22,224.39999389648438
2021-07-23,222.64999389648438
2021-07-26,224.8000030517578
2021-07-27,219.85000610351562
2021-07-28,230.39999389648438
2021-07-29,244.75
2021-07-30,250.1999969482422
2021-08-02,257.75
2021-08-03,254.75
2021-08-04,250.3000030517578
2021-08-05,244.25
2021-08-06,248.64999389648438
2021-08-09,256.79998779296875
2021-08-10,252.9499969482422
2021-08-11,245.5500030517578
2021-08-12,253.39999389648438
2021-08-13,243.4499969482422
2021-08-16,231.85000610351562
2021-08-17,229.14999389648438
2021-08-18,234.39999389648438
2021-08-20,222.3000030517578
2021-08-23,218.5
2021-08-24,221.64999389648438
2021-08-25,222.35000610351562
2021-08-26,221.4499969482422
2021-08-27,230.14999389648438
2021-08-30,230.35000610351562
2021-08-31,239.5
2021-09-01,233.25
2021-09-02,234.60000610351562
2021-09-03,236.8000030517578
2021-09-06,242.39999389648438
2021-09-07,240.1999969482422
2021-09-08,239.5
2021-09-09,241.6999969482422
2021-09-13,241.0500030517578
2021-09-14,238.5500030517578
2021-09-15,240.5500030517578
2021-09-16,240.89999389648438
2021-09-17,253.5
2021-09-20,253.1999969482422
2021-09-21,243.5
2021-09-22,243.89999389648438
2021-09-23,249.1999969482422
2021-09-24,248.64999389648438
2021-09-27,244.75
2021-09-28,242.0
2021-09-29,238.1999969482422
2021-09-30,247.39999389648438
2021-10-01,245.39999389648438
2021-10-04,250.89999389648438
2021-10-05,247.75
2021-10-06,242.85000610351562
2021-10-07,245.35000610351562
2021-10-08,243.89999389648438
2021-10-11,244.4499969482422
2021-10-12,243.5
2021-10-13,254.9499969482422
2021-10-14,255.9499969482422
2021-10-18,254.60000610351562
2021-10-19,241.5500030517578
2021-10-20,240.3000030517578
2021-10-21,237.9499969482422
2021-10-22,231.39999389648438
2021-10-25,228.9499969482422
2021-10-26,228.5
2021-10-27,229.25
2021-10-28,226.5
2021-10-29,225.60000610351562
2021-11-01,239.9499969482422
2021-11-02,237.89999389648438
2021-11-03,232.6999969482422
2021-11-04,241.39999389648438
2021-11-08,267.8999938964844
2021-11-09,261.8500061035156
2021-11-10,265.04998779296875
2021-11-11,264.3999938964844
2021-11-12,258.75
2021-11-15,258.1499938964844
2021-11-16,253.60000610351562
2021-11-17,255.3000030517578
2021-11-18,251.60000610351562
2021-11-22,250.0
2021-11-23,255.85000610351562
2021-11-24,250.39999389648438
2021-11-25,252.5
2021-11-26,250.4499969482422
2021-11-29,252.9499969482422
2021-11-30,253.0500030517578
2021-12-01,250.1999969482422
2021-12-02,247.9499969482422
2021-12-03,249.4499969482422
2021-12-06,250.4499969482422
2021-12-07,254.5500030517578
2021-12-08,256.3500061035156
2021-12-09,254.9499969482422
2021-12-10,252.89999389648438
2021-12-13,259.45001220703125
2021-12-14,257.3999938964844
2021-12-15,253.75
2021-12-16,251.5500030517578
2021-12-17,241.8000030517578
2021-12-20,234.0500030517578
2021-12-21,231.0500030517578
2021-12-22,231.39999389648438
2021-12-23,232.9499969482422
2021-12-24,228.5500030517578
2021-12-27,226.4499969482422
2021-12-28,230.4499969482422
2021-12-29,233.5
2021-12-30,238.8000030517578
2021-12-31,239.0500030517578
2022-01-03,245.0500030517578
2022-01-04,243.8000030517578
2022-01-05,240.8000030517578
2022-01-06,239.0500030517578
2022-01-07,236.89999389648438
2022-01-10,241.6999969482422
2022-01-11,243.85000610351562
2022-01-12,242.35000610351562
2022-01-13,247.25
2022-01-14,247.75
2022-01-17,253.25
2022-01-18,251.25
2022-01-19,252.9499969482422
2022-01-20,251.39999389648438
2022-01-21,247.5500030517578
2022-01-24,239.0500030517578
2022-01-25,239.3000030517578
2022-01-27,239.6999969482422
2022-01-28,243.9499969482422
2022-01-31,248.0
2022-02-01,247.89999389648438
2022-02-02,248.5
2022-02-03,249.35000610351562
2022-02-04,250.0500030517578
2022-02-07,253.5500030517578
2022-02-08,246.0
2022-02-09,252.25
2022-02-10,249.6999969482422
2022-02-11,242.5
2022-02-14,237.64999389648438
2022-02-15,233.14999389648438
2022-02-16,233.0500030517578
2022-02-17,233.0
2022-02-18,234.9499969482422
2022-02-21,229.60000610351562
2022-02-22,234.39999389648438
2022-02-23,236.35000610351562
2022-02-24,227.39999389648438
2022-02-25,231.25
2022-02-28,228.1999969482422
2022-03-02,225.1999969482422
2022-03-03,237.6999969482422
2022-03-04,246.14999389648438
2022-03-07,245.39999389648438
2022-03-08,249.0500030517578
2022-03-09,249.0500030517578
2022-03-10,248.1999969482422
2022-03-11,259.6499938964844
2022-03-14,271.29998779296875
2022-03-15,268.3999938964844
2022-03-16,255.25
2022-03-17,254.64999389648438
2022-03-21,267.79998779296875
2022-03-22,265.70001220703125
2022-03-23,273.04998779296875
2022-03-24,273.25
2022-03-25,271.5
2022-03-28,267.70001220703125
2022-03-29,270.75
2022-03-30,271.79998779296875
2022-03-31,269.8999938964844
2022-04-01,275.3999938964844
2022-04-04,278.29998779296875
2022-04-05,277.8999938964844
2022-04-06,285.95001220703125
2022-04-07,292.1000061035156
2022-04-08,290.1499938964844
2022-04-11,294.0
2022-04-12,289.8500061035156
2022-04-13,300.3999938964844
2022-04-18,293.20001220703125
2022-04-19,288.54998779296875
2022-04-20,292.3500061035156
2022-04-21,292.3999938964844
2022-04-22,290.20001220703125
2022-04-25,291.29998779296875
2022-04-26,299.75
2022-04-27,292.70001220703125
2022-04-28,287.70001220703125
2022-04-29,281.8500061035156
2022-05-02,289.25
2022-05-04,280.8999938964844
2022-05-05,280.29998779296875
2022-05-06,275.29998779296875
2022-05-09,276.45001220703125
2022-05-10,272.70001220703125
2022-05-11,259.45001220703125
2022-05-12,259.6499938964844
2022-05-13,261.04998779296875
2022-05-16,259.5
2022-05-17,264.70001220703125
2022-05-18,273.1499938964844
2022-05-19,271.1499938964844
2022-05-20,273.0
2022-05-23,277.79998779296875
2022-05-24,278.8999938964844
2022-05-25,273.45001220703125
2022-05-26,275.54998779296875
2022-05-27,276.0
2022-05-30,278.8500061035156
2022-05-31,280.8500061035156
2022-06-01,278.20001220703125
2022-06-02,282.5
2022-06-03,283.5
2022-06-06,285.75
2022-06-07,281.8999938964844
2022-06-08,282.04998779296875
2022-06-09,281.04998779296875
2022-06-10,284.70001220703125
2022-06-13,274.95001220703125
2022-06-14,270.04998779296875
2022-06-15,273.25
2022-06-16,262.75
2022-06-17,265.29998779296875
2022-06-20,269.6000061035156
2022-06-21,271.3500061035156
2022-06-22,282.04998779296875
2022-06-23,289.79998779296875
2022-06-24,296.6499938964844
2022-06-27,295.29998779296875
2022-06-28,294.70001220703125
2022-06-29,281.70001220703125
2022-06-30,278.04998779296875
2022-07-01,277.29998779296875
2022-07-04,271.6499938964844
2022-07-05,273.29998779296875
2022-07-06,274.6499938964844
2022-07-07,276.79998779296875
2022-07-08,276.75
2022-07-11,276.54998779296875
2022-07-12,276.8999938964844
2022-07-13,275.8999938964844
2022-07-14,275.95001220703125
2022-07-15,271.29998779296875
2022-07-18,275.45001220703125
2022-07-19,278.8500061035156
2022-07-20,278.25
2022-07-21,274.1499938964844
2022-07-22,273.20001220703125
2022-07-25,279.29998779296875
2022-07-26,272.45001220703125
2022-07-27,271.1499938964844
2022-07-28,274.1000061035156
2022-07-29,269.5
2022-08-01,266.04998779296875
2022-08-02,273.95001220703125
2022-08-03,273.3500061035156
2022-08-04,270.45001220703125
2022-08-05,272.25
2022-08-08,285.79998779296875
2022-08-10,284.20001220703125
2022-08-11,276.54998779296875
2022-08-12,285.25
2022-08-16,285.25
2022-08-17,283.1499938964844
2022-08-18,283.79998779296875
2022-08-19,283.29998779296875
2022-08-22,275.70001220703125
2022-08-23,274.79998779296875
2022-08-24,275.04998779296875
2022-08-25,271.25
2022-08-26,270.95001220703125
2022-08-29,271.6499938964844
2022-08-30,273.5
2022-09-01,273.29998779296875
2022-09-02,269.0
2022-09-05,274.5
2022-09-06,271.04998779296875
2022-09-07,271.20001220703125
2022-09-08,273.1000061035156
2022-09-09,269.54998779296875
2022-09-12,268.6000061035156
2022-09-13,267.8999938964844
2022-09-14,271.04998779296875
2022-09-15,271.25
2022-09-16,263.6499938964844
2022-09-19,260.6499938964844
2022-09-20,263.79998779296875
2022-09-21,267.70001220703125
2022-09-22,288.20001220703125
2022-09-23,280.29998779296875
2022-09-26,270.3999938964844
2022-09-27,276.45001220703125
2022-09-28,271.45001220703125
2022-09-29,283.3999938964844
2022-09-30,286.1000061035156
2022-10-03,288.04998779296875
2022-10-04,289.54998779296875
2022-10-06,300.1000061035156
2022-10-07,302.8500061035156
2022-10-10,297.54998779296875
2022-10-11,298.25
2022-10-12,293.25
2022-10-13,295.8999938964844
2022-10-14,297.79998779296875
2022-10-17,295.75
2022-10-18,297.1000061035156
2022-10-19,295.5
2022-10-20,295.79998779296875
2022-10-21,287.95001220703125
2022-10-24,292.6000061035156
2022-10-25,284.1499938964844
2022-10-27,281.3500061035156
2022-10-28,286.25
2022-10-31,288.25
2022-11-01,283.54998779296875
2022-11-02,291.1000061035156
2022-11-03,299.1499938964844
2022-11-04,300.04998779296875
2022-11-07,297.75
2022-11-09,298.6000061035156
2022-11-10,298.8500061035156
2022-11-11,290.95001220703125
2022-11-14,294.6000061035156
2022-11-15,303.8999938964844
2022-11-16,300.04998779296875
2022-11-17,310.45001220703125
2022-11-18,314.5
2022-11-21,313.75
2022-11-22,306.6000061035156
2022-11-23,310.75
2022-11-24,303.54998779296875
2022-11-25,306.79998779296875
2022-11-28,305.6000061035156
2022-11-29,301.54998779296875
2022-11-30,295.8500061035156
2022-12-01,303.1000061035156
2022-12-02,304.8999938964844
2022-12-05,305.8500061035156
2022-12-06,305.04998779296875
2022-12-07,296.8500061035156
2022-12-08,292.6499938964844
2022-12-09,295.75
2022-12-12,287.0
2022-12-13,289.29998779296875
2022-12-14,289.8500061035156
2022-12-15,294.20001220703125
2022-12-16,290.79998779296875
2022-12-19,298.45001220703125
2022-12-20,299.20001220703125
2022-12-21,296.79998779296875
2022-12-22,292.3999938964844
2022-12-23,288.1000061035156
2022-12-26,289.6499938964844
2022-12-27,286.79998779296875
2022-12-28,286.75
2022-12-29,284.8999938964844
2022-12-30,287.45001220703125
2023-01-02,284.3999938964844
2023-01-03,284.1499938964844
2023-01-04,284.1499938964844
2023-01-05,286.3500061035156
2023-01-06,285.0
2023-01-09,286.1499938964844
2023-01-10,285.1499938964844
2023-01-11,287.8500061035156
2023-01-12,286.1499938964844
2023-01-13,286.29998779296875
2023-01-16,285.3500061035156
2023-01-17,283.0
2023-01-18,293.45001220703125
2023-01-19,288.29998779296875
2023-01-20,285.29998779296875
2023-01-23,289.25
2023-01-24,292.1000061035156
2023-01-25,286.70001220703125
2023-01-27,283.6000061035156
2023-01-30,278.6000061035156
2023-01-31,283.95001220703125
2023-02-01,282.04998779296875
2023-02-02,285.1000061035156
2023-02-03,283.1000061035156
2023-02-06,283.29998779296875
2023-02-07,282.6000061035156
2023-02-08,281.79998779296875
2023-02-09,287.45001220703125
2023-02-10,282.3500061035156
2023-02-13,274.8999938964844
2023-02-14,279.3500061035156
2023-02-15,277.3999938964844
2023-02-16,279.5
2023-02-17,279.6499938964844
2023-02-20,276.45001220703125
2023-02-21,272.6499938964844
2023-02-22,279.70001220703125
2023-02-23,279.95001220703125
2023-02-24,278.8999938964844
2023-02-27,279.3999938964844
2023-02-28,279.29998779296875
2023-03-01,274.79998779296875
2023-03-02,274.95001220703125
2023-03-03,275.8500061035156
2023-03-06,278.25
2023-03-08,280.5
2023-03-09,278.1499938964844
2023-03-10,278.1000061035156
2023-03-13,271.6499938964844
2023-03-14,266.6000061035156
2023-03-15,266.25
2023-03-16,265.70001220703125
2023-03-17,266.1000061035156
2023-03-20,259.6000061035156
2023-03-21,261.8500061035156
2023-03-22,266.29998779296875
2023-03-23,261.6499938964844
2023-03-24,263.6000061035156
2023-03-27,258.1000061035156
2023-03-28,261.25
2023-03-29,269.5
2023-03-31,262.45001220703125
2023-04-03,273.20001220703125
2023-04-05,270.8999938964844
2023-04-06,271.6000061035156
2023-04-10,275.1000061035156
2023-04-11,271.04998779296875
2023-04-12,265.04998779296875
2023-04-13,268.8500061035156
2023-04-17,265.79998779296875
2023-04-18,266.95001220703125
2023-04-19,263.70001220703125
2023-04-20,262.45001220703125
2023-04-21,267.29998779296875
2023-04-24,260.70001220703125
2023-04-25,263.1000061035156
2023-04-26,266.8999938964844
2023-04-27,270.0
2023-04-28,270.0
2023-05-02,270.20001220703125
2023-05-03,268.75
2023-05-04,272.54998779296875
2023-05-05,267.04998779296875
2023-05-08,270.45001220703125
2023-05-09,271.70001220703125
2023-05-10,275.04998779296875
2023-05-11,276.1499938964844
2023-05-12,276.1000061035156
2023-05-15,289.54998779296875
2023-05-16,300.20001220703125
2023-05-17,309.8500061035156
2023-05-18,310.6000061035156
2023-05-19,311.70001220703125
2023-05-22,313.29998779296875
2023-05-23,314.1499938964844
2023-05-24,312.6499938964844
2023-05-25,304.0
2023-05-26,293.75
2023-05-29,304.5
2023-05-30,308.1499938964844
2023-05-31,315.3999938964844
2023-06-01,320.3999938964844
2023-06-02,317.70001220703125
2023-06-05,320.5
2023-06-06,316.29998779296875
2023-06-07,318.8999938964844
2023-06-08,316.1499938964844
2023-06-09,316.8500061035156
2023-06-12,314.95001220703125
2023-06-13,311.04998779296875
2023-06-14,316.20001220703125
2023-06-15,313.70001220703125
2023-06-16,317.1000061035156
2023-06-19,315.04998779296875
2023-06-20,317.25
2023-06-21,317.20001220703125
2023-06-22,320.3999938964844
2023-06-23,319.95001220703125
2023-06-26,318.6499938964844
2023-06-27,318.0
2023-06-28,314.79998779296875
2023-06-30,318.45001220703125
2023-07-03,317.1000061035156
2023-07-04,320.1000061035156
2023-07-05,320.3999938964844
2023-07-06,326.04998779296875
2023-07-07,327.75
2023-07-10,324.5
2023-07-11,320.04998779296875
2023-07-12,322.1499938964844
2023-07-13,322.8999938964844
2023-07-14,323.1499938964844
2023-07-17,324.75
2023-07-18,322.04998779296875
2023-07-19,320.25
2023-07-20,320.20001220703125
2023-07-21,320.20001220703125
2023-07-24,321.1000061035156
2023-07-25,320.5
2023-07-26,319.95001220703125
2023-07-27,321.0
2023-07-28,325.0
2023-07-31,323.70001220703125
2023-08-01,344.6000061035156
2023-08-02,335.79998779296875
2023-08-03,341.70001220703125
2023-08-04,338.25
2023-08-07,339.70001220703125
2023-08-08,340.3500061035156
2023-08-09,338.1000061035156
2023-08-10,330.54998779296875
2023-08-11,331.04998779296875
2023-08-14,331.54998779296875
2023-08-16,327.6499938964844
2023-08-17,335.3500061035156
2023-08-18,339.79998779296875
2023-08-21,337.5
2023-08-22,340.1000061035156
2023-08-23,340.20001220703125
2023-08-24,341.3500061035156
2023-08-25,340.6000061035156
2023-08-28,342.1000061035156
2023-08-29,342.45001220703125
2023-08-30,351.25
2023-08-31,351.0
2023-09-01,350.45001220703125
2023-09-04,372.25
2023-09-05,371.3500061035156
2023-09-06,371.1000061035156
2023-09-07,370.04998779296875
2023-09-08,375.6000061035156
2023-09-11,371.1000061035156
2023-09-12,365.3999938964844
2023-09-13,358.54998779296875
2023-09-14,366.6000061035156
2023-09-15,362.20001220703125
2023-09-18,359.3500061035156
2023-09-20,353.75
2023-09-21,352.6499938964844
2023-09-22,347.75
2023-09-25,338.1000061035156
2023-09-26,342.20001220703125
2023-09-27,354.95001220703125
2023-09-28,356.70001220703125
2023-09-29,357.6000061035156
2023-10-03,357.6000061035156
2023-10-04,362.20001220703125
2023-10-05,362.20001220703125
2023-10-06,362.45001220703125
2023-10-09,362.3999938964844
2023-10-10,360.6000061035156
2023-10-11,361.3999938964844
2023-10-12,370.04998779296875
2023-10-13,370.0
2023-10-16,360.8999938964844
2023-10-17,367.20001220703125
2023-10-18,370.6499938964844
2023-10-19,373.1000061035156
2023-10-20,369.5
2023-10-23,361.45001220703125
2023-10-25,361.29998779296875
2023-10-26,360.8999938964844
2023-10-27,358.70001220703125
2023-10-30,359.8500061035156
2023-10-31,370.45001220703125
2023-11-01,370.70001220703125
2023-11-02,372.29998779296875
2023-11-03,375.25
2023-11-06,370.0
2023-11-07,365.54998779296875
2023-11-08,367.3999938964844
2023-11-09,373.1000061035156
2023-11-10,376.1499938964844
2023-11-13,370.20001220703125
2023-11-15,362.6499938964844
2023-11-16,366.29998779296875
2023-11-17,359.3999938964844
2023-11-20,353.8500061035156
2023-11-21,369.79998779296875
2023-11-22,362.1000061035156
2023-11-23,359.79998779296875
2023-11-24,365.6000061035156
2023-11-28,360.25
2023-11-29,365.75
2023-11-30,369.70001220703125
2023-12-01,365.79998779296875
2023-12-04,369.1499938964844
2023-12-05,363.20001220703125
2023-12-06,364.45001220703125
2023-12-07,365.0
2023-12-08,360.6000061035156
2023-12-11,364.95001220703125
2023-12-12,362.25
2023-12-13,360.0
2023-12-14,363.75
2023-12-15,360.8999938964844
2023-12-18,366.20001220703125
2023-12-19,365.79998779296875
2023-12-20,362.5
2023-12-21,364.3999938964844
2023-12-22,367.70001220703125
2023-12-26,370.8500061035156
2023-12-27,366.8999938964844
2023-12-28,365.25
2023-12-29,365.5
2024-01-01,365.29998779296875
2024-01-02,369.79998779296875
2024-01-03,370.5
2024-01-04,366.8999938964844
2024-01-05,370.1000061035156
2024-01-08,361.8500061035156
2024-01-09,358.6000061035156
2024-01-10,359.75
2024-01-11,364.0
2024-01-12,364.6000061035156
2024-01-15,368.29998779296875
2024-01-16,364.0
2024-01-17,363.75
2024-01-18,362.8999938964844
2024-01-19,362.04998779296875
2024-01-23,353.79998779296875
2024-01-24,352.5
2024-01-25,355.3500061035156
2024-01-29,357.0
2024-01-30,361.04998779296875
2024-01-31,372.04998779296875
2024-02-01,363.54998779296875
2024-02-02,359.54998779296875
2024-02-05,352.54998779296875
2024-02-06,360.0
2024-02-07,360.45001220703125
2024-02-08,369.04998779296875
2024-02-09,368.1499938964844
2024-02-12,360.29998779296875
2024-02-13,361.70001220703125
2024-02-14,366.6000061035156
2024-02-15,362.79998779296875
2024-02-16,384.3500061035156
2024-02-19,385.70001220703125
2024-02-20,376.45001220703125
2024-02-21,369.20001220703125
2024-02-22,383.3999938964844
2024-02-23,376.25
2024-02-26,383.3999938964844
2024-02-27,385.5
2024-02-28,364.1000061035156
2024-02-29,361.6499938964844
2024-03-01,348.20001220703125
2024-03-04,344.1000061035156
2024-03-05,338.1000061035156
2024-03-06,339.8500061035156
2024-03-07,334.5
2024-03-11,334.1499938964844
2024-03-12,329.6499938964844
2024-03-13,315.20001220703125
2024-03-14,329.8500061035156
2024-03-15,341.29998779296875
2024-03-18,342.79998779296875
2024-03-19,333.20001220703125
2024-03-20,341.70001220703125
2024-03-21,339.79998779296875
2024-03-22,340.8999938964844
2024-03-26,346.6000061035156
2024-03-27,337.29998779296875
2024-03-28,337.8500061035156
2024-04-01,336.8999938964844
2024-04-02,342.25
2024-04-03,349.1000061035156
2024-04-04,361.1000061035156
2024-04-05,368.3500061035156
2024-04-08,373.25
2024-04-09,374.70001220703125
2024-04-10,377.75
2024-04-12,371.45001220703125
2024-04-15,361.95001220703125
2024-04-16,366.04998779296875
2024-04-18,369.95001220703125
2024-04-19,368.45001220703125
2024-04-22,364.04998779296875
2024-04-23,362.70001220703125
2024-04-24,363.6000061035156
2024-04-25,357.29998779296875
2024-04-26,350.25
2024-04-29,363.79998779296875
2024-04-30,366.04998779296875
2024-05-02,355.95001220703125
2024-05-03,369.3500061035156
2024-05-06,372.54998779296875
2024-05-07,364.1499938964844
2024-05-08,367.6000061035156
2024-05-09,361.25
2024-05-10,355.20001220703125
2024-05-13,356.79998779296875
2024-05-14,356.1499938964844
2024-05-15,362.25
2024-05-16,355.5
2024-05-17,364.3500061035156
2024-05-21,358.25
2024-05-22,357.95001220703125
2024-05-23,359.0
2024-05-24,361.95001220703125
2024-05-27,360.1499938964844
2024-05-28,361.1499938964844
2024-05-29,361.6499938964844
2024-05-30,358.0
2024-05-31,360.75
2024-06-03,355.1000061035156
2024-06-04,341.70001220703125
2024-06-05,349.6000061035156
2024-06-06,354.25
2024-06-07,365.04998779296875
2024-06-10,374.3999938964844
2024-06-11,369.6499938964844
2024-06-12,379.54998779296875
2024-06-13,383.25
2024-06-14,391.25
2024-06-18,385.3500061035156
2024-06-19,382.6000061035156
2024-06-20,387.5
2024-06-21,381.29998779296875
2024-06-24,381.29998779296875
2024-06-25,376.6000061035156
2024-06-26,377.20001220703125
2024-06-27,371.45001220703125
2024-06-28,380.0
2024-07-01,377.70001220703125
2024-07-02,374.75
2024-07-03,374.25
2024-07-04,371.3999938964844
2024-07-05,378.3500061035156
2024-07-08,373.95001220703125
2024-07-09,372.54998779296875
2024-07-10,367.1499938964844
2024-07-11,365.79998779296875
2024-07-12,360.1499938964844
2024-07-15,359.8500061035156
2024-07-16,360.95001220703125
2024-07-18,360.8999938964844
2024-07-19,348.79998779296875
2024-07-22,348.3999938964844
2024-07-23,360.20001220703125
2024-07-24,352.6000061035156
2024-07-25,357.04998779296875
2024-07-26,356.45001220703125
2024-07-29,356.1000061035156
2024-07-30,358.04998779296875
2024-07-31,353.1499938964844
2024-08-01,359.6000061035156
2024-08-02,362.75
2024-08-05,353.95001220703125
2024-08-06,354.45001220703125
2024-08-07,365.95001220703125
2024-08-08,357.5
2024-08-09,362.25
2024-08-12,356.04998779296875
2024-08-13,356.1499938964844
2024-08-14,354.8999938964844
2024-08-16,356.0
2024-08-19,355.45001220703125
2024-08-20,352.45001220703125
2024-08-21,363.54998779296875
2024-08-22,387.95001220703125
2024-08-23,383.70001220703125
2024-08-26,398.75
2024-08-27,393.8500061035156
2024-08-28,386.25
2024-08-29,382.1499938964844
2024-08-30,387.20001220703125
2024-09-02,386.8500061035156
2024-09-03,390.3999938964844
2024-09-04,399.75
2024-09-05,409.8999938964844
2024-09-06,403.8999938964844
2024-09-09,402.6499938964844
2024-09-10,415.54998779296875
2024-09-11,417.04998779296875
2024-09-12,416.29998779296875
2024-09-13,423.0
2024-09-16,420.1000061035156
2024-09-17,414.95001220703125
2024-09-18,411.70001220703125
2024-09-19,416.0
2024-09-20,416.6000061035156
2024-09-23,412.70001220703125
2024-09-24,421.0
2024-09-25,417.8999938964844
2024-09-26,415.6000061035156
2024-09-27,427.6499938964844
2024-09-30,419.20001220703125
2024-10-01,416.0
2024-10-03,413.04998779296875
2024-10-04,430.04998779296875
2024-10-07,431.79998779296875
2024-10-08,446.70001220703125
2024-10-09,441.25
2024-10-10,449.5
2024-10-11,449.3500061035156
2024-10-14,440.95001220703125
2024-10-15,447.95001220703125
2024-10-16,438.75
2024-10-17,433.70001220703125
2024-10-18,439.54998779296875
2024-10-21,427.1499938964844
2024-10-22,412.79998779296875
2024-10-23,428.75
2024-10-24,430.3999938964844
2024-10-25,428.1499938964844
2024-10-28,437.79998779296875
2024-10-29,449.3999938964844
2024-10-30,447.0
2024-10-31,449.8999938964844
2024-11-01,450.25
2024-11-04,446.8999938964844
2024-11-05,474.6499938964844
2024-11-06,469.25
2024-11-07,470.75
2024-11-08,467.6000061035156
2024-11-11,464.8500061035156
2024-11-12,467.54998779296875
2024-11-13,460.6000061035156
2024-11-14,470.1000061035156
2024-11-18,467.04998779296875
2024-11-19,467.5
2024-11-21,468.5
2024-11-22,468.29998779296875
2024-11-25,473.04998779296875
2024-11-26,475.5
2024-11-27,501.5
2024-11-28,503.6000061035156
2024-11-29,502.3999938964844
2024-12-02,499.8999938964844
2024-12-03,509.54998779296875
2024-12-04,502.1499938964844
2024-12-05,505.1000061035156
2024-12-06,504.6000061035156
2024-12-09,506.29998779296875
2024-12-10,503.25
2024-12-11,504.45001220703125
2024-12-12,495.20001220703125
2024-12-13,496.54998779296875
2024-12-16,510.1000061035156
2024-12-17,528.2999877929688
2024-12-18,541.1500244140625
2024-12-19,542.4000244140625
2024-12-20,531.2999877929688
2024-12-23,474.79998779296875
2024-12-24,484.8999938964844
2024-12-26,472.3500061035156
2024-12-27,471.0
2024-12-30,480.6499938964844
2024-12-31,489.1499938964844
2025-01-01,485.0
2025-01-02,484.3500061035156
2025-01-03,482.29998779296875
2025-01-06,474.6000061035156
2025-01-07,488.0
2025-01-08,486.1000061035156
2025-01-09,482.54998779296875
2025-01-10,471.70001220703125
2025-01-13,488.5
2025-01-14,499.54998779296875
2025-01-15,498.5
2025-01-16,499.8999938964844
2025-01-17,499.45001220703125
2025-01-20,514.0
2025-01-21,518.7000122070312
2025-01-22,514.5
2025-01-23,515.0999755859375
2025-01-24,502.45001220703125
2025-01-27,498.45001220703125
2025-01-28,491.8500061035156
2025-01-29,493.75
2025-01-30,514.6500244140625
2025-01-31,511.79998779296875
2025-02-01,512.2999877929688
2025-02-03,522.5999755859375
2025-02-04,530.7999877929688
2025-02-05,527.7000122070312
2025-02-06,537.0
2025-02-07,524.4000244140625
2025-02-10,514.9500122070312
2025-02-11,495.6000061035156
2025-02-12,511.54998779296875
2025-02-13,510.6000061035156
2025-02-14,489.45001220703125
2025-02-17,490.79998779296875
2025-02-18,484.3500061035156
2025-02-19,481.79998779296875
2025-02-20,507.5
2025-02-21,499.75
2025-02-24,510.20001220703125
2025-02-25,515.1500244140625
2025-02-27,503.70001220703125
2025-02-28,501.6499938964844
2025-03-03,489.8999938964844
2025-03-04,512.7999877929688
2025-03-05,508.8999938964844
2025-03-06,510.3999938964844
2025-03-07,506.3999938964844
2025-03-10,502.25
2025-03-11,506.8500061035156
2025-03-12,500.0
2025-03-13,496.95001220703125
2025-03-17,498.0
2025-03-18,498.0
2025-03-19,500.29998779296875
2025-03-20,501.29998779296875
2025-03-21,523.0
2025-03-24,544.4000244140625
2025-03-25,528.5499877929688
2025-03-26,517.0499877929688
2025-03-27,527.7000122070312
2025-03-28,542.0999755859375
2025-04-01,529.2999877929688
2025-04-02,528.9000244140625
2025-04-03,533.5999755859375
2025-04-04,532.5499877929688
2025-04-07,519.25
2025-04-08,526.4500122070312
2025-04-09,525.5999755859375
2025-04-11,533.9000244140625
2025-04-15,574.6500244140625
2025-04-16,592.9000244140625
2025-04-17,593.4500122070312
2025-04-21,595.6500244140625
2025-04-22,575.5
2025-04-23,575.5499877929688
2025-04-24,565.5499877929688
2025-04-25,558.7000122070312
2025-04-28,555.9500122070312
2025-04-29,546.7000122070312
2025-04-30,562.4500122070312
2025-05-02,569.3499755859375
2025-05-05,592.4500122070312
2025-05-06,563.6500244140625
2025-05-07,552.5499877929688
2025-05-08,557.9500122070312
2025-05-09,550.2999877929688
2025-05-12,575.5
2025-05-13,579.7999877929688
2025-05-14,626.1500244140625
2025-05-15,608.75
2025-05-16,593.6500244140625
2025-05-19,609.0999755859375
2025-05-20,604.1500244140625
2025-05-21,606.3499755859375
2025-05-22,600.0499877929688
2025-05-23,594.6500244140625
2025-05-26,560.0999755859375
2025-05-27,533.7999877929688
2025-05-28,550.9000244140625
2025-05-29,539.4000244140625
2025-05-30,542.4000244140625
2025-06-02,549.0
2025-06-03,545.0
2025-06-04,552.9500122070312
2025-06-05,550.5999755859375
2025-06-06,552.5
2025-06-09,554.3499755859375
2025-06-10,545.7000122070312
2025-06-11,548.5999755859375
2025-06-12,545.0
2025-06-13,547.6500244140625
2025-06-16,549.7000122070312
2025-06-17,542.0999755859375
2025-06-18,539.2000122070312
2025-06-19,535.4000244140625
2025-06-20,535.25
2025-06-23,528.7000122070312
2025-06-24,533.9500122070312
2025-06-25,540.4500122070312
2025-06-26,547.1500244140625
2025-06-27,544.7999877929688
2025-06-30,550.5999755859375
2025-07-01,538.3499755859375
2025-07-02,534.7000122070312
2025-07-03,547.4000244140625
2025-07-04,566.2999877929688
2025-07-07,560.2999877929688
2025-07-08,555.3499755859375
2025-07-09,549.9000244140625
2025-07-10,556.5999755859375
2025-07-11,559.0999755859375
2025-07-14,546.3499755859375
2025-07-15,569.9500122070312
2025-07-16,573.1500244140625
2025-07-17,575.25
2025-07-18,576.8499755859375
2025-07-21,567.75
2025-07-22,564.0499877929688
2025-07-23,569.9000244140625
2025-07-24,561.4000244140625
2025-07-25,570.0
2025-07-28,566.2000122070312
2025-07-29,586.9500122070312
2025-07-30,618.25
2025-07-31,622.0499877929688
2025-08-01,612.0499877929688
2025-08-04,611.25
2025-08-05,615.7999877929688
2025-08-06,611.25
2025-08-07,612.6500244140625
2025-08-08,617.1500244140625
2025-08-11,651.5499877929688
2025-08-12,671.3499755859375
2025-08-13,681.3499755859375
2025-08-14,661.0999755859375
2025-08-18,668.4500122070312
2025-08-19,666.75
2025-08-20,682.3499755859375
2025-08-21,678.0499877929688
2025-08-22,677.7000122070312
2025-08-25,679.8499755859375
2025-08-26,686.2000122070312
2025-08-28,673.1500244140625
2025-08-29,673.75
2025-09-01,671.0999755859375
2025-09-02,669.5499877929688
2025-09-03,694.25
2025-09-04,695.4000244140625
2025-09-05,690.75
2025-09-08,694.0
2025-09-09,689.9000244140625
2025-09-10,695.0499877929688
2025-09-11,688.5999755859375
2025-09-12,678.4000244140625
2025-09-15,681.9500122070312
2025-09-16,675.7000122070312
2025-09-17,671.7999877929688
2025-09-18,657.0
2025-09-19,647.4500122070312
2025-09-22,650.6500244140625
2025-09-23,659.6500244140625
2025-09-24,650.5499877929688
2025-09-25,655.25
2025-09-26,647.4000244140625
2025-09-29,629.4500122070312
2025-09-30,643.2999877929688
2025-10-01,650.0999755859375
2025-10-03,644.0
2025-10-06,658.7000122070312
2025-10-07,651.4500122070312
2025-10-08,666.4500122070312
2025-10-09,683.75
2025-10-10,690.25
2025-10-13,694.4000244140625
2025-10-14,692.7999877929688
2025-10-15,685.9000244140625
2025-10-16,709.2999877929688
2025-10-17,733.5499877929688
2025-10-20,733.7999877929688
2025-10-21,721.0999755859375
2025-10-23,728.5499877929688
2025-10-24,759.0999755859375
2025-10-27,720.9000244140625
2025-10-28,728.5
2025-10-29,776.2999877929688
2025-10-30,767.1500244140625
2025-10-31,747.1500244140625
2025-11-03,752.9000244140625
2025-11-04,762.5999755859375
2025-11-06,755.2999877929688
2025-11-07,759.5999755859375
2025-11-10,762.5999755859375
2025-11-11,743.9500122070312
2025-11-12,747.9000244140625
2025-11-13,751.4500122070312
2025-11-14,739.8499755859375
2025-11-17,735.5
2025-11-18,735.9500122070312
2025-11-19,747.4500122070312
2025-11-20,743.0499877929688
2025-11-21,723.9500122070312
2025-11-24,720.9500122070312
2025-11-25,726.0999755859375
2025-11-26,731.4000244140625
2025-11-27,715.9500122070312
2025-11-28,730.3499755859375
2025-12-01,739.0
2025-12-02,728.25
2025-12-03,718.5999755859375
2025-12-04,716.5499877929688
2025-12-05,720.0499877929688
2025-12-08,704.8499755859375
2025-12-09,698.4000244140625
2025-12-10,708.6500244140625
2025-12-11,705.0
2025-12-12,715.1500244140625
2025-12-15,718.2999877929688
2025-12-16,721.5
2025-12-17,707.5
2025-12-18,698.7000122070312
2025-12-19,706.6500244140625
2025-12-22,694.1500244140625
2025-12-23,678.75
2025-12-24,677.6500244140625
2025-12-26,672.2999877929688
2025-12-29,671.3499755859375
2025-12-30,664.9500122070312
2025-12-31,662.0
2026-01-01,652.7999877929688
2026-01-02,655.3499755859375
2026-01-05,657.2999877929688
2026-01-06,659.5
2026-01-07,658.4000244140625
2026-01-08,652.4000244140625
2026-01-09,639.3499755859375
2026-01-12,638.3499755859375
2026-01-13,667.7999877929688
2026-01-14,651.0499877929688
2026-01-15,651.0499877929688
2026-01-16,645.7000122070312
2026-01-19,650.1500244140625
2026-01-20,639.5499877929688
2026-01-21,627.9500122070312
2026-01-22,629.5499877929688
2026-01-23,618.3499755859375
2026-01-27,600.7999877929688
2026-01-28,586.5
2026-01-29,577.6500244140625
2026-01-30,592.0499877929688
2026-02-02,588.4500122070312
2026-02-03,599.0999755859375
2026-02-04,609.25
2026-02-05,597.2999877929688
2026-02-06,568.6500244140625
2026-02-09,561.5
2026-02-10,585.5499877929688
2026-02-11,611.4500122070312
2026-02-12,595.0499877929688
2026-02-13,582.2999877929688
2026-02-16,584.4500122070312
2026-02-17,578.5999755859375
2026-02-18,596.9500122070312
2026-02-19,594.8499755859375
2026-02-20,588.5999755859375
2026-02-23,589.0591430664062
2026-02-24,581.1082763671875
2026-02-25,576.387451171875
2026-02-26,571.0703125
2026-02-27,572.1138916015625
2026-03-02,559.9500122070312
2026-03-04,553.5
2026-03-05,541.75
2026-03-06,555.2999877929688
2026-03-09,562.0
2026-03-10,578.5
2026-03-11,577.1500244140625
2026-03-12,560.2999877929688
2026-03-13,543.7999877929688
2026-03-16,549.0499877929688
2026-03-17,551.2000122070312
2026-03-18,570.0
2026-03-19,546.4000244140625
2026-03-20,544.25
2026-03-23,521.75
2026-03-24,527.1500244140625
2026-03-25,535.7999877929688
2026-03-27,531.7999877929688
2026-03-30,525.2000122070312
2026-04-01,535.1500244140625
2026-04-02,527.7000122070312
2026-04-06,540.25
2026-04-07,532.7999877929688
2026-04-08,554.1500244140625
2026-04-09,545.75
2026-04-10,558.2000122070312
2026-04-13,550.6500244140625
2026-04-15,560.8499755859375
2026-04-16,567.9000244140625
2026-04-17,565.3499755859375
2026-04-20,570.1500244140625
2026-04-21,574.7000122070312
2026-04-22,578.2999877929688
2026-04-23,570.1500244140625
2026-04-24,569.3499755859375
2026-04-27,577.4500122070312
2026-04-28,577.0499877929688
2026-04-29,570.2999877929688
2026-04-30,572.5499877929688
2026-05-01,572.5499877929688
2026-05-04,605.8499755859375
2026-05-05,618.3499755859375
2026-05-06,620.5999755859375
2026-05-07,614.0499877929688
2026-05-08,603.7999877929688
2026-05-11,621.3499755859375
2026-05-12,606.3499755859375
2026-05-13,608.2999877929688
2026-05-14,617.0
2026-05-15,637.2000122070312
2026-05-18,632.25
2026-05-19,646.8499755859375
2026-05-20,652.0499877929688
2026-05-21,627.0
2026-05-22,654.2999877929688
2026-05-25,655.9500122070312
2026-05-26,656.0
2026-05-27,659.9500122070312
2026-05-28,659.9500122070312
2026-05-29,637.25
2026-06-01,646.1500244140625
2026-06-02,631.6500244140625
2026-06-03,634.75
2026-06-04,639.9500122070312
2026-06-05,635.9500122070312
2026-06-08,627.9000244140625
2026-06-09,634.9500122070312
2026-06-10,636.0
2026-06-11,629.4000244140625
2026-06-12,630.5
2026-06-15,627.3499755859375
2026-06-16,625.7000122070312
2026-06-17,626.5999755859375
2026-06-18,614.75
2026-06-19,610.9500122070312
2026-06-22,615.3499755859375
2026-06-23,605.0999755859375
2026-06-24,614.2000122070312
2026-06-25,600.4000244140625
2026-06-26,600.4000244140625
2026-06-29,595.0499877929688
2026-06-30,627.0999755859375
2026-07-01,633.9500122070312
2026-07-02,649.0
2026-07-03,654.7999877929688
2026-07-06,652.5999755859375
2026-07-07,647.6500244140625
2026-07-08,634.5
2026-07-09,652.7000122070312
2026-07-10,666.4000244140625
2026-07-13,678.8499755859375
2026-07-14,686.3499755859375
2026-07-15,646.8499755859375
2026-07-16,660.0999755859375
2026-07-17,655.8499755859375
2026-07-20,653.7000122070312
2026-07-21,661.25
2026-07-22,670.9500122070312
2026-07-23,669.9000244140625
2026-07-24,666.5499877929688
2026-07-27,676.9500122070312
2026-07-28,679.3499755859375
2026-07-29,674.75
2026-07-30,669.6500244140625
2026-07-31,671.2000122070312
2026-08-03,671.75
2026-08-04,672.25
2026-08-05,669.5
2026-08-06,678.5
2026-08-07,675.8499755859375
2026-08-10,715.6500244140625
2026-08-11,738.9500122070312
2026-08-12,736.5
2026-08-13,721.4000244140625
2026-08-14,714.2999877929688
2026-08-17,712.3499755859375
2026-08-18,713.6500244140625
2026-08-19,745.25
2026-08-20,730.4500122070312
2026-08-21,725.9500122070312
2026-08-24,718.7999877929688
2026-08-25,724.8499755859375
2026-08-26,706.1500244140625
2026-08-27,699.9500122070312
2026-08-28,696.2999877929688
2026-08-31,733.2999877929688
2026-09-01,704.4000244140625
2026-09-02,699.2999877929688
2026-09-03,703.4500122070312
2026-09-04,700.2000122070312
2026-09-07,687.9000244140625
2026-09-08,690.5999755859375
2026-09-09,712.5499877929688
2026-09-10,700.9000244140625
2026-09-11,693.9000244140625
2026-09-15,678.2999877929688
2026-09-16,674.1500244140625
2026-09-18,708.25
2026-09-21,702.0999755859375
