Date,ICICIPRULI
2016-09-29,282.66839599609375
2016-09-30,294.73321533203125
2016-10-03,294.210693359375
2016-10-04,289.0333557128906
2016-10-05,298.05816650390625
2016-10-06,300.7181396484375
2016-10-07,301.38311767578125
2016-10-10,308.36553955078125
2016-10-13,301.6680908203125
2016-10-14,310.9779357910156
2016-10-17,311.2154846191406
2016-10-18,314.35040283203125
2016-10-19,308.65045166015625
2016-10-20,307.7955017089844
2016-10-21,310.50299072265625
2016-10-24,307.7005615234375
2016-10-25,307.93804931640625
2016-10-26,304.3755798339844
2016-10-27,298.3906555175781
2016-10-28,293.16571044921875
2016-11-01,295.7306213378906
2016-11-02,292.100341796875
2016-11-03,290.4761962890625
2016-11-04,289.85528564453125
2016-11-07,291.28826904296875
2016-11-08,289.9507751464844
2016-11-09,284.7441101074219
2016-11-10,299.6954040527344
2016-11-11,291.240478515625
2016-11-15,283.9320373535156
2016-11-16,285.9383239746094
2016-11-17,280.3971862792969
2016-11-18,272.7066345214844
2016-11-21,271.46466064453125
2016-11-22,276.1459045410156
2016-11-23,281.7347106933594
2016-11-24,281.87799072265625
2016-11-25,289.9985656738281
2016-11-28,294.5364990234375
2016-11-29,300.0776062011719
2016-11-30,295.9217834472656
2016-12-01,290.4761962890625
2016-12-02,285.3173522949219
2016-12-05,280.3971862792969
2016-12-06,280.3971862792969
2016-12-07,279.5851745605469
2016-12-08,283.7887268066406
2016-12-09,281.7825622558594
2016-12-12,285.55615234375
2016-12-13,284.83966064453125
2016-12-14,283.9320373535156
2016-12-15,296.7816162109375
2016-12-16,296.68603515625
2016-12-19,301.41510009765625
2016-12-20,304.04229736328125
2016-12-21,302.0838928222656
2016-12-22,293.4378967285156
2016-12-23,287.2280578613281
2016-12-26,281.87799072265625
2016-12-27,282.26019287109375
2016-12-28,281.92578125
2016-12-29,286.7025451660156
2016-12-30,288.756591796875
2017-01-02,293.39007568359375
2017-01-03,299.0744934082031
2017-01-04,305.427490234375
2017-01-05,312.162841796875
2017-01-06,316.2231140136719
2017-01-09,314.36016845703125
2017-01-10,320.5699768066406
2017-01-11,322.7195129394531
2017-01-12,319.6145935058594
2017-01-13,317.08294677734375
2017-01-16,316.36639404296875
2017-01-17,316.891845703125
2017-01-18,324.8213806152344
2017-01-19,334.13604736328125
2017-01-20,343.3551940917969
2017-01-23,345.027099609375
2017-01-24,343.6896057128906
2017-01-25,338.05303955078125
2017-01-27,338.1007385253906
2017-01-30,335.6168518066406
2017-01-31,329.980224609375
2017-02-01,342.92535400390625
2017-02-02,343.2596740722656
2017-02-03,344.0718078613281
2017-02-06,351.0458679199219
2017-02-07,347.3677062988281
2017-02-08,342.1610412597656
2017-02-09,340.5369873046875
2017-02-10,334.5660400390625
2017-02-13,335.71240234375
2017-02-14,341.4445495605469
2017-02-15,333.5628356933594
2017-02-16,342.78204345703125
2017-02-17,346.698974609375
2017-02-20,342.4476623535156
2017-02-21,340.8713073730469
2017-02-22,336.0945739746094
2017-02-23,341.87445068359375
2017-02-27,346.31683349609375
2017-02-28,345.21820068359375
2017-03-01,346.2213134765625
2017-03-02,346.985595703125
2017-03-03,346.4123840332031
2017-03-06,353.0043640136719
2017-03-07,352.4311828613281
2017-03-08,357.303466796875
2017-03-09,356.01373291015625
2017-03-10,353.91192626953125
2017-03-14,358.01995849609375
2017-03-15,359.9306335449219
2017-03-16,353.673095703125
2017-03-17,354.7239990234375
2017-03-20,351.7624206542969
2017-03-21,354.532958984375
2017-03-22,347.8454284667969
2017-03-23,351.3802795410156
2017-03-24,357.3511962890625
2017-03-27,358.3543395996094
2017-03-28,355.0106201171875
2017-03-29,354.3418273925781
2017-03-30,357.6378173828125
2017-03-31,365.32843017578125
2017-04-03,368.14678955078125
2017-04-05,379.99322509765625
2017-04-06,373.9744873046875
2017-04-07,382.1427917480469
2017-04-10,377.22265625
2017-04-11,375.7418518066406
2017-04-12,383.241455078125
2017-04-13,386.250732421875
2017-04-17,384.7699890136719
2017-04-18,384.626708984375
2017-04-19,381.9038391113281
2017-04-20,381.42620849609375
2017-04-21,389.6422424316406
2017-04-24,384.7222595214844
2017-04-25,401.1543273925781
2017-04-26,383.3368835449219
2017-04-27,381.6650695800781
2017-04-28,387.8749694824219
2017-05-02,381.8561706542969
2017-05-03,380.9007873535156
2017-05-04,375.64630126953125
2017-05-05,374.45208740234375
2017-05-08,391.98291015625
2017-05-09,391.6962890625
2017-05-10,392.4605712890625
2017-05-11,392.3172912597656
2017-05-12,391.93511962890625
2017-05-15,398.1927185058594
2017-05-16,398.8615417480469
2017-05-17,397.141845703125
2017-05-18,394.9923095703125
2017-05-19,391.7918395996094
2017-05-22,388.4002990722656
2017-05-23,391.6962890625
2017-05-24,384.4356384277344
2017-05-25,381.9038391113281
2017-05-26,382.33380126953125
2017-05-29,377.17486572265625
2017-05-30,383.67132568359375
2017-05-31,388.68695068359375
2017-06-01,385.0565185546875
2017-06-02,392.3172912597656
2017-06-05,388.3047790527344
2017-06-06,383.05035400390625
2017-06-07,402.2052307128906
2017-06-08,402.4440612792969
2017-06-09,415.1980895996094
2017-06-12,403.87713623046875
2017-06-13,409.7525329589844
2017-06-14,417.5386657714844
2017-06-15,422.1721496582031
2017-06-16,424.2261657714844
2017-06-19,424.0350646972656
2017-06-20,420.2615051269531
2017-06-21,422.2677001953125
2017-06-22,425.2293395996094
2017-06-23,420.3092346191406
2017-06-27,420.3569641113281
2017-06-28,437.12353515625
2017-06-29,452.5047912597656
2017-06-30,450.54632568359375
2017-07-03,451.2149963378906
2017-07-04,467.5038757324219
2017-07-05,472.37615966796875
2017-07-06,467.885986328125
2017-07-07,464.61444091796875
2017-07-10,465.9134216308594
2017-07-11,470.868896484375
2017-07-12,468.6076354980469
2017-07-13,467.885986328125
2017-07-14,466.0577392578125
2017-07-17,455.328857421875
2017-07-18,458.2155456542969
2017-07-19,456.33917236328125
2017-07-20,444.0707092285156
2017-07-21,446.8611755371094
2017-07-24,450.9025573730469
2017-07-25,450.4214782714844
2017-07-26,433.34185791015625
2017-07-27,422.4685363769531
2017-07-28,431.08056640625
2017-07-31,441.6170654296875
2017-08-01,427.18359375
2017-08-02,426.7505187988281
2017-08-03,424.39306640625
2017-08-04,422.32421875
2017-08-07,420.880859375
2017-08-08,417.27252197265625
2017-08-09,409.6708984375
2017-08-10,398.1722106933594
2017-08-11,411.2104797363281
2017-08-14,416.6951904296875
2017-08-16,418.42718505859375
2017-08-17,409.1897888183594
2017-08-18,411.11419677734375
2017-08-21,404.2823791503906
2017-08-22,403.127685546875
2017-08-23,406.2068176269531
2017-08-24,406.92852783203125
2017-08-28,415.20367431640625
2017-08-29,408.275634765625
2017-08-30,410.8255920410156
2017-08-31,410.7774963378906
2017-09-01,426.6061706542969
2017-09-04,424.0562438964844
2017-09-05,429.34857177734375
2017-09-06,424.5374450683594
2017-09-07,422.7572326660156
2017-09-08,421.0733642578125
2017-09-11,420.6403503417969
2017-09-12,415.2518310546875
2017-09-13,411.1623229980469
2017-09-14,409.622802734375
2017-09-15,407.6501770019531
2017-09-18,407.69830322265625
2017-09-19,408.0831604003906
2017-09-20,396.5364074707031
2017-09-21,389.65643310546875
2017-09-22,389.36773681640625
2017-09-25,374.2125549316406
2017-09-26,383.9791564941406
2017-09-27,376.23321533203125
2017-09-28,366.94775390625
2017-09-29,374.1163330078125
2017-10-03,397.5948791503906
2017-10-04,396.6325988769531
2017-10-05,383.5943908691406
2017-10-06,384.3160400390625
2017-10-09,387.2989196777344
2017-10-10,392.7355651855469
2017-10-11,388.59796142578125
2017-10-12,390.81109619140625
2017-10-13,389.99322509765625
2017-10-16,380.0821838378906
2017-10-17,377.09930419921875
2017-10-18,376.9068603515625
2017-10-19,380.94818115234375
2017-10-23,375.0304260253906
2017-10-24,375.7040100097656
2017-10-25,374.54937744140625
2017-10-26,372.91351318359375
2017-10-27,381.5255432128906
2017-10-30,389.41583251953125
2017-10-31,390.28192138671875
2017-11-01,386.6253356933594
2017-11-02,383.3258972167969
2017-11-03,375.70782470703125
2017-11-06,377.7943115234375
2017-11-07,370.079345703125
2017-11-08,364.45068359375
2017-11-09,365.17852783203125
2017-11-10,366.197509765625
2017-11-13,364.45068359375
2017-11-14,361.0541076660156
2017-11-15,366.3430480957031
2017-11-16,369.9337463378906
2017-11-17,380.46307373046875
2017-11-20,377.745849609375
2017-11-21,386.09161376953125
2017-11-22,383.6654968261719
2017-11-23,368.6236877441406
2017-11-24,366.87677001953125
2017-11-27,370.17633056640625
2017-11-28,373.087646484375
2017-11-29,363.9654541015625
2017-11-30,364.8388366699219
2017-12-01,358.7250671386719
2017-12-04,357.0753479003906
2017-12-05,361.53936767578125
2017-12-06,356.44451904296875
2017-12-07,360.2292785644531
2017-12-08,366.87677001953125
2017-12-11,361.8789978027344
2017-12-12,365.2270202636719
2017-12-13,363.140625
2017-12-14,368.0412902832031
2017-12-15,368.1869201660156
2017-12-18,369.5940246582031
2017-12-19,383.61700439453125
2017-12-20,383.18023681640625
2017-12-21,383.7140197753906
2017-12-22,382.7435607910156
2017-12-26,382.5980529785156
2017-12-27,382.8406677246094
2017-12-28,378.4736022949219
2017-12-29,372.2627868652344
2018-01-01,371.001220703125
2018-01-02,364.111083984375
2018-01-03,365.56671142578125
2018-01-04,368.672119140625
2018-01-05,382.5009460449219
2018-01-08,399.6293029785156
2018-01-09,400.30865478515625
2018-01-10,397.88250732421875
2018-01-11,394.63153076171875
2018-01-12,393.3699645996094
2018-01-15,405.549072265625
2018-01-16,400.0660095214844
2018-01-17,407.247314453125
2018-01-18,400.2601318359375
2018-01-19,417.0003662109375
2018-01-22,425.7828369140625
2018-01-23,418.35894775390625
2018-01-24,421.7554931640625
2018-01-25,417.19439697265625
2018-01-29,404.8697509765625
2018-01-30,402.4921569824219
2018-01-31,394.6800842285156
2018-02-01,412.3421936035156
2018-02-02,410.3042907714844
2018-02-05,411.3717346191406
2018-02-06,397.4458312988281
2018-02-07,409.8189697265625
2018-02-08,408.26629638671875
2018-02-09,402.831787109375
2018-02-12,403.7052307128906
2018-02-14,397.7369689941406
2018-02-15,394.6800842285156
2018-02-16,390.31304931640625
2018-02-19,391.4290466308594
2018-02-20,390.41009521484375
2018-02-21,396.9605712890625
2018-02-22,388.9544372558594
2018-02-23,396.4268493652344
2018-02-26,403.1229553222656
2018-02-27,401.521728515625
2018-02-28,400.5997619628906
2018-03-01,396.0386962890625
2018-03-05,386.0431213378906
2018-03-06,383.5199279785156
2018-03-07,370.3703918457031
2018-03-08,376.8238525390625
2018-03-09,378.9588623046875
2018-03-12,374.49481201171875
2018-03-13,374.05810546875
2018-03-14,371.3893737792969
2018-03-15,371.48638916015625
2018-03-16,366.77978515625
2018-03-19,361.2967224121094
2018-03-20,360.2292785644531
2018-03-21,370.46746826171875
2018-03-22,366.87677001953125
2018-03-23,370.3218688964844
2018-03-26,371.5834655761719
2018-03-27,378.5706787109375
2018-03-28,377.114990234375
2018-04-02,373.3302917480469
2018-04-03,384.6844482421875
2018-04-04,376.96942138671875
2018-04-05,382.11279296875
2018-04-06,389.0514831542969
2018-04-09,388.80889892578125
2018-04-10,383.6654968261719
2018-04-11,388.0810852050781
2018-04-12,384.00518798828125
2018-04-13,383.0832214355469
2018-04-16,377.93988037109375
2018-04-17,371.8746032714844
2018-04-18,370.6130676269531
2018-04-19,368.6236877441406
2018-04-20,363.0436096191406
2018-04-23,376.9209289550781
2018-04-24,405.7916259765625
2018-04-25,425.39459228515625
2018-04-26,418.31036376953125
2018-04-27,420.3968811035156
2018-04-30,413.70074462890625
2018-05-02,421.2702941894531
2018-05-03,413.36114501953125
2018-05-04,421.22174072265625
2018-05-07,435.7784118652344
2018-05-08,428.7912292480469
2018-05-09,436.79736328125
2018-05-10,437.8163757324219
2018-05-11,441.9892883300781
2018-05-14,430.877685546875
2018-05-15,432.4303894042969
2018-05-16,420.3483581542969
2018-05-17,417.7767028808594
2018-05-18,409.62493896484375
2018-05-21,403.8992919921875
2018-05-22,406.4709777832031
2018-05-23,396.2812805175781
2018-05-24,390.70123291015625
2018-05-25,407.5870056152344
2018-05-28,411.17767333984375
2018-05-29,405.888671875
2018-05-30,408.411865234375
2018-05-31,410.0131530761719
2018-06-01,400.745361328125
2018-06-04,399.580810546875
2018-06-05,390.94384765625
2018-06-06,394.24334716796875
2018-06-07,401.18206787109375
2018-06-08,408.023681640625
2018-06-11,404.57861328125
2018-06-12,409.52789306640625
2018-06-13,398.22216796875
2018-06-14,391.08941650390625
2018-06-15,389.3426818847656
2018-06-18,388.9512023925781
2018-06-19,381.5636291503906
2018-06-20,379.9490966796875
2018-06-21,380.634033203125
2018-06-22,381.27008056640625
2018-06-25,372.2189636230469
2018-06-26,366.6415710449219
2018-06-27,367.7178955078125
2018-06-28,361.94482421875
2018-06-29,369.18560791015625
2018-07-02,366.15234375
2018-07-03,367.13079833984375
2018-07-04,362.0915832519531
2018-07-05,359.15606689453125
2018-07-06,361.5044860839844
2018-07-09,364.14642333984375
2018-07-10,366.6415710449219
2018-07-11,357.5905456542969
2018-07-12,354.1658020019531
2018-07-13,353.9211730957031
2018-07-16,345.1147155761719
2018-07-17,349.71368408203125
2018-07-18,348.5394592285156
2018-07-19,341.6899719238281
2018-07-20,348.19696044921875
2018-07-23,366.7393798828125
2018-07-24,377.4538879394531
2018-07-25,394.9200439453125
2018-07-26,404.50927734375
2018-07-27,402.894775390625
2018-07-30,412.1904602050781
2018-07-31,409.54852294921875
2018-08-01,410.9673767089844
2018-08-02,404.8028259277344
2018-08-03,404.02001953125
2018-08-06,404.2156982421875
2018-08-07,411.2118835449219
2018-08-08,404.0689697265625
2018-08-09,405.1942138671875
2018-08-10,404.6560363769531
2018-08-13,398.4915771484375
2018-08-14,390.7125244140625
2018-08-16,379.26416015625
2018-08-17,381.3189697265625
2018-08-20,379.65557861328125
2018-08-21,376.62213134765625
2018-08-23,370.8001708984375
2018-08-24,366.15234375
2018-08-27,375.44805908203125
2018-08-28,371.8275451660156
2018-08-29,374.3227233886719
2018-08-30,368.989990234375
2018-08-31,367.277587890625
2018-09-03,372.4636535644531
2018-09-04,361.0152282714844
2018-09-05,360.5749206542969
2018-09-06,366.1033935546875
2018-09-07,370.60443115234375
2018-09-10,365.8097839355469
2018-09-11,364.8313903808594
2018-09-12,354.9485168457031
2018-09-14,370.70233154296875
2018-09-17,354.6549987792969
2018-09-18,350.7411193847656
2018-09-19,340.76043701171875
2018-09-21,331.4646911621094
2018-09-24,327.2572326660156
2018-09-25,341.5921630859375
2018-09-26,336.25933837890625
2018-09-27,330.2416076660156
2018-09-28,326.57232666015625
2018-10-01,323.2942810058594
2018-10-03,323.245361328125
2018-10-04,319.13568115234375
2018-10-05,314.29217529296875
2018-10-08,311.45452880859375
2018-10-09,310.1335754394531
2018-10-10,325.34912109375
2018-10-11,313.31365966796875
2018-10-12,311.5523681640625
2018-10-15,311.50341796875
2018-10-16,322.4626159667969
2018-10-17,322.6582946777344
2018-10-19,321.23944091796875
2018-10-22,309.6932678222656
2018-10-23,316.8851623535156
2018-10-24,315.9555969238281
2018-10-25,310.8674011230469
2018-10-26,318.4996643066406
2018-10-29,326.0340576171875
2018-10-30,317.91259765625
2018-10-31,325.59375
2018-11-01,340.6370849609375
2018-11-02,346.4872741699219
2018-11-05,352.8290100097656
2018-11-06,352.8782043457031
2018-11-07,353.812255859375
2018-11-09,352.4356689453125
2018-11-12,344.1766052246094
2018-11-13,348.699462890625
2018-11-14,330.9523010253906
2018-11-15,320.4809875488281
2018-11-16,322.9882507324219
2018-11-19,317.8263244628906
2018-11-20,315.61407470703125
2018-11-21,316.1548767089844
2018-11-22,314.6800231933594
2018-11-26,319.6452941894531
2018-11-27,321.61175537109375
2018-11-28,316.1548767089844
2018-11-29,314.2375793457031
2018-11-30,319.792724609375
2018-12-03,316.25311279296875
2018-12-04,314.2375793457031
2018-12-05,312.86102294921875
2018-12-06,303.02880859375
2018-12-07,309.32147216796875
2018-12-10,302.04559326171875
2018-12-11,301.4556579589844
2018-12-12,308.3382263183594
2018-12-13,309.5672607421875
2018-12-14,305.6835021972656
2018-12-17,316.0565185546875
2018-12-18,309.6656188964844
2018-12-19,310.206298828125
2018-12-20,317.8263244628906
2018-12-21,321.36590576171875
2018-12-24,318.9570007324219
2018-12-26,316.0565185546875
2018-12-27,317.4329833984375
2018-12-28,322.3982849121094
2018-12-31,319.0553283691406
2019-01-01,320.43182373046875
2019-01-02,314.4341735839844
2019-01-03,310.94378662109375
2019-01-04,319.25201416015625
2019-01-07,314.5816955566406
2019-01-08,319.0061950683594
2019-01-09,331.0998229980469
2019-01-10,342.6527099609375
2019-01-11,350.56756591796875
2019-01-14,344.61907958984375
2019-01-15,346.92962646484375
2019-01-16,341.4236145019531
2019-01-17,343.8816833496094
2019-01-18,345.2581481933594
2019-01-21,345.74981689453125
2019-01-22,339.21136474609375
2019-01-23,300.27581787109375
2019-01-24,298.7026672363281
2019-01-25,294.37652587890625
2019-01-28,286.4615783691406
2019-01-29,289.4603576660156
2019-01-30,287.2480773925781
2019-01-31,281.0538024902344
2019-02-01,281.0046691894531
2019-02-04,279.9723205566406
2019-02-05,281.4962463378906
2019-02-06,283.5119323730469
2019-02-07,306.6667175292969
2019-02-08,308.3382263183594
2019-02-11,293.1966857910156
2019-02-12,293.6390686035156
2019-02-14,299.5875549316406
2019-02-15,297.91607666015625
2019-02-18,298.40771484375
2019-02-19,294.9172668457031
2019-02-20,297.8177795410156
2019-02-21,310.0588684082031
2019-02-22,309.6164245605469
2019-02-25,311.8286437988281
2019-02-26,306.814208984375
2019-02-27,316.1548767089844
2019-02-28,314.2375793457031
2019-03-01,319.6452941894531
2019-03-05,321.8575439453125
2019-03-06,335.6717529296875
2019-03-07,324.65972900390625
2019-03-08,336.50750732421875
2019-03-11,338.5722961425781
2019-03-12,336.65496826171875
2019-03-13,328.19927978515625
2019-03-14,330.6081848144531
2019-03-15,334.83599853515625
2019-03-18,337.83489990234375
2019-03-19,338.86724853515625
2019-03-20,337.1958312988281
2019-03-22,323.7747497558594
2019-03-25,316.5972900390625
2019-03-26,314.87664794921875
2019-03-27,343.3409423828125
2019-03-28,346.4872741699219
2019-04-01,356.4669189453125
2019-04-02,362.9562072753906
2019-04-03,359.367431640625
2019-04-04,354.69708251953125
2019-04-05,358.285888671875
2019-04-08,358.4333801269531
2019-04-09,356.4669189453125
2019-04-10,357.7451171875
2019-04-11,360.1539611816406
2019-04-12,358.82666015625
2019-04-15,359.9081726074219
2019-04-16,358.58087158203125
2019-04-18,359.8589782714844
2019-04-22,362.906982421875
2019-04-23,363.3003234863281
2019-04-24,357.1060485839844
2019-04-25,361.530517578125
2019-04-26,362.85784912109375
2019-04-30,363.1036682128906
2019-05-02,368.6589050292969
2019-05-03,365.8074951171875
2019-05-06,362.56292724609375
2019-05-07,358.8758239746094
2019-05-08,350.9117431640625
2019-05-09,353.46807861328125
2019-05-10,346.1922912597656
2019-05-13,331.5422668457031
2019-05-14,328.5434265136719
2019-05-15,333.3611755371094
2019-05-16,329.2316589355469
2019-05-17,333.557861328125
2019-05-20,351.30499267578125
2019-05-21,340.9811706542969
2019-05-22,341.17779541015625
2019-05-23,350.42010498046875
2019-05-24,363.59527587890625
2019-05-27,379.7693176269531
2019-05-28,379.5234680175781
2019-05-29,376.0821533203125
2019-05-30,380.3100280761719
2019-05-31,381.2441101074219
2019-06-03,391.5187683105469
2019-06-04,388.17578125
2019-06-06,372.64093017578125
2019-06-07,379.08099365234375
2019-06-10,372.64093017578125
2019-06-11,364.82427978515625
2019-06-12,364.5784912109375
2019-06-13,355.0903625488281
2019-06-14,353.1239318847656
2019-06-17,346.7821960449219
2019-06-18,353.6647644042969
2019-06-19,359.26904296875
2019-06-20,368.1180725097656
2019-06-21,377.31121826171875
2019-06-24,369.2487487792969
2019-06-25,365.856689453125
2019-06-26,367.8231201171875
2019-06-27,367.1841125488281
2019-06-28,382.12896728515625
2019-07-01,384.1937561035156
2019-07-02,384.7344970703125
2019-07-03,382.03070068359375
2019-07-04,387.2908935546875
2019-07-05,391.76458740234375
2019-07-08,375.0497741699219
2019-07-09,376.4812927246094
2019-07-10,368.13916015625
2019-07-11,376.4319152832031
2019-07-12,380.28216552734375
2019-07-15,379.6897888183594
2019-07-16,376.0370178222656
2019-07-17,384.5765686035156
2019-07-18,378.8013000488281
2019-07-19,374.753662109375
2019-07-22,371.0514831542969
2019-07-23,378.2089538574219
2019-07-24,378.30767822265625
2019-07-25,391.04296875
2019-07-26,397.41058349609375
2019-07-29,394.2021179199219
2019-07-30,392.9187316894531
2019-07-31,396.6208190917969
2019-08-01,385.3170166015625
2019-08-02,393.8072204589844
2019-08-05,387.04461669921875
2019-08-06,389.90771484375
2019-08-07,392.27703857421875
2019-08-08,387.4396057128906
2019-08-09,390.4506530761719
2019-08-13,370.31109619140625
2019-08-14,380.33148193359375
2019-08-16,384.2310791015625
2019-08-19,383.9842529296875
2019-08-20,382.0591735839844
2019-08-21,380.7757873535156
2019-08-22,377.7153625488281
2019-08-23,381.6642761230469
2019-08-26,394.2021179199219
2019-08-27,393.8565979003906
2019-08-28,411.6268005371094
2019-08-29,417.1552429199219
2019-08-30,419.1791076660156
2019-09-03,418.1425476074219
2019-09-04,421.9433288574219
2019-09-05,421.3016357421875
2019-09-06,435.32037353515625
2019-09-09,436.7025451660156
2019-09-11,416.6123046875
2019-09-12,414.39105224609375
2019-09-13,412.071044921875
2019-09-16,409.20806884765625
2019-09-17,411.1331481933594
2019-09-18,416.2174072265625
2019-09-19,424.9050598144531
2019-09-20,429.1994934082031
2019-09-23,419.1791076660156
2019-09-24,421.9433288574219
2019-09-25,427.7186584472656
2019-09-26,443.76123046875
2019-09-27,452.7450256347656
2019-09-30,457.58245849609375
2019-10-01,460.8897399902344
2019-10-03,462.76544189453125
2019-10-04,447.80889892578125
2019-10-07,446.7228698730469
2019-10-09,444.0079650878906
2019-10-10,440.8488464355469
2019-10-11,435.17230224609375
2019-10-14,443.810546875
2019-10-15,449.1909484863281
2019-10-16,459.9024353027344
2019-10-17,466.5663146972656
2019-10-18,470.6632995605469
2019-10-22,473.9211730957031
2019-10-23,479.00543212890625
2019-10-24,473.5262756347656
2019-10-25,477.7219543457031
2019-10-27,478.9560546875
2019-10-29,497.76287841796875
2019-10-30,506.3517761230469
2019-10-31,504.7203369140625
2019-11-01,502.94049072265625
2019-11-04,504.9180603027344
2019-11-05,504.17645263671875
2019-11-06,514.2125244140625
2019-11-07,512.284423828125
2019-11-08,513.6192626953125
2019-11-11,519.0576171875
2019-11-13,523.2598266601562
2019-11-14,519.5025024414062
2019-11-15,516.585693359375
2019-11-18,514.8057861328125
2019-11-19,499.43035888671875
2019-11-20,497.6505432128906
2019-11-21,493.9426574707031
2019-11-22,492.0145263671875
2019-11-25,501.2101135253906
2019-11-26,491.4212646484375
2019-11-27,490.87744140625
2019-11-28,492.558349609375
2019-11-29,496.8100891113281
2019-12-02,492.95379638671875
2019-12-03,499.1336975097656
2019-12-04,495.0302429199219
2019-12-05,489.3448181152344
2019-12-06,486.9223327636719
2019-12-09,484.15374755859375
2019-12-10,482.9672546386719
2019-12-11,484.5987243652344
2019-12-12,487.7133483886719
2019-12-13,490.1358337402344
2019-12-16,490.6797180175781
2019-12-17,489.5425720214844
2019-12-18,491.2235107421875
2019-12-19,493.0033264160156
2019-12-20,492.85504150390625
2019-12-23,497.30450439453125
2019-12-24,494.3381652832031
2019-12-26,488.306640625
2019-12-27,483.31329345703125
2019-12-30,480.3469543457031
2019-12-31,477.03460693359375
2020-01-01,475.5514221191406
2020-01-02,480.98968505859375
2020-01-03,477.77618408203125
2020-01-06,470.16259765625
2020-01-07,471.34912109375
2020-01-08,476.6390380859375
2020-01-09,478.36944580078125
2020-01-10,483.01666259765625
2020-01-13,491.3718566894531
2020-01-14,484.30206298828125
2020-01-15,484.3514709472656
2020-01-16,486.6751403808594
2020-01-17,476.0952453613281
2020-01-20,482.81890869140625
2020-01-21,483.5605163574219
2020-01-22,500.8146667480469
2020-01-23,501.9516906738281
2020-01-24,514.11376953125
2020-01-27,520.3429565429688
2020-01-28,520.738525390625
2020-01-29,521.08447265625
2020-01-30,515.843994140625
2020-01-31,505.2146911621094
2020-02-03,441.3398132324219
2020-02-04,464.9715270996094
2020-02-05,471.9423828125
2020-02-06,482.5223083496094
2020-02-07,489.9380798339844
2020-02-10,478.6165771484375
2020-02-11,476.78741455078125
2020-02-12,474.9581604003906
2020-02-13,473.72222900390625
2020-02-14,475.8974609375
2020-02-17,469.074951171875
2020-02-18,466.5535583496094
2020-02-19,484.05487060546875
2020-02-20,489.4437255859375
2020-02-24,480.98968505859375
2020-02-25,475.6502685546875
2020-02-26,470.3108825683594
2020-02-27,475.8480529785156
2020-02-28,466.108642578125
2020-03-02,450.3870849609375
2020-03-03,450.535400390625
2020-03-04,440.25213623046875
2020-03-05,427.843017578125
2020-03-06,409.105712890625
2020-03-09,388.9347229003906
2020-03-11,400.2067565917969
2020-03-12,367.7749328613281
2020-03-13,378.6020202636719
2020-03-16,355.6130065917969
2020-03-17,331.83294677734375
2020-03-18,297.9674072265625
2020-03-19,278.3896179199219
2020-03-20,300.785400390625
2020-03-23,236.11952209472656
2020-03-24,251.59384155273438
2020-03-25,316.85302734375
2020-03-26,325.6036376953125
2020-03-27,314.8260192871094
2020-03-30,329.8553771972656
2020-03-31,351.7073669433594
2020-04-01,338.7543640136719
2020-04-03,335.09588623046875
2020-04-07,353.23992919921875
2020-04-08,336.8262634277344
2020-04-09,338.7049560546875
2020-04-13,338.65545654296875
2020-04-15,325.2575988769531
2020-04-16,331.09136962890625
2020-04-17,365.7973937988281
2020-04-20,374.0536193847656
2020-04-21,366.2423400878906
2020-04-22,365.2041015625
2020-04-23,357.24444580078125
2020-04-24,332.7723083496094
2020-04-27,373.2626037597656
2020-04-28,379.7391357421875
2020-04-29,397.88311767578125
2020-04-30,407.325927734375
2020-05-04,387.006591796875
2020-05-05,370.74127197265625
2020-05-06,390.1212158203125
2020-05-07,393.48309326171875
2020-05-08,395.60894775390625
2020-05-11,393.6808166503906
2020-05-12,394.66961669921875
2020-05-13,391.90106201171875
2020-05-14,379.887451171875
2020-05-15,380.53009033203125
2020-05-18,354.8219909667969
2020-05-19,355.8107604980469
2020-05-20,359.96356201171875
2020-05-21,358.1838073730469
2020-05-22,341.1768493652344
2020-05-26,343.4510803222656
2020-05-27,349.92755126953125
2020-05-28,363.5726623535156
2020-05-29,388.6875305175781
2020-06-01,379.59075927734375
2020-06-02,376.1300354003906
2020-06-03,380.67840576171875
2020-06-04,378.3547668457031
2020-06-05,383.1997985839844
2020-06-08,393.3841857910156
2020-06-09,389.2807922363281
2020-06-10,392.4942932128906
2020-06-11,390.9122619628906
2020-06-12,396.44940185546875
2020-06-15,386.7099304199219
2020-06-16,391.0111389160156
2020-06-17,391.9999084472656
2020-06-18,389.972900390625
2020-06-19,387.2043762207031
2020-06-22,402.4314880371094
2020-06-23,422.1575622558594
2020-06-24,425.8160095214844
2020-06-25,423.4429931640625
2020-06-26,418.59796142578125
2020-06-29,405.7438659667969
2020-06-30,421.02044677734375
2020-07-01,414.9394836425781
2020-07-02,420.62493896484375
2020-07-03,428.634033203125
2020-07-06,430.31494140625
2020-07-07,428.7823181152344
2020-07-08,422.7013854980469
2020-07-09,428.3868103027344
2020-07-10,412.76422119140625
2020-07-13,418.9935302734375
2020-07-14,417.3125915527344
2020-07-15,416.17547607421875
2020-07-16,425.4205017089844
2020-07-17,435.4071960449219
2020-07-20,431.4026184082031
2020-07-21,437.9284973144531
2020-07-22,437.23638916015625
2020-07-23,445.73980712890625
2020-07-24,435.06103515625
2020-07-27,452.6118469238281
2020-07-28,446.975830078125
2020-07-29,444.2072448730469
2020-07-30,447.8162536621094
2020-07-31,447.173583984375
2020-08-03,433.973388671875
2020-08-04,448.8545227050781
2020-08-05,456.51751708984375
2020-08-06,466.3063659667969
2020-08-07,465.1198425292969
2020-08-10,476.8367919921875
2020-08-11,471.84356689453125
2020-08-12,472.0906982421875
2020-08-13,465.4164733886719
2020-08-14,453.7983703613281
2020-08-17,448.162353515625
2020-08-18,448.755615234375
2020-08-19,449.44769287109375
2020-08-20,434.17120361328125
2020-08-21,442.47686767578125
2020-08-24,438.6206359863281
2020-08-25,441.3398132324219
2020-08-26,444.2072448730469
2020-08-27,443.96002197265625
2020-08-28,446.2342224121094
2020-08-31,417.9058532714844
2020-09-01,425.4205017089844
2020-09-02,432.984619140625
2020-09-03,433.7261962890625
2020-09-04,416.17547607421875
2020-09-07,420.0811462402344
2020-09-08,437.23638916015625
2020-09-09,429.5239562988281
2020-09-10,442.1308288574219
2020-09-11,434.2205810546875
2020-09-14,425.5193786621094
2020-09-15,422.6025085449219
2020-09-16,429.9688720703125
2020-09-17,421.71258544921875
2020-09-18,417.0159606933594
2020-09-21,408.5618896484375
2020-09-22,398.72357177734375
2020-09-23,404.1124572753906
2020-09-24,409.6001281738281
2020-09-25,410.1933898925781
2020-09-28,415.7305603027344
2020-09-29,418.30126953125
2020-09-30,416.17547607421875
2020-10-01,418.64739990234375
2020-10-05,415.3844299316406
2020-10-06,425.9149169921875
2020-10-07,428.7823181152344
2020-10-08,428.7823181152344
2020-10-09,424.72833251953125
2020-10-12,414.14849853515625
2020-10-13,410.885498046875
2020-10-14,420.3778076171875
2020-10-15,414.0990295410156
2020-10-16,410.094482421875
2020-10-19,418.4991455078125
2020-10-20,416.81817626953125
2020-10-21,406.9798889160156
2020-10-22,409.3529052734375
2020-10-23,404.1124572753906
2020-10-26,400.1573181152344
2020-10-27,407.5731506347656
2020-10-28,404.3101806640625
2020-10-29,403.5685729980469
2020-10-30,398.8224792480469
2020-11-02,398.87188720703125
2020-11-03,405.1011657714844
2020-11-04,405.1011657714844
2020-11-05,408.9574279785156
2020-11-06,413.01141357421875
2020-11-09,417.3125915527344
2020-11-10,416.71929931640625
2020-11-11,423.7395935058594
2020-11-12,424.6295471191406
2020-11-13,427.7935485839844
2020-11-14,428.6834411621094
2020-11-17,443.91064453125
2020-11-18,449.942138671875
2020-11-19,436.34649658203125
2020-11-20,448.5083923339844
2020-11-23,448.162353515625
2020-11-24,444.3061828613281
2020-11-25,442.77349853515625
2020-11-26,449.29937744140625
2020-11-27,436.7419738769531
2020-12-01,452.21630859375
2020-12-02,462.3512878417969
2020-12-03,472.0906982421875
2020-12-04,470.8547668457031
2020-12-07,476.8367919921875
2020-12-08,477.875
2020-12-09,481.38519287109375
2020-12-10,490.976318359375
2020-12-11,493.052734375
2020-12-14,484.7470397949219
2020-12-15,474.7603759765625
2020-12-16,480.79193115234375
2020-12-17,476.7379455566406
2020-12-18,477.1334533691406
2020-12-21,463.9333190917969
2020-12-22,477.083984375
2020-12-23,479.3088073730469
2020-12-24,490.5807800292969
2020-12-28,495.3269348144531
2020-12-29,494.3381652832031
2020-12-30,493.151611328125
2020-12-31,493.2504577636719
2021-01-01,493.1021728515625
2021-01-04,498.2437744140625
2021-01-05,501.8033752441406
2021-01-06,504.6708068847656
2021-01-07,503.9787292480469
2021-01-08,519.9968872070312
2021-01-11,520.2440795898438
2021-01-12,515.7945556640625
2021-01-13,503.9787292480469
2021-01-14,503.2371520996094
2021-01-15,494.0909729003906
2021-01-18,501.2101135253906
2021-01-19,509.7630920410156
2021-01-20,509.4664611816406
2021-01-21,500.41912841796875
2021-01-22,496.26629638671875
2021-01-25,496.26629638671875
2021-01-27,493.4482727050781
2021-01-28,485.38970947265625
2021-01-29,475.6008605957031
2021-02-01,483.95599365234375
2021-02-02,469.668212890625
2021-02-03,473.12890625
2021-02-04,471.2502746582031
2021-02-05,467.0479736328125
2021-02-08,471.4479675292969
2021-02-09,471.4974060058594
2021-02-10,470.8052673339844
2021-02-11,485.7358093261719
2021-02-12,481.7807312011719
2021-02-15,480.8907775878906
2021-02-16,485.2414245605469
2021-02-17,482.81890869140625
2021-02-18,480.74249267578125
2021-02-19,480.0009460449219
2021-02-22,460.52203369140625
2021-02-23,465.6142272949219
2021-02-24,472.2390441894531
2021-02-25,472.2884216308594
2021-02-26,456.3691711425781
2021-03-01,466.8501892089844
2021-03-02,471.7940673828125
2021-03-03,484.69757080078125
2021-03-04,492.06396484375
2021-03-05,478.0727844238281
2021-03-08,473.6726989746094
2021-03-09,480.74249267578125
2021-03-10,478.5671691894531
2021-03-12,456.6163635253906
2021-03-15,445.1960144042969
2021-03-16,438.9172668457031
2021-03-17,421.7620544433594
2021-03-18,417.3125915527344
2021-03-19,425.2227478027344
2021-03-22,432.8363037109375
2021-03-23,431.05657958984375
2021-03-24,424.9755554199219
2021-03-25,425.2227478027344
2021-03-26,425.8160095214844
2021-03-30,426.90362548828125
2021-03-31,440.5982360839844
2021-04-01,439.36224365234375
2021-04-05,431.7981262207031
2021-04-06,443.46563720703125
2021-04-07,450.7331848144531
2021-04-08,449.7443542480469
2021-04-09,450.3870849609375
2021-04-12,438.7195739746094
2021-04-13,453.74896240234375
2021-04-15,450.8815002441406
2021-04-16,445.9870300292969
2021-04-19,446.975830078125
2021-04-20,472.5850830078125
2021-04-22,487.21893310546875
2021-04-23,506.6484375
2021-04-26,537.7947387695312
2021-04-27,520.7879028320312
2021-04-28,515.0035400390625
2021-04-29,518.612548828125
2021-04-30,516.0911865234375
2021-05-03,545.5072631835938
2021-05-04,547.4848022460938
2021-05-05,553.120849609375
2021-05-06,558.2130737304688
2021-05-07,555.4445190429688
2021-05-10,550.0556640625
2021-05-11,566.172607421875
2021-05-12,549.7590942382812
2021-05-14,553.8624877929688
2021-05-17,542.5408935546875
2021-05-18,541.898193359375
2021-05-19,538.1903686523438
2021-05-20,535.8173217773438
2021-05-21,538.7836303710938
2021-05-24,547.5836791992188
2021-05-25,525.18798828125
2021-05-26,519.9968872070312
2021-05-27,521.4305419921875
2021-05-28,540.5634155273438
2021-05-31,548.028564453125
2021-06-01,545.8038940429688
2021-06-02,559.74560546875
2021-06-03,563.3052368164062
2021-06-04,571.75927734375
2021-06-07,575.6154174804688
2021-06-08,567.2603149414062
2021-06-09,564.7389526367188
2021-06-10,574.8739624023438
2021-06-11,573.242431640625
2021-06-14,581.3009643554688
2021-06-15,581.0042724609375
2021-06-16,573.2655029296875
2021-06-17,585.3201904296875
2021-06-18,575.4483032226562
2021-06-21,574.7537231445312
2021-06-22,597.7220458984375
2021-06-23,600.5993041992188
2021-06-24,596.3330078125
2021-06-25,611.4137573242188
2021-06-28,614.7374267578125
2021-06-29,609.8759155273438
2021-06-30,607.8916015625
2021-07-01,609.5286865234375
2021-07-02,614.5390014648438
2021-07-05,616.37451171875
2021-07-06,622.1785278320312
2021-07-07,623.1210327148438
2021-07-08,616.2256469726562
2021-07-09,608.5364379882812
2021-07-12,620.5911865234375
2021-07-13,621.3352661132812
2021-07-14,627.0897827148438
2021-07-15,617.7634887695312
2021-07-16,622.1289672851562
2021-07-19,621.3352661132812
2021-07-20,600.0535888671875
2021-07-22,630.4135131835938
2021-07-23,639.9877319335938
2021-07-26,641.7239990234375
2021-07-27,648.6690063476562
2021-07-28,647.4784545898438
2021-07-29,631.35595703125
2021-07-30,627.9827270507812
2021-08-02,628.8756103515625
2021-08-03,645.8910522460938
2021-08-04,664.493896484375
2021-08-05,645.3948974609375
2021-08-06,645.8414916992188
2021-08-09,646.7839965820312
2021-08-10,653.5305786132812
2021-08-11,651.2487182617188
2021-08-12,664.3450317382812
2021-08-13,666.1309814453125
2021-08-16,666.5277709960938
2021-08-17,670.9924926757812
2021-08-18,675.3580322265625
2021-08-20,660.9717407226562
2021-08-23,676.10205078125
2021-08-24,663.7498168945312
2021-08-25,650.2565307617188
2021-08-26,646.7343139648438
2021-08-27,651.0006103515625
2021-08-30,653.8282470703125
2021-08-31,653.9274291992188
2021-09-01,653.2825927734375
2021-09-02,670.7940063476562
2021-09-03,692.2741088867188
2021-09-06,688.50390625
2021-09-07,696.5899658203125
2021-09-08,711.5219116210938
2021-09-09,691.2323608398438
2021-09-13,687.958251953125
2021-09-14,684.48583984375
2021-09-15,690.0418090820312
2021-09-16,694.2088623046875
2021-09-17,698.028564453125
2021-09-20,673.2247924804688
2021-09-21,686.866943359375
2021-09-22,682.4517822265625
2021-09-23,680.3683471679688
2021-09-24,668.2144775390625
2021-09-27,658.4417724609375
2021-09-28,658.7890014648438
2021-09-29,667.7183227539062
2021-09-30,666.5774536132812
2021-10-01,662.5591430664062
2021-10-04,671.1907958984375
2021-10-05,673.5720825195312
2021-10-06,673.3240356445312
2021-10-07,676.3004760742188
2021-10-08,654.9692993164062
2021-10-11,656.3086547851562
2021-10-12,656.507080078125
2021-10-13,651.6454467773438
2021-10-14,646.8336181640625
2021-10-18,668.2144775390625
2021-10-19,654.5227661132812
2021-10-20,626.7921752929688
2021-10-21,624.361328125
2021-10-22,615.6304321289062
2021-10-25,616.12646484375
2021-10-26,617.7634887695312
2021-10-27,626.990478515625
2021-10-28,612.6538696289062
2021-10-29,613.546875
2021-11-01,621.2857055664062
2021-11-02,626.5440673828125
2021-11-03,618.4083862304688
2021-11-04,622.2778930664062
2021-11-08,650.107666015625
2021-11-09,646.1886596679688
2021-11-10,641.3272094726562
2021-11-11,637.0112915039062
2021-11-12,667.3214721679688
2021-11-15,659.0370483398438
2021-11-16,648.2225952148438
2021-11-17,638.2017822265625
2021-11-18,635.126220703125
2021-11-22,615.431884765625
2021-11-23,611.4137573242188
2021-11-24,599.3590698242188
2021-11-25,594.8447265625
2021-11-26,585.2705688476562
2021-11-29,582.6412963867188
2021-11-30,588.3958740234375
2021-12-01,592.3643798828125
2021-12-02,603.9230346679688
2021-12-03,598.6149291992188
2021-12-06,581.3515014648438
2021-12-07,582.0956420898438
2021-12-08,582.393310546875
2021-12-09,575.4483032226562
2021-12-10,573.61279296875
2021-12-13,563.6416015625
2021-12-14,571.9757690429688
2021-12-15,562.4013671875
2021-12-16,573.5134887695312
2021-12-17,552.033447265625
2021-12-20,537.2007446289062
2021-12-21,553.8193359375
2021-12-22,553.7200317382812
2021-12-23,558.2344360351562
2021-12-24,559.9210205078125
2021-12-27,554.8114624023438
2021-12-28,559.3257446289062
2021-12-29,550.4955444335938
2021-12-30,547.866455078125
2021-12-31,556.39892578125
2022-01-03,562.7485961914062
2022-01-04,566.46923828125
2022-01-05,570.7355346679688
2022-01-06,570.5370483398438
2022-01-07,579.2184448242188
2022-01-10,585.0720825195312
2022-01-11,578.5238647460938
2022-01-12,583.633544921875
2022-01-13,586.1138916015625
2022-01-14,586.4611206054688
2022-01-17,610.8184204101562
2022-01-18,603.228515625
2022-01-19,569.296875
2022-01-20,573.910400390625
2022-01-21,573.0175170898438
2022-01-24,563.5919799804688
2022-01-25,551.8846435546875
2022-01-27,539.0858764648438
2022-01-28,541.0701293945312
2022-01-31,556.0516967773438
2022-02-01,552.1822509765625
2022-02-02,549.4042358398438
2022-02-03,539.9291381835938
2022-02-04,531.5950927734375
2022-02-07,518.845947265625
2022-02-08,511.851318359375
2022-02-09,511.7520446777344
2022-02-10,523.70751953125
2022-02-11,513.2402954101562
2022-02-14,498.6556701660156
2022-02-15,503.1203308105469
2022-02-16,498.80450439453125
2022-02-17,513.8356323242188
2022-02-18,521.0782470703125
2022-02-21,506.543212890625
2022-02-22,501.13604736328125
2022-02-23,496.8201599121094
2022-02-24,463.4838562011719
2022-02-25,473.7030334472656
2022-02-28,475.38970947265625
2022-03-02,483.9717712402344
2022-03-03,461.2515563964844
2022-03-04,448.3535461425781
2022-03-07,443.2935485839844
2022-03-08,445.6250915527344
2022-03-09,445.7243347167969
2022-03-10,456.2411804199219
2022-03-11,459.416015625
2022-03-14,459.7632751464844
2022-03-15,454.4056701660156
2022-03-16,464.82330322265625
2022-03-17,488.43646240234375
2022-03-21,473.7030334472656
2022-03-22,477.9692687988281
2022-03-23,473.85186767578125
2022-03-24,479.11029052734375
2022-03-25,484.4182434082031
2022-03-28,474.9432373046875
2022-03-29,491.6609802246094
2022-03-30,496.3241271972656
2022-03-31,496.968994140625
2022-04-01,504.0132751464844
2022-04-04,505.15423583984375
2022-04-05,504.1620788574219
2022-04-06,512.446533203125
2022-04-07,517.4569091796875
2022-04-08,529.61083984375
2022-04-11,532.9345703125
2022-04-12,531.0989990234375
2022-04-13,536.7543334960938
2022-04-18,537.8953247070312
2022-04-19,511.7520446777344
2022-04-20,522.1200561523438
2022-04-21,528.37060546875
2022-04-22,519.9869384765625
2022-04-25,512.89306640625
2022-04-26,519.3916015625
2022-04-27,514.5301513671875
2022-04-28,530.0572509765625
2022-04-29,521.6239013671875
2022-05-02,514.8277587890625
2022-05-04,507.3370056152344
2022-05-05,508.9244079589844
2022-05-06,506.0471496582031
2022-05-09,500.88800048828125
2022-05-10,495.08392333984375
2022-05-11,504.11248779296875
2022-05-12,485.0135498046875
2022-05-13,485.55926513671875
2022-05-16,496.3736572265625
2022-05-17,496.3736572265625
2022-05-18,498.7548828125
2022-05-19,494.1910095214844
2022-05-20,509.4700927734375
2022-05-23,503.9140930175781
2022-05-24,503.4676208496094
2022-05-25,516.5640258789062
2022-05-26,524.749267578125
2022-05-27,525.1461181640625
2022-05-30,526.2374877929688
2022-05-31,517.5064697265625
2022-06-01,543.6002197265625
2022-06-02,541.0701293945312
2022-06-03,544.889892578125
2022-06-06,560.6155395507812
2022-06-07,551.7853393554688
2022-06-08,539.2842407226562
2022-06-09,558.8792724609375
2022-06-10,554.6626586914062
2022-06-13,537.9945068359375
2022-06-14,527.3783569335938
2022-06-15,520.3837890625
2022-06-16,516.2620239257812
2022-06-17,503.8471374511719
2022-06-20,497.8382873535156
2022-06-21,498.98046875
2022-06-22,483.5859680175781
2022-06-23,493.7662048339844
2022-06-24,489.4954528808594
2022-06-27,491.283203125
2022-06-28,487.3104248046875
2022-06-29,479.3648681640625
2022-06-30,485.6716613769531
2022-07-01,496.8451232910156
2022-07-04,507.8198547363281
2022-07-05,497.04376220703125
2022-07-06,505.8831481933594
2022-07-07,518.3973999023438
2022-07-08,514.7225341796875
2022-07-11,518.3973999023438
2022-07-12,522.2708129882812
2022-07-13,521.2776489257812
2022-07-14,509.85589599609375
2022-07-15,513.5803833007812
2022-07-18,519.4899291992188
2022-07-19,517.3546142578125
2022-07-20,519.390625
2022-07-21,527.1375732421875
2022-07-22,528.6273193359375
2022-07-25,528.4286499023438
2022-07-26,523.462646484375
2022-07-27,525.3497924804688
2022-07-28,526.392578125
2022-07-29,549.8319091796875
2022-08-01,555.6421508789062
2022-08-02,539.8504028320312
2022-08-03,545.561279296875
2022-08-04,556.3374633789062
2022-08-05,578.137939453125
2022-08-08,565.9713134765625
2022-08-10,553.35791015625
2022-08-11,543.62451171875
2022-08-12,554.99658203125
2022-08-16,573.9666137695312
2022-08-17,576.5488891601562
2022-08-18,589.6590576171875
2022-08-19,572.5761108398438
2022-08-22,573.321044921875
2022-08-23,576.5985717773438
2022-08-24,580.42236328125
2022-08-25,585.189697265625
2022-08-26,587.8216552734375
2022-08-29,578.08837890625
2022-08-30,590.5528564453125
2022-09-01,589.26171875
2022-09-02,588.864501953125
2022-09-05,581.0679321289062
2022-09-06,587.176025390625
2022-09-07,590.006591796875
2022-09-08,589.0134887695312
2022-09-09,581.0679321289062
2022-09-12,584.9413452148438
2022-09-13,580.819580078125
2022-09-14,574.5128173828125
2022-09-15,571.2849731445312
2022-09-16,552.563232421875
2022-09-19,553.2584838867188
2022-09-20,557.181640625
2022-09-21,554.7979125976562
2022-09-22,549.2857055664062
2022-09-23,541.8367309570312
2022-09-26,531.5075073242188
2022-09-27,528.8755493164062
2022-09-28,529.0742797851562
2022-09-29,526.2933349609375
2022-09-30,522.3701782226562
2022-10-03,506.4294128417969
2022-10-04,523.313720703125
2022-10-06,518.0994873046875
2022-10-07,519.0429077148438
2022-10-10,512.0906372070312
2022-10-11,505.3368835449219
2022-10-12,508.6144104003906
2022-10-13,497.4410400390625
2022-10-14,509.85589599609375
2022-10-17,506.2308044433594
2022-10-18,509.9056091308594
2022-10-19,504.7409973144531
2022-10-20,515.268798828125
2022-10-21,506.52874755859375
2022-10-24,508.2171630859375
2022-10-25,500.37091064453125
2022-10-27,496.99407958984375
2022-10-28,498.7321472167969
2022-10-31,504.0953674316406
2022-11-01,516.7090454101562
2022-11-02,513.7294311523438
2022-11-03,515.6165161132812
2022-11-04,511.097412109375
2022-11-07,509.6075744628906
2022-11-09,497.1927490234375
2022-11-10,485.77099609375
2022-11-11,485.2743835449219
2022-11-14,482.2948303222656
2022-11-15,477.825439453125
2022-11-16,471.7669677734375
2022-11-17,473.7037048339844
2022-11-18,466.5030822753906
2022-11-21,462.1329650878906
2022-11-22,464.1690673828125
2022-11-23,456.9683837890625
2022-11-24,458.8554382324219
2022-11-25,449.0228271484375
2022-11-28,452.05206298828125
2022-11-29,467.8935241699219
2022-11-30,472.95880126953125
2022-12-01,473.4057312011719
2022-12-02,478.96759033203125
2022-12-05,472.0649108886719
2022-12-06,464.8146057128906
2022-12-07,461.9343566894531
2022-12-08,459.103759765625
2022-12-09,453.7405090332031
2022-12-12,447.83099365234375
2022-12-13,446.73846435546875
2022-12-14,450.5126037597656
2022-12-15,449.9167175292969
2022-12-16,441.3255615234375
2022-12-19,449.5690612792969
2022-12-20,451.25750732421875
2022-12-21,451.1085510253906
2022-12-22,447.1357727050781
2022-12-23,436.6575622558594
2022-12-26,442.86505126953125
2022-12-27,447.3343811035156
2022-12-28,446.3908386230469
2022-12-29,444.95074462890625
2022-12-30,448.228271484375
2023-01-02,449.32080078125
2023-01-03,465.6588439941406
2023-01-04,465.55950927734375
2023-01-05,468.48944091796875
2023-01-06,469.78057861328125
2023-01-09,463.4737854003906
2023-01-10,462.4805908203125
2023-01-11,458.5574951171875
2023-01-12,461.5370788574219
2023-01-13,466.3540954589844
2023-01-16,474.2995910644531
2023-01-17,481.5002136230469
2023-01-18,484.0328674316406
2023-01-19,480.1594543457031
2023-01-20,467.4962463378906
2023-01-23,471.4690246582031
2023-01-24,466.7513427734375
2023-01-25,460.9908447265625
2023-01-27,462.0833435058594
2023-01-30,451.406494140625
2023-01-31,449.32080078125
2023-02-01,399.21417236328125
2023-02-02,406.6631164550781
2023-02-03,415.1549377441406
2023-02-06,426.22906494140625
2023-02-07,423.1501159667969
2023-02-08,433.4296569824219
2023-02-09,434.27392578125
2023-02-10,434.57183837890625
2023-02-13,434.4228820800781
2023-02-14,433.33038330078125
2023-02-15,435.7637023925781
2023-02-16,425.58349609375
2023-02-17,414.7079772949219
2023-02-20,417.6379089355469
2023-02-21,415.6018371582031
2023-02-22,408.15289306640625
2023-02-23,399.76043701171875
2023-02-24,396.9795227050781
2023-02-27,402.4420471191406
2023-02-28,406.1168518066406
2023-03-01,405.07403564453125
2023-03-02,395.738037109375
2023-03-03,402.7896423339844
2023-03-06,402.6406555175781
2023-03-08,404.6767578125
2023-03-09,394.89373779296875
2023-03-10,391.3182678222656
2023-03-13,390.02716064453125
2023-03-14,384.4155578613281
2023-03-15,381.4360046386719
2023-03-16,406.86175537109375
2023-03-17,403.1372985839844
2023-03-20,402.83935546875
2023-03-21,413.0691833496094
2023-03-22,424.7889099121094
2023-03-23,415.8997802734375
2023-03-24,417.38958740234375
2023-03-27,416.5950622558594
2023-03-28,418.8794250488281
2023-03-29,423.5970458984375
2023-03-31,432.7344970703125
2023-04-03,434.9691467285156
2023-04-05,435.1181335449219
2023-04-06,437.9487609863281
2023-04-10,430.0528259277344
2023-04-11,432.9330749511719
2023-04-12,439.4881896972656
2023-04-13,439.88543701171875
2023-04-17,447.5826721191406
2023-04-18,446.8377990722656
2023-04-19,442.56707763671875
2023-04-20,452.5983581542969
2023-04-21,441.07733154296875
2023-04-24,439.7861022949219
2023-04-25,431.59228515625
2023-04-26,425.8814392089844
2023-04-27,421.5610656738281
2023-04-28,431.5426025390625
2023-05-02,436.5582275390625
2023-05-03,427.3215637207031
2023-05-04,434.4725646972656
2023-05-05,432.7344970703125
2023-05-08,439.0412292480469
2023-05-09,441.6732177734375
2023-05-10,447.7813415527344
2023-05-11,446.9371337890625
2023-05-12,430.3507995605469
2023-05-15,435.7140808105469
2023-05-16,431.2943115234375
2023-05-17,421.95831298828125
2023-05-18,421.36236572265625
2023-05-19,422.9515075683594
2023-05-22,433.5786437988281
2023-05-23,437.2038269042969
2023-05-24,437.3031311035156
2023-05-25,435.26708984375
2023-05-26,442.9147033691406
2023-05-29,458.65679931640625
2023-05-30,464.3676452636719
2023-05-31,462.8282165527344
2023-06-01,474.7465515136719
2023-06-02,468.5887451171875
2023-06-05,482.44378662109375
2023-06-06,493.31927490234375
2023-06-07,504.1451110839844
2023-06-08,509.30963134765625
2023-06-09,491.68048095703125
2023-06-12,499.9736328125
2023-06-13,504.1947326660156
2023-06-14,513.4810791015625
2023-06-15,509.0116882324219
2023-06-16,530.5640258789062
2023-06-19,545.5115356445312
2023-06-20,559.4163208007812
2023-06-21,564.03466796875
2023-06-22,558.7210083007812
2023-06-23,552.3645629882812
2023-06-26,560.2108764648438
2023-06-27,576.151611328125
2023-06-28,569.298583984375
2023-06-30,568.6033325195312
2023-07-03,573.2216186523438
2023-07-04,561.7503051757812
2023-07-05,568.5040283203125
2023-07-06,571.880859375
2023-07-07,569.3978881835938
2023-07-10,590.9501953125
2023-07-11,590.205322265625
2023-07-12,593.0358276367188
2023-07-13,594.72607421875
2023-07-14,584.4360961914062
2023-07-17,579.1668701171875
2023-07-18,571.4121704101562
2023-07-19,556.2010498046875
2023-07-20,544.5690307617188
2023-07-21,547.849853515625
2023-07-24,566.888671875
2023-07-25,573.649169921875
2023-07-26,573.3012084960938
2023-07-27,568.9763793945312
2023-07-28,577.0791015625
2023-07-31,576.1346435546875
2023-08-01,571.3624877929688
2023-08-02,564.55224609375
2023-08-03,567.4851684570312
2023-08-04,575.6375122070312
2023-08-07,575.2398071289062
2023-08-08,577.7750854492188
2023-08-09,574.8919067382812
2023-08-10,572.3070068359375
2023-08-11,556.7478637695312
2023-08-14,551.7769165039062
2023-08-16,542.7297973632812
2023-08-17,540.194580078125
2023-08-18,534.3785400390625
2023-08-21,534.42822265625
2023-08-22,544.3701782226562
2023-08-23,546.0602416992188
2023-08-24,541.58642578125
2023-08-25,544.8672485351562
2023-08-28,544.9667358398438
2023-08-29,554.8092041015625
2023-08-30,556.7975463867188
2023-08-31,560.625244140625
2023-09-01,558.5374145507812
2023-09-04,550.3353271484375
2023-09-05,533.7322998046875
2023-09-06,536.5160522460938
2023-09-07,543.9725341796875
2023-09-08,553.467041015625
2023-09-11,573.2017211914062
2023-09-12,551.3295288085938
2023-09-13,563.4089965820312
2023-09-14,566.1927490234375
2023-09-15,591.5446166992188
2023-09-18,599.1004028320312
2023-09-20,584.7841186523438
2023-09-21,561.7685546875
2023-09-22,574.8422241210938
2023-09-25,574.4445190429688
2023-09-26,573.6988525390625
2023-09-27,576.58203125
2023-09-28,562.8124389648438
2023-09-29,562.911865234375
2023-10-03,555.6044921875
2023-10-04,554.3120727539062
2023-10-05,548.4464111328125
2023-10-06,556.1016235351562
2023-10-09,540.6419067382812
2023-10-10,537.01318359375
2023-10-11,521.8517456054688
2023-10-12,521.802001953125
2023-10-13,519.5650024414062
2023-10-16,527.966064453125
2023-10-17,530.6005859375
2023-10-18,517.974365234375
2023-10-19,519.1674194335938
2023-10-20,523.1441650390625
2023-10-23,517.974365234375
2023-10-25,515.787109375
2023-10-26,507.8833312988281
2023-10-27,515.9859619140625
2023-10-30,517.228759765625
2023-10-31,522.1996459960938
2023-11-01,512.3571166992188
2023-11-02,521.9014282226562
2023-11-03,517.1292724609375
2023-11-06,518.769775390625
2023-11-07,534.7762451171875
2023-11-08,527.5185546875
2023-11-09,525.132568359375
2023-11-10,527.021484375
2023-11-13,522.796142578125
2023-11-15,540.0951538085938
2023-11-16,545.0164184570312
2023-11-17,556.5987548828125
2023-11-20,546.6071166992188
2023-11-21,552.5225830078125
2023-11-22,554.8092041015625
2023-11-23,552.721435546875
2023-11-24,552.2243041992188
2023-11-28,548.3469848632812
2023-11-29,548.49609375
2023-11-30,559.332763671875
2023-12-01,555.5548095703125
2023-12-04,560.0286865234375
2023-12-05,541.2384643554688
2023-12-06,548.1978759765625
2023-12-07,544.0719604492188
2023-12-08,540.3934326171875
2023-12-11,534.328857421875
2023-12-12,547.4024658203125
2023-12-13,539.2500610351562
2023-12-14,529.2584838867188
2023-12-15,516.184814453125
2023-12-18,518.1732788085938
2023-12-19,516.9305419921875
2023-12-20,506.34228515625
2023-12-21,515.936279296875
2023-12-22,515.936279296875
2023-12-26,520.8575439453125
2023-12-27,523.5418701171875
2023-12-28,526.82275390625
2023-12-29,531.743896484375
2024-01-01,528.8607788085938
2024-01-02,531.2965698242188
2024-01-03,531.793701171875
2024-01-04,536.7149047851562
2024-01-05,537.8582763671875
2024-01-08,538.802734375
2024-01-09,537.7090454101562
2024-01-10,538.1067504882812
2024-01-11,538.4547119140625
2024-01-12,526.8723754882812
2024-01-15,519.1674194335938
2024-01-16,514.8923950195312
2024-01-17,511.95953369140625
2024-01-18,483.3764953613281
2024-01-19,491.7276916503906
2024-01-23,476.66571044921875
2024-01-24,485.7127685546875
2024-01-25,483.4758605957031
2024-01-29,488.7451171875
2024-01-30,492.7218933105469
2024-01-31,500.32745361328125
2024-02-01,512.9039916992188
2024-02-02,503.55859375
2024-02-05,501.8684387207031
2024-02-06,522.9453735351562
2024-02-07,527.3695678710938
2024-02-08,517.477294921875
2024-02-09,518.4218139648438
2024-02-12,501.5205078125
2024-02-13,508.92718505859375
2024-02-14,505.84521484375
2024-02-15,502.1667175292969
2024-02-16,509.0763244628906
2024-02-19,511.7109680175781
2024-02-20,518.62060546875
2024-02-21,517.0795288085938
2024-02-22,515.3397216796875
2024-02-23,519.8135986328125
2024-02-26,520.0621948242188
2024-02-27,515.8367919921875
2024-02-28,520.260986328125
2024-02-29,529.5567626953125
2024-03-01,536.3172607421875
2024-03-04,543.773681640625
2024-03-05,550.4844360351562
2024-03-06,573.5
2024-03-07,580.2108154296875
2024-03-11,596.8138427734375
2024-03-12,597.0126953125
2024-03-13,570.2191162109375
2024-03-14,569.3742065429688
2024-03-15,564.452880859375
2024-03-18,562.5639038085938
2024-03-19,546.4082641601562
2024-03-20,557.0958251953125
2024-03-21,576.8802490234375
2024-03-22,578.470947265625
2024-03-26,596.4161987304688
2024-03-27,595.6207885742188
2024-03-28,605.1154174804688
2024-04-01,612.5220336914062
2024-04-02,619.6802978515625
2024-04-03,617.1450805664062
2024-04-04,602.232177734375
2024-04-05,616.3993530273438
2024-04-08,625.0489501953125
2024-04-09,621.6189575195312
2024-04-10,623.7067260742188
2024-04-12,625.3472290039062
2024-04-15,612.7705688476562
2024-04-16,604.9662475585938
2024-04-18,599.0010986328125
2024-04-19,584.7344360351562
2024-04-22,576.929931640625
2024-04-23,590.4013061523438
2024-04-24,572.3070068359375
2024-04-25,560.873779296875
2024-04-26,562.9616088867188
2024-04-29,556.6484985351562
2024-04-30,569.5729370117188
2024-05-02,573.2017211914062
2024-05-03,573.3508911132812
2024-05-06,570.96484375
2024-05-07,574.4445190429688
2024-05-08,583.591064453125
2024-05-09,574.8919067382812
2024-05-10,588.3134765625
2024-05-13,593.831298828125
2024-05-14,593.7318115234375
2024-05-15,573.6988525390625
2024-05-16,586.6234130859375
2024-05-17,586.7724609375
2024-05-21,576.8306274414062
2024-05-22,574.0468139648438
2024-05-23,581.6524047851562
2024-05-24,576.1346435546875
2024-05-27,569.5729370117188
2024-05-28,579.1668701171875
2024-05-29,552.969970703125
2024-05-30,545.7620239257812
2024-05-31,542.282470703125
2024-06-03,548.8440551757812
2024-06-04,539.7472534179688
2024-06-05,559.332763671875
2024-06-06,560.326904296875
2024-06-07,568.0817260742188
2024-06-10,577.6259155273438
2024-06-11,578.2721557617188
2024-06-12,576.3831787109375
2024-06-13,593.302001953125
2024-06-14,610.7681274414062
2024-06-18,603.9010620117188
2024-06-19,598.9747314453125
2024-06-20,602.6072998046875
2024-06-21,601.5125732421875
2024-06-24,602.5078125
2024-06-25,597.4818725585938
2024-06-26,593.6502685546875
2024-06-27,596.7852783203125
2024-06-28,602.8063354492188
2024-07-01,613.7537841796875
2024-07-02,617.3863525390625
2024-07-03,631.3692626953125
2024-07-04,630.4237670898438
2024-07-05,639.9281005859375
2024-07-08,633.3098754882812
2024-07-09,643.4114379882812
2024-07-10,657.5933837890625
2024-07-11,650.2286987304688
2024-07-12,648.0391845703125
2024-07-15,651.1243896484375
2024-07-16,651.223876953125
2024-07-18,651.6717529296875
2024-07-19,640.3262939453125
2024-07-22,630.7720947265625
2024-07-23,635.3501586914062
2024-07-24,690.9332885742188
2024-07-25,698.3477172851562
2024-07-26,721.4369506835938
2024-07-29,715.6148071289062
2024-07-30,720.391845703125
2024-07-31,732.4341430664062
2024-08-01,731.1900634765625
2024-08-02,725.1192016601562
2024-08-05,710.7880249023438
2024-08-06,696.7056274414062
2024-08-07,722.5813598632812
2024-08-08,735.1212158203125
2024-08-09,735.7183227539062
2024-08-12,725.2684326171875
2024-08-13,720.8397216796875
2024-08-14,714.7688598632812
2024-08-16,716.6099853515625
2024-08-19,716.6099853515625
2024-08-20,738.9527587890625
2024-08-21,737.9078369140625
2024-08-22,729.4981689453125
2024-08-23,728.4531860351562
2024-08-26,719.7947387695312
2024-08-27,740.594970703125
2024-08-28,741.042724609375
2024-08-29,738.7537231445312
2024-08-30,749.5519409179688
2024-09-02,749.8505249023438
2024-09-03,760.051513671875
2024-09-04,765.6744995117188
2024-09-05,754.428466796875
2024-09-06,747.0639038085938
2024-09-09,754.528076171875
2024-09-10,742.4360961914062
2024-09-11,747.3126831054688
2024-09-12,752.0399780273438
2024-09-13,751.6419067382812
2024-09-16,746.3174438476562
2024-09-17,746.4169311523438
2024-09-18,747.0639038085938
2024-09-19,751.4925537109375
2024-09-20,764.3309936523438
2024-09-23,787.2708129882812
2024-09-24,771.9942016601562
2024-09-25,769.9539794921875
2024-09-26,778.463134765625
2024-09-27,785.7282104492188
2024-09-30,776.4229736328125
2024-10-01,763.5347900390625
2024-10-03,753.8313598632812
2024-10-04,752.1395263671875
2024-10-07,741.39111328125
2024-10-08,739.0523071289062
2024-10-09,752.0399780273438
2024-10-10,742.0379638671875
2024-10-11,739.0025634765625
2024-10-14,735.6188354492188
2024-10-15,730.2445678710938
2024-10-16,741.8389282226562
2024-10-17,731.637939453125
2024-10-18,741.7891845703125
2024-10-21,746.0188598632812
2024-10-22,727.5574951171875
2024-10-23,742.8839721679688
2024-10-24,764.3309936523438
2024-10-25,739.3011474609375
2024-10-28,745.9691162109375
2024-10-29,764.7290649414062
2024-10-30,743.9786376953125
2024-10-31,737.4599609375
2024-11-01,741.39111328125
2024-11-04,732.2847900390625
2024-11-05,728.6522827148438
2024-11-06,712.8281860351562
2024-11-07,710.4396362304688
2024-11-08,706.9563598632812
2024-11-11,700.935302734375
2024-11-12,698.7457885742188
2024-11-13,684.713134765625
2024-11-14,690.5849609375
2024-11-18,689.8883666992188
2024-11-19,681.926513671875
2024-11-21,675.3082885742188
2024-11-22,683.9169921875
2024-11-25,684.3648681640625
2024-11-26,687.9476318359375
2024-11-27,677.5475463867188
2024-11-28,688.5447387695312
2024-11-29,696.3074951171875
2024-12-02,688.5945434570312
2024-12-03,680.9313354492188
2024-12-04,672.5714721679688
2024-12-05,671.4766845703125
2024-12-06,671.6259765625
2024-12-09,672.9695434570312
2024-12-10,677.74658203125
2024-12-11,692.0280151367188
2024-12-12,688.6443481445312
2024-12-13,682.4739379882812
2024-12-16,676.2537841796875
2024-12-17,667.5455932617188
2024-12-18,659.384765625
2024-12-19,656.3493041992188
2024-12-20,650.776123046875
2024-12-23,646.49658203125
2024-12-24,658.3895263671875
2024-12-26,664.908203125
2024-12-27,653.0153198242188
2024-12-30,643.9090576171875
2024-12-31,651.7214965820312
2025-01-01,656.6478271484375
2025-01-02,658.9368896484375
2025-01-03,670.3818969726562
2025-01-06,658.7378540039062
2025-01-07,659.5340576171875
2025-01-08,649.83056640625
2025-01-09,643.7597045898438
2025-01-10,641.470703125
2025-01-13,633.409423828125
2025-01-14,639.0822143554688
2025-01-15,630.025634765625
2025-01-16,648.2880249023438
2025-01-17,642.6649780273438
2025-01-20,638.2362670898438
2025-01-21,632.513671875
2025-01-22,595.19287109375
2025-01-23,591.85888671875
2025-01-24,587.678955078125
2025-01-27,586.23583984375
2025-01-28,597.43212890625
2025-01-29,603.9010620117188
2025-01-30,608.4791259765625
2025-01-31,613.05712890625
2025-02-01,603.1049194335938
2025-02-03,601.7613525390625
2025-02-04,604.0503540039062
2025-02-05,602.3584594726562
2025-02-06,597.0838623046875
2025-02-07,597.183349609375
2025-02-10,585.0415649414062
2025-02-11,572.053955078125
2025-02-12,577.030029296875
2025-02-13,588.0272216796875
2025-02-14,579.6674194335938
2025-02-17,572.4520874023438
2025-02-18,570.4616088867188
2025-02-19,573.2482299804688
2025-02-20,572.053955078125
2025-02-21,571.2578125
2025-02-24,563.6941528320312
2025-02-25,563.99267578125
2025-02-27,557.0758056640625
2025-02-28,548.9647827148438
2025-03-03,551.6021118164062
2025-03-04,545.1331787109375
2025-03-05,547.4221801757812
2025-03-06,547.521728515625
2025-03-07,546.924560546875
2025-03-10,542.0480346679688
2025-03-11,543.5408325195312
2025-03-12,542.2968139648438
2025-03-13,534.0364379882812
2025-03-17,546.0288696289062
2025-03-18,546.0288696289062
2025-03-19,560.310302734375
2025-03-20,575.437744140625
2025-03-21,578.6224975585938
2025-03-24,593.9985961914062
2025-03-25,589.4205932617188
2025-03-26,585.9373168945312
2025-03-27,588.57470703125
2025-03-28,561.6538696289062
2025-04-01,566.3314208984375
2025-04-02,560.6586303710938
2025-04-03,560.1610717773438
2025-04-04,554.1399536132812
2025-04-07,534.3350219726562
2025-04-08,554.3389892578125
2025-04-09,566.1323852539062
2025-04-11,550.308349609375
2025-04-15,564.4405517578125
2025-04-16,583.4990234375
2025-04-17,592.8043823242188
2025-04-21,600.0197143554688
2025-04-22,598.0790405273438
2025-04-23,604.10009765625
2025-04-24,599.4723510742188
2025-04-25,592.95361328125
2025-04-28,599.7210693359375
2025-04-29,602.3584594726562
2025-04-30,611.4150390625
2025-05-02,604.5480346679688
2025-05-05,609.2752685546875
2025-05-06,589.8187255859375
2025-05-07,589.1718139648438
2025-05-08,579.61767578125
2025-05-09,578.4234008789062
2025-05-12,601.1144409179688
2025-05-13,600.7661743164062
2025-05-14,605.3441162109375
2025-05-15,610.0714721679688
2025-05-16,612.6590576171875
2025-05-19,620.4715576171875
2025-05-20,610.0714721679688
2025-05-21,615.1968383789062
2025-05-22,616.7892456054688
2025-05-23,639.1320190429688
2025-05-26,646.8947143554688
2025-05-27,649.2333984375
2025-05-28,654.8564453125
2025-05-29,665.2565307617188
2025-05-30,659.2354736328125
2025-06-02,660.9771118164062
2025-06-03,637.8381958007812
2025-06-04,640.5252075195312
2025-06-05,634.8525390625
2025-06-06,633.0113525390625
2025-06-09,634.504150390625
2025-06-10,634.504150390625
2025-06-11,639.1320190429688
2025-06-12,629.4655151367188
2025-06-13,627.3229370117188
2025-06-16,636.5409545898438
2025-06-17,638.0855712890625
2025-06-18,629.2662353515625
2025-06-19,621.1942138671875
2025-06-20,631.5582275390625
2025-06-23,626.1768798828125
2025-06-24,632.4052734375
2025-06-25,632.4551391601562
2025-06-26,645.0614013671875
2025-06-27,645.6094360351562
2025-06-30,655.624755859375
2025-07-01,658.4649047851562
2025-07-02,656.5216064453125
2025-07-03,637.68701171875
2025-07-04,648.6987915039062
2025-07-07,663.7465209960938
2025-07-08,662.251708984375
2025-07-09,677.9970703125
2025-07-10,670.7223510742188
2025-07-11,658.4150390625
2025-07-14,670.1742553710938
2025-07-15,667.2842407226562
2025-07-16,648.3499755859375
2025-07-17,640.6766357421875
2025-07-18,631.6080932617188
2025-07-21,632.7042846679688
2025-07-22,622.9381713867188
2025-07-23,626.7250366210938
2025-07-24,620.6959228515625
2025-07-25,616.560302734375
2025-07-28,612.5741577148438
2025-07-29,614.2682495117188
2025-07-30,617.0087890625
2025-07-31,613.81982421875
2025-08-01,598.9713134765625
2025-08-04,609.3851928710938
2025-08-05,612.6239624023438
2025-08-06,617.2578735351562
2025-08-07,616.560302734375
2025-08-08,607.940185546875
2025-08-11,607.5416259765625
2025-08-12,614.6668701171875
2025-08-13,619.1513061523438
2025-08-14,624.4329833984375
2025-08-18,634.1990966796875
2025-08-19,631.25927734375
2025-08-20,629.8641357421875
2025-08-21,627.0239868164062
2025-08-22,623.8848876953125
2025-08-25,627.4724731445312
2025-08-26,614.1685791015625
2025-08-28,607.4419555664062
2025-08-29,597.7754516601562
2025-09-01,606.6945190429688
2025-09-02,608.5381469726562
2025-09-03,607.2426147460938
2025-09-04,597.7256469726562
2025-09-05,594.6862182617188
2025-09-08,591.0986938476562
2025-09-09,596.0814208984375
2025-09-10,600.1671752929688
2025-09-11,596.38037109375
2025-09-12,598.72216796875
2025-09-15,603.1069946289062
2025-09-16,601.6121826171875
2025-09-17,598.0245971679688
2025-09-18,602.9076538085938
2025-09-19,600.4661254882812
2025-09-22,607.39208984375
2025-09-23,598.7720336914062
2025-09-24,594.5866088867188
2025-09-25,592.9422607421875
2025-09-26,583.47509765625
2025-09-29,587.112548828125
2025-09-30,593.1416015625
2025-10-01,594.5366821289062
2025-10-03,599.0211181640625
2025-10-06,598.3734130859375
2025-10-07,601.412841796875
2025-10-08,590.8495483398438
2025-10-09,591.3478393554688
2025-10-10,595.6329345703125
2025-10-13,591.5470581054688
2025-10-14,595.981689453125
2025-10-15,585.9664916992188
2025-10-16,584.9699096679688
2025-10-17,593.689697265625
2025-10-20,594.6862182617188
2025-10-21,593.2412109375
2025-10-23,605.05029296875
2025-10-24,599.8682250976562
2025-10-27,598.67236328125
2025-10-28,598.4232177734375
2025-10-29,598.9215087890625
2025-10-30,598.3236083984375
2025-10-31,589.1055908203125
2025-11-03,597.1775512695312
2025-11-04,605.4488525390625
2025-11-06,601.6619873046875
2025-11-07,613.2218627929688
2025-11-10,612.6737670898438
2025-11-11,622.53955078125
2025-11-12,630.7610473632812
2025-11-13,627.9208374023438
2025-11-14,627.2731323242188
2025-11-17,628.4191284179688
2025-11-18,624.6322631835938
2025-11-19,611.8267211914062
2025-11-20,616.2613525390625
2025-11-21,608.7872924804688
2025-11-24,605.24951171875
2025-11-25,610.1326293945312
2025-11-26,619.749267578125
2025-11-27,623.087646484375
2025-11-28,617.606689453125
2025-12-01,619.4004516601562
2025-12-02,614.417724609375
2025-12-03,609.1360473632812
2025-12-04,613.2218627929688
2025-12-05,623.8848876953125
2025-12-08,614.1187744140625
2025-12-09,621.443359375
2025-12-10,640.6267700195312
2025-12-11,633.6509399414062
2025-12-12,645.3104858398438
2025-12-15,646.2572631835938
2025-12-16,635.7437133789062
2025-12-17,628.3195190429688
2025-12-18,643.4171142578125
2025-12-19,648.1506958007812
2025-12-22,648.2503051757812
2025-12-23,648.6489868164062
2025-12-24,649.794921875
2025-12-26,647.7022094726562
2025-12-29,648.9479370117188
2025-12-30,652.5852661132812
2025-12-31,665.93896484375
2026-01-01,671.968017578125
2026-01-02,675.9541625976562
2026-01-05,681.4849853515625
2026-01-06,686.069091796875
2026-01-07,682.2323608398438
2026-01-08,678.9935913085938
2026-01-09,683.0794677734375
2026-01-12,678.3956909179688
2026-01-13,679.0933227539062
2026-01-14,666.9354858398438
2026-01-15,666.9354858398438
2026-01-16,675.6552124023438
2026-01-19,658.6641845703125
2026-01-20,649.5458374023438
2026-01-21,644.862060546875
2026-01-22,650.8911743164062
2026-01-23,636.4911499023438
2026-01-27,641.623291015625
2026-01-28,640.1783447265625
2026-01-29,623.137451171875
2026-01-30,634.6475219726562
2026-02-02,639.5803833007812
2026-02-03,652.1368408203125
2026-02-04,658.0662231445312
2026-02-05,652.93408203125
2026-02-06,649.0973510742188
2026-02-09,646.0579223632812
2026-02-10,640.7762451171875
2026-02-11,638.7333374023438
2026-02-12,635.8931884765625
2026-02-13,641.4240112304688
2026-02-16,638.6336669921875
2026-02-17,636.4911499023438
2026-02-18,646.6060180664062
2026-02-19,646.40673828125
2026-02-20,649.0475463867188
2026-02-23,661.8531494140625
2026-02-24,659.1126708984375
2026-02-25,665.93896484375
2026-02-26,672.2171630859375
2026-02-27,652.2365112304688
2026-03-02,651.2897338867188
2026-03-04,623.5859375
2026-03-05,625.280029296875
2026-03-06,611.9263916015625
2026-03-09,599.4696044921875
2026-03-10,599.5692749023438
2026-03-11,596.43017578125
2026-03-12,590.8993530273438
2026-03-13,581.7311401367188
2026-03-16,581.8806762695312
2026-03-17,590.401123046875
2026-03-18,586.6640625
2026-03-19,560.9533081054688
2026-03-20,550.1906127929688
2026-03-23,529.4127197265625
2026-03-24,535.64111328125
2026-03-25,538.7303466796875
2026-03-27,528.565673828125
2026-03-30,507.78778076171875
2026-04-01,511.5746154785156
2026-04-02,501.6590576171875
2026-04-06,511.3254699707031
2026-04-07,514.86328125
2026-04-08,539.7269287109375
2026-04-09,540.0757446289062
2026-04-10,545.1082763671875
2026-04-13,544.6099853515625
2026-04-15,559.3089599609375
2026-04-16,556.0203857421875
2026-04-17,560.056396484375
2026-04-20,555.9705810546875
2026-04-21,548.197509765625
2026-04-22,538.1823120117188
2026-04-23,533.44873046875
2026-04-24,512.4216918945312
2026-04-27,517.802978515625
2026-04-28,518.749755859375
2026-04-29,522.5365600585938
2026-04-30,512.0728759765625
2026-05-01,512.0728759765625
2026-05-04,533.6978759765625
2026-05-05,535.4916381835938
2026-05-06,548.197509765625
2026-05-07,560.9533081054688
2026-05-08,565.2882080078125
2026-05-11,563.6439208984375
2026-05-12,539.6272583007812
2026-05-13,540.6238403320312
2026-05-14,539.8265991210938
2026-05-15,533.7476806640625
2026-05-18,513.6175537109375
2026-05-19,520.34423828125
2026-05-20,507.48883056640625
2026-05-21,508.33587646484375
2026-05-22,518.25146484375
2026-05-25,524.8784790039062
2026-05-26,520.892333984375
2026-05-27,521.0916137695312
2026-05-28,521.0916137695312
2026-05-29,502.2071533203125
2026-06-01,486.9102478027344
2026-06-02,480.7815246582031
2026-06-03,475.2507019042969
2026-06-04,475.45001220703125
2026-06-05,483.25
2026-06-08,475.3999938964844
2026-06-09,474.75
2026-06-10,465.79998779296875
2026-06-11,460.3999938964844
2026-06-12,468.1499938964844
2026-06-15,486.1499938964844
2026-06-16,490.3500061035156
2026-06-17,503.6499938964844
2026-06-18,522.0999755859375
2026-06-19,500.29998779296875
2026-06-22,506.29998779296875
2026-06-23,498.6000061035156
2026-06-24,496.3500061035156
2026-06-25,491.04998779296875
2026-06-26,491.04998779296875
2026-06-29,489.5
2026-06-30,487.95001220703125
2026-07-01,492.95001220703125
2026-07-02,495.95001220703125
2026-07-03,485.25
2026-07-06,485.1000061035156
2026-07-07,487.8500061035156
2026-07-08,480.04998779296875
2026-07-09,490.70001220703125
2026-07-10,510.3500061035156
2026-07-13,519.7000122070312
2026-07-14,503.95001220703125
2026-07-15,525.1500244140625
2026-07-16,508.8500061035156
2026-07-17,497.1499938964844
2026-07-20,498.3999938964844
2026-07-21,500.5
2026-07-22,499.5
2026-07-23,501.5
2026-07-24,500.54998779296875
2026-07-27,509.79998779296875
2026-07-28,510.1000061035156
2026-07-29,511.6499938964844
2026-07-30,510.6000061035156
2026-07-31,515.4000244140625
2026-08-03,522.3499755859375
2026-08-04,513.5499877929688
2026-08-05,516.5499877929688
2026-08-06,507.0
2026-08-07,501.04998779296875
2026-08-10,499.75
2026-08-11,501.5
2026-08-12,506.3999938964844
2026-08-13,507.0
2026-08-14,509.1499938964844
2026-08-17,507.0
2026-08-18,498.20001220703125
2026-08-19,499.5
2026-08-20,502.0
2026-08-21,515.0
2026-08-24,511.25
2026-08-25,510.0
2026-08-26,515.0499877929688
2026-08-27,510.0
2026-08-28,506.0
2026-08-31,517.0499877929688
2026-09-01,495.45001220703125
2026-09-02,499.5
2026-09-03,495.04998779296875
2026-09-04,494.54998779296875
2026-09-07,470.6499938964844
2026-09-08,469.29998779296875
2026-09-09,462.5
2026-09-10,471.0
2026-09-11,471.5
2026-09-14,471.5
2026-09-15,457.6000061035156
2026-09-16,470.0
2026-09-17,490.5
2026-09-18,492.0
2026-09-21,495.0
