Date,ITDC
2016-12-30,205.01654052734375
2017-01-02,208.96102905273438
2017-01-03,205.8343048095703
2017-01-04,202.94810485839844
2017-01-05,203.23670959472656
2017-01-06,206.65208435058594
2017-01-09,207.66224670410156
2017-01-10,210.35601806640625
2017-01-11,209.34584045410156
2017-01-12,206.70018005371094
2017-01-13,248.0209503173828
2017-01-16,290.4962158203125
2017-01-17,301.55999755859375
2017-01-18,285.0605163574219
2017-01-19,268.89776611328125
2017-01-20,267.98382568359375
2017-01-23,266.0596923828125
2017-01-24,261.5379943847656
2017-01-25,269.85986328125
2017-01-27,268.320556640625
2017-01-30,267.5509338378906
2017-01-31,264.66473388671875
2017-02-01,262.3076477050781
2017-02-02,254.8516387939453
2017-02-03,275.1512451171875
2017-02-06,287.1290283203125
2017-02-07,297.27874755859375
2017-02-08,303.8208312988281
2017-02-09,335.376708984375
2017-02-10,339.4654846191406
2017-02-13,407.33929443359375
2017-02-14,405.8962097167969
2017-02-15,372.0314636230469
2017-02-16,393.6298522949219
2017-02-17,392.47540283203125
2017-02-20,399.7389831542969
2017-02-21,398.6806945800781
2017-02-22,388.00177001953125
2017-02-23,392.7159118652344
2017-02-27,377.8519287109375
2017-02-28,383.5281677246094
2017-03-01,380.2090148925781
2017-03-02,369.72247314453125
2017-03-03,369.2414245605469
2017-03-06,377.9000549316406
2017-03-07,375.3505554199219
2017-03-08,370.1553649902344
2017-03-09,365.15264892578125
2017-03-10,365.15264892578125
2017-03-14,366.69195556640625
2017-03-15,383.2395324707031
2017-03-16,402.5289611816406
2017-03-17,401.8554992675781
2017-03-20,399.54656982421875
2017-03-21,401.1340026855469
2017-03-22,397.38189697265625
2017-03-23,395.0248718261719
2017-03-24,393.43743896484375
2017-03-27,380.5938415527344
2017-03-28,387.0396728515625
2017-03-29,375.5429992675781
2017-03-30,375.2543640136719
2017-03-31,396.3236389160156
2017-04-03,392.6196594238281
2017-04-05,390.1183166503906
2017-04-06,393.0045166015625
2017-04-07,386.65484619140625
2017-04-10,451.7868347167969
2017-04-11,448.99688720703125
2017-04-12,450.7286071777344
2017-04-13,449.1892395019531
2017-04-17,452.171630859375
2017-04-18,432.9784240722656
2017-04-19,463.6683349609375
2017-04-20,505.1815490722656
2017-04-21,606.1985473632812
2017-04-24,688.0706176757812
2017-04-25,652.0410766601562
2017-04-26,659.5452270507812
2017-04-27,642.6609497070312
2017-04-28,675.0345458984375
2017-05-02,647.0864868164062
2017-05-03,663.6340942382812
2017-05-04,655.9375
2017-05-05,637.8987426757812
2017-05-08,638.4277954101562
2017-05-09,622.0726928710938
2017-05-10,623.7081909179688
2017-05-11,609.9506225585938
2017-05-12,588.159912109375
2017-05-15,625.4880981445312
2017-05-16,612.54833984375
2017-05-17,602.9757080078125
2017-05-18,581.7140502929688
2017-05-19,571.756591796875
2017-05-22,552.85205078125
2017-05-23,532.7929077148438
2017-05-24,496.5710754394531
2017-05-25,488.8745422363281
2017-05-26,491.66448974609375
2017-05-29,492.43414306640625
2017-05-30,485.555419921875
2017-05-31,500.9003601074219
2017-06-01,499.4573059082031
2017-06-02,479.494384765625
2017-06-05,518.6505126953125
2017-06-06,518.7467041015625
2017-06-07,590.8054809570312
2017-06-08,586.8130493164062
2017-06-09,585.32177734375
2017-06-12,570.6983642578125
2017-06-13,584.93701171875
2017-06-14,581.3772583007812
2017-06-15,583.8305053710938
2017-06-16,573.0072631835938
2017-06-19,571.9490356445312
2017-06-20,547.5125122070312
2017-06-21,549.8695678710938
2017-06-22,543.1351318359375
2017-06-23,528.848388671875
2017-06-27,515.0907592773438
2017-06-28,509.75128173828125
2017-06-29,518.409912109375
2017-06-30,519.4683227539062
2017-07-03,524.374755859375
2017-07-04,512.4451904296875
2017-07-05,510.9058837890625
2017-07-06,581.5216674804688
2017-07-07,567.3311157226562
2017-07-10,553.6217041015625
2017-07-11,543.0870361328125
2017-07-12,577.625244140625
2017-07-13,559.4902954101562
2017-07-14,563.5309448242188
2017-07-17,560.404296875
2017-07-18,552.7557373046875
2017-07-19,561.6068115234375
2017-07-20,550.8316650390625
2017-07-21,547.3682861328125
2017-07-24,549.5328369140625
2017-07-25,544.3377075195312
2017-07-26,539.5272827148438
2017-07-27,541.7882080078125
2017-07-28,540.9703979492188
2017-07-31,520.3340454101562
2017-08-01,514.60986328125
2017-08-02,511.4349670410156
2017-08-03,502.632080078125
2017-08-04,496.2343444824219
2017-08-07,498.7357482910156
2017-08-08,491.0391540527344
2017-08-09,464.7265930175781
2017-08-10,429.6112060546875
2017-08-11,426.5806579589844
2017-08-14,459.4833679199219
2017-08-16,481.9957275390625
2017-08-17,504.0751647949219
2017-08-18,493.78106689453125
2017-08-21,476.36761474609375
2017-08-22,471.0281677246094
2017-08-23,481.46661376953125
2017-08-24,475.020751953125
2017-08-28,495.6571044921875
2017-08-29,475.2612609863281
2017-08-30,480.9374694824219
2017-08-31,483.00592041015625
2017-09-01,486.08453369140625
2017-09-04,474.8283386230469
2017-09-05,490.4138488769531
2017-09-06,488.53778076171875
2017-09-07,486.18072509765625
2017-09-08,489.7885437011719
2017-09-11,488.826416015625
2017-09-12,485.4591979980469
2017-09-13,478.4841613769531
2017-09-14,479.3019714355469
2017-09-15,479.494384765625
2017-09-18,478.9171142578125
2017-09-19,478.7727966308594
2017-09-20,558.4801025390625
2017-09-21,593.5122680664062
2017-09-22,535.02880859375
2017-09-25,508.656005859375
2017-09-26,529.0986328125
2017-09-27,498.8202819824219
2017-09-28,501.4720764160156
2017-09-29,501.4238586425781
2017-10-03,508.5112609863281
2017-10-04,513.6219482421875
2017-10-05,511.982666015625
2017-10-06,517.4308471679688
2017-10-09,508.46307373046875
2017-10-10,502.291748046875
2017-10-11,512.27197265625
2017-10-12,514.0558471679688
2017-10-13,516.4182739257812
2017-10-16,510.7290954589844
2017-10-17,512.5130615234375
2017-10-18,508.7523193359375
2017-10-19,502.43634033203125
2017-10-23,502.9666748046875
2017-10-24,502.9666748046875
2017-10-25,498.62744140625
2017-10-26,500.025634765625
2017-10-27,499.7845764160156
2017-10-30,501.7613220214844
2017-10-31,502.2434387207031
2017-11-01,529.5806884765625
2017-11-02,550.6019287109375
2017-11-03,556.0018920898438
2017-11-06,547.4198608398438
2017-11-07,535.80029296875
2017-11-08,512.5130615234375
2017-11-09,518.8772583007812
2017-11-10,510.488037109375
2017-11-13,510.295166015625
2017-11-14,505.1845703125
2017-11-15,488.1650390625
2017-11-16,492.50433349609375
2017-11-17,495.39715576171875
2017-11-20,497.1327819824219
2017-11-21,503.0631103515625
2017-11-22,507.4505310058594
2017-11-23,507.2576904296875
2017-11-24,501.8096008300781
2017-11-27,511.0184631347656
2017-11-28,500.6524353027344
2017-11-29,497.0364074707031
2017-11-30,494.09539794921875
2017-12-01,493.17926025390625
2017-12-04,490.5275573730469
2017-12-05,480.7883605957031
2017-12-06,482.81329345703125
2017-12-07,487.29718017578125
2017-12-08,497.3739013671875
2017-12-11,492.8899841308594
2017-12-12,492.6007385253906
2017-12-13,486.4293518066406
2017-12-14,481.4151611328125
2017-12-15,492.64892578125
2017-12-18,497.5185546875
2017-12-19,499.832763671875
2017-12-20,508.3666687011719
2017-12-21,514.1522827148438
2017-12-22,511.69342041015625
2017-12-26,504.123779296875
2017-12-27,493.37213134765625
2017-12-28,498.531005859375
2017-12-29,497.1327819824219
2018-01-01,497.66314697265625
2018-01-02,496.9399719238281
2018-01-03,493.5649719238281
2018-01-04,491.1060485839844
2018-01-05,488.8400573730469
2018-01-08,488.69537353515625
2018-01-09,527.5075073242188
2018-01-10,514.2487182617188
2018-01-11,536.9573974609375
2018-01-12,546.407470703125
2018-01-15,529.82177734375
2018-01-16,499.7845764160156
2018-01-17,498.62744140625
2018-01-18,494.1435546875
2018-01-19,493.8059997558594
2018-01-22,503.35235595703125
2018-01-23,501.7613220214844
2018-01-24,489.65966796875
2018-01-25,490.9614562988281
2018-01-29,485.079345703125
2018-01-30,473.5080261230469
2018-01-31,455.2350158691406
2018-02-01,450.2690124511719
2018-02-02,424.7638854980469
2018-02-05,432.47808837890625
2018-02-06,416.0853576660156
2018-02-07,422.6907043457031
2018-02-08,438.8423156738281
2018-02-09,434.6959533691406
2018-02-12,442.65118408203125
2018-02-14,442.60296630859375
2018-02-15,437.7816162109375
2018-02-16,431.7066955566406
2018-02-19,416.3264465332031
2018-02-20,406.87652587890625
2018-02-21,401.9104919433594
2018-02-22,396.41412353515625
2018-02-23,403.74267578125
2018-02-26,410.8782958984375
2018-02-27,414.831787109375
2018-02-28,406.2979736328125
2018-03-01,408.1300964355469
2018-03-05,409.2872314453125
2018-03-06,399.5480651855469
2018-03-07,378.57501220703125
2018-03-08,383.20355224609375
2018-03-09,370.3786315917969
2018-03-12,369.12506103515625
2018-03-13,366.76263427734375
2018-03-14,362.4715881347656
2018-03-15,434.9369812011719
2018-03-16,475.43658447265625
2018-03-19,447.0386657714844
2018-03-20,441.4941101074219
2018-03-21,467.7223815917969
2018-03-22,444.82080078125
2018-03-23,422.497802734375
2018-03-26,461.2134704589844
2018-03-27,459.5260314941406
2018-03-28,438.8423156738281
2018-04-02,437.97442626953125
2018-04-03,441.73516845703125
2018-04-04,437.29949951171875
2018-04-05,445.15826416015625
2018-04-06,441.6869201660156
2018-04-09,447.5207824707031
2018-04-10,445.59228515625
2018-04-11,465.1670837402344
2018-04-12,450.17254638671875
2018-04-13,449.4493408203125
2018-04-16,456.24749755859375
2018-04-17,469.1205749511719
2018-04-18,474.27947998046875
2018-04-19,469.9884338378906
2018-04-20,465.8902587890625
2018-04-23,465.26348876953125
2018-04-24,468.49383544921875
2018-04-25,452.0046691894531
2018-04-26,471.48309326171875
2018-04-27,466.95098876953125
2018-04-30,463.1902770996094
2018-05-02,454.17431640625
2018-05-03,444.5797424316406
2018-05-04,441.25299072265625
2018-05-07,441.3976745605469
2018-05-08,442.9886779785156
2018-05-09,433.97271728515625
2018-05-10,427.89776611328125
2018-05-11,419.60498046875
2018-05-14,407.02117919921875
2018-05-15,398.1498107910156
2018-05-16,388.0731201171875
2018-05-17,402.6336975097656
2018-05-18,396.6069641113281
2018-05-21,386.6749267578125
2018-05-22,389.1338195800781
2018-05-23,385.228515625
2018-05-24,380.16607666015625
2018-05-25,377.0321960449219
2018-05-28,386.6749267578125
2018-05-29,412.9032897949219
2018-05-30,398.5355224609375
2018-05-31,391.5927734375
2018-06-01,389.0855712890625
2018-06-04,350.6592102050781
2018-06-05,341.7396545410156
2018-06-06,352.2984619140625
2018-06-07,362.4715881347656
2018-06-08,362.3269348144531
2018-06-11,372.21075439453125
2018-06-12,379.97320556640625
2018-06-13,373.7054138183594
2018-06-14,448.43682861328125
2018-06-15,430.3566589355469
2018-06-18,422.44964599609375
2018-06-19,406.3943786621094
2018-06-20,394.5337829589844
2018-06-21,388.41064453125
2018-06-22,383.444580078125
2018-06-25,367.00372314453125
2018-06-26,363.9662170410156
2018-06-27,344.5360107421875
2018-06-28,336.96649169921875
2018-06-29,346.657470703125
2018-07-02,341.3539123535156
2018-07-03,346.1753234863281
2018-07-04,395.2569885253906
2018-07-05,368.45013427734375
2018-07-06,367.29296875
2018-07-09,372.35546875
2018-07-10,437.25128173828125
2018-07-11,415.7961120605469
2018-07-12,412.8068542480469
2018-07-13,399.25872802734375
2018-07-16,380.648193359375
2018-07-17,390.09808349609375
2018-07-18,379.4910583496094
2018-07-19,367.4858703613281
2018-07-20,364.2555236816406
2018-07-23,379.3946838378906
2018-07-24,376.1643371582031
2018-07-25,375.5375671386719
2018-07-26,375.7303466796875
2018-07-27,375.2000427246094
2018-07-30,407.3586730957031
2018-07-31,397.6194763183594
2018-08-01,397.5712890625
2018-08-02,391.0141906738281
2018-08-03,387.8320617675781
2018-08-06,388.4588317871094
2018-08-07,387.5427551269531
2018-08-08,393.85882568359375
2018-08-09,395.9320068359375
2018-08-10,385.6625061035156
2018-08-13,387.6391906738281
2018-08-14,387.8320617675781
2018-08-16,380.5517883300781
2018-08-17,382.86602783203125
2018-08-20,383.01068115234375
2018-08-21,379.2017822265625
2018-08-23,375.5375671386719
2018-08-24,371.10186767578125
2018-08-27,372.1143493652344
2018-08-28,360.8323669433594
2018-08-29,394.2445068359375
2018-08-30,381.13037109375
2018-08-31,383.10711669921875
2018-09-03,380.9374694824219
2018-09-04,371.5357971191406
2018-09-05,365.7501220703125
2018-09-06,366.18402099609375
2018-09-07,368.0643615722656
2018-09-10,365.12335205078125
2018-09-11,383.73388671875
2018-09-12,376.5500183105469
2018-09-14,373.2232360839844
2018-09-17,374.76611328125
2018-09-18,369.70367431640625
2018-09-19,365.2464904785156
2018-09-21,352.1656494140625
2018-09-24,338.5518493652344
2018-09-25,341.8947448730469
2018-09-26,362.4365234375
2018-09-27,349.6947937011719
2018-09-28,312.8261413574219
2018-10-01,305.8982238769531
2018-10-03,310.8398132324219
2018-10-04,295.8695068359375
2018-10-05,280.3663024902344
2018-10-08,272.95379638671875
2018-10-09,273.09912109375
2018-10-10,287.48809814453125
2018-10-11,293.0595703125
2018-10-12,296.3055114746094
2018-10-15,294.41607666015625
2018-10-16,297.7105407714844
2018-10-17,283.17626953125
2018-10-19,273.97119140625
2018-10-22,277.94390869140625
2018-10-23,281.1414489746094
2018-10-24,277.45947265625
2018-10-25,270.91900634765625
2018-10-26,267.18853759765625
2018-10-29,279.2034912109375
2018-10-30,283.75762939453125
2018-10-31,286.17999267578125
2018-11-01,288.2148132324219
2018-11-02,291.7998962402344
2018-11-05,289.3291015625
2018-11-06,297.6621398925781
2018-11-07,299.50311279296875
2018-11-09,310.98516845703125
2018-11-12,300.7143249511719
2018-11-13,296.7415466308594
2018-11-14,298.3403015136719
2018-11-15,296.8869323730469
2018-11-16,296.9838562011719
2018-11-19,298.2434387207031
2018-11-20,294.3191833496094
2018-11-21,298.9217224121094
2018-11-22,299.45458984375
2018-11-26,298.679443359375
2018-11-27,296.7900085449219
2018-11-28,296.4508972167969
2018-11-29,303.66961669921875
2018-11-30,299.6484375
2018-12-03,298.0981140136719
2018-12-04,295.821044921875
2018-12-05,290.5887145996094
2018-12-06,282.4010925292969
2018-12-07,282.0619201660156
2018-12-10,277.1202697753906
2018-12-11,281.093017578125
2018-12-12,290.976318359375
2018-12-13,291.75146484375
2018-12-14,286.56756591796875
2018-12-17,302.4583740234375
2018-12-18,303.13665771484375
2018-12-19,303.5726623535156
2018-12-20,300.66583251953125
2018-12-21,292.526611328125
2018-12-24,290.7825012207031
2018-12-26,291.99371337890625
2018-12-27,294.270751953125
2018-12-28,295.28814697265625
2018-12-31,321.6921081542969
2019-01-01,325.9070129394531
2019-01-02,312.97149658203125
2019-01-03,309.4348449707031
2019-01-04,311.27581787109375
2019-01-07,313.3106384277344
2019-01-08,310.8398132324219
2019-01-09,307.1578063964844
2019-01-10,305.4136657714844
2019-01-11,306.7702331542969
2019-01-14,300.56890869140625
2019-01-15,301.8285827636719
2019-01-16,302.74908447265625
2019-01-17,298.5341491699219
2019-01-18,291.75146484375
2019-01-21,289.426025390625
2019-01-22,285.74395751953125
2019-01-23,284.96881103515625
2019-01-24,280.41473388671875
2019-01-25,272.5661926269531
2019-01-28,270.82208251953125
2019-01-29,271.0643615722656
2019-01-30,270.24072265625
2019-01-31,274.6009826660156
2019-02-01,274.50408935546875
2019-02-04,270.24072265625
2019-02-05,268.5935363769531
2019-02-06,262.19842529296875
2019-02-07,265.7835693359375
2019-02-08,254.30148315429688
2019-02-11,244.90264892578125
2019-02-12,243.4007568359375
2019-02-14,245.14486694335938
2019-02-15,245.14486694335938
2019-02-18,237.58705139160156
2019-02-19,238.6044464111328
2019-02-20,243.83677673339844
2019-02-21,248.00326538085938
2019-02-22,247.13124084472656
2019-02-25,254.88282775878906
2019-02-26,279.8818054199219
2019-02-27,265.4444580078125
2019-02-28,259.4369201660156
2019-03-01,263.16741943359375
2019-03-05,273.3898010253906
2019-03-06,276.5389099121094
2019-03-07,272.7115783691406
2019-03-08,275.6668701171875
2019-03-11,288.6508483886719
2019-03-12,282.9339599609375
2019-03-13,279.8333435058594
2019-03-14,276.7326965332031
2019-03-15,268.6903991699219
2019-03-18,268.3028259277344
2019-03-19,282.83709716796875
2019-03-20,279.9302062988281
2019-03-22,272.760009765625
2019-03-25,266.89788818359375
2019-03-26,269.7562255859375
2019-03-27,271.74261474609375
2019-03-28,272.7115783691406
2019-04-01,273.4867248535156
2019-04-02,274.1165466308594
2019-04-03,267.8183288574219
2019-04-04,265.8320007324219
2019-04-05,270.7251892089844
2019-04-08,268.3997497558594
2019-04-09,267.7214660644531
2019-04-10,270.337646484375
2019-04-11,268.2544250488281
2019-04-12,267.9636535644531
2019-04-15,268.8841857910156
2019-04-16,269.65936279296875
2019-04-18,263.2158203125
2019-04-22,258.6133117675781
2019-04-23,257.8865661621094
2019-04-24,258.2257080078125
2019-04-25,257.3536376953125
2019-04-26,259.5338134765625
2019-04-30,251.7821807861328
2019-05-02,245.82313537597656
2019-05-03,248.00326538085938
2019-05-06,256.5300598144531
2019-05-07,246.40452575683594
2019-05-08,244.1274871826172
2019-05-09,238.6044464111328
2019-05-10,243.35231018066406
2019-05-13,235.21311950683594
2019-05-14,230.9012908935547
2019-05-15,227.60682678222656
2019-05-16,226.3472137451172
2019-05-17,225.6204833984375
2019-05-20,236.18206787109375
2019-05-21,229.73854064941406
2019-05-22,237.1025848388672
2019-05-23,237.44171142578125
2019-05-24,249.4082489013672
2019-05-27,263.0704650878906
2019-05-28,262.6344299316406
2019-05-29,258.5648498535156
2019-05-30,255.4642333984375
2019-05-31,253.8654327392578
2019-06-03,255.8517608642578
2019-06-04,277.5563049316406
2019-06-06,264.37860107421875
2019-06-07,264.2332458496094
2019-06-10,261.5201416015625
2019-06-11,268.8357849121094
2019-06-12,264.1363220214844
2019-06-13,261.132568359375
2019-06-14,257.9834899902344
2019-06-17,251.97596740722656
2019-06-18,256.1909484863281
2019-06-19,249.06912231445312
2019-06-20,246.2591552734375
2019-06-21,246.1138153076172
2019-06-24,244.61195373535156
2019-06-25,250.377197265625
2019-06-26,257.0629577636719
2019-06-27,253.57476806640625
2019-06-28,256.8692321777344
2019-07-01,251.92752075195312
2019-07-02,249.8442840576172
2019-07-03,254.107666015625
2019-07-04,255.1250762939453
2019-07-05,247.85792541503906
2019-07-08,243.78836059570312
2019-07-09,242.91627502441406
2019-07-10,240.05787658691406
2019-07-11,238.31373596191406
2019-07-12,237.49014282226562
2019-07-15,232.20938110351562
2019-07-16,227.7037353515625
2019-07-17,222.37448120117188
2019-07-18,209.43898010253906
2019-07-19,194.71090698242188
2019-07-22,188.21893310546875
2019-07-23,191.80406188964844
2019-07-24,188.0736083984375
2019-07-25,197.66622924804688
2019-07-26,195.7283172607422
2019-07-29,187.3468780517578
2019-07-30,176.6399688720703
2019-07-31,176.59152221679688
2019-08-01,172.42501831054688
2019-08-02,166.0299530029297
2019-08-05,159.7317657470703
2019-08-06,160.84605407714844
2019-08-07,163.94667053222656
2019-08-08,165.30323791503906
2019-08-09,168.40386962890625
2019-08-13,159.925537109375
2019-08-14,164.0435791015625
2019-08-16,177.9480438232422
2019-08-19,175.86480712890625
2019-08-20,169.2274627685547
2019-08-21,162.15414428710938
2019-08-22,150.91429138183594
2019-08-23,153.4820098876953
2019-08-26,162.20257568359375
2019-08-27,171.55296325683594
2019-08-28,162.92929077148438
2019-08-29,167.33799743652344
2019-08-30,163.26841735839844
2019-09-03,159.6833038330078
2019-09-04,160.0224151611328
2019-09-05,168.11924743652344
2019-09-06,167.38316345214844
2019-09-09,172.68289184570312
2019-09-11,184.99986267089844
2019-09-12,218.41761779785156
2019-09-13,262.09130859375
2019-09-16,272.4944763183594
2019-09-17,245.35792541503906
2019-09-18,221.7053985595703
2019-09-19,242.46270751953125
2019-09-20,259.4905090332031
2019-09-23,251.78628540039062
2019-09-24,242.2664031982422
2019-09-25,251.83535766601562
2019-09-26,250.6576385498047
2019-09-27,240.5979766845703
2019-09-30,226.61256408691406
2019-10-01,221.9507598876953
2019-10-03,244.131103515625
2019-10-04,237.84996032714844
2019-10-07,230.68551635742188
2019-10-09,241.7757110595703
2019-10-10,234.1696014404297
2019-10-11,235.78895568847656
2019-10-14,265.3791198730469
2019-10-15,291.2889099121094
2019-10-16,336.18939208984375
2019-10-17,345.02227783203125
2019-10-18,344.23712158203125
2019-10-22,349.438720703125
2019-10-23,335.10986328125
2019-10-24,334.619140625
2019-10-25,336.6800842285156
2019-10-27,336.87640380859375
2019-10-29,356.21063232421875
2019-10-30,364.01300048828125
2019-10-31,365.1416320800781
2019-11-01,364.99444580078125
2019-11-04,360.0872802734375
2019-11-05,350.1748352050781
2019-11-06,353.2663269042969
2019-11-07,364.3564758300781
2019-11-08,369.8034362792969
2019-11-11,373.7291564941406
2019-11-13,361.6085205078125
2019-11-14,360.3817138671875
2019-11-15,348.0647277832031
2019-11-18,345.21856689453125
2019-11-19,371.71722412109375
2019-11-20,407.98114013671875
2019-11-21,367.2026672363281
2019-11-22,344.6788330078125
2019-11-25,343.6973571777344
2019-11-26,339.5753479003906
2019-11-27,334.373779296875
2019-11-28,329.0249938964844
2019-11-29,337.31805419921875
2019-12-02,330.0554504394531
2019-12-03,337.71063232421875
2019-12-04,346.39630126953125
2019-12-05,344.5806579589844
2019-12-06,342.2252197265625
2019-12-09,331.6748352050781
2019-12-10,341.2438049316406
2019-12-11,320.7318420410156
2019-12-12,312.3406066894531
2019-12-13,332.0673828125
2019-12-16,325.3936462402344
2019-12-17,324.6084899902344
2019-12-18,321.66424560546875
2019-12-19,316.21728515625
2019-12-20,312.97857666015625
2019-12-23,311.99713134765625
2019-12-24,312.6841125488281
2019-12-26,309.5435791015625
2019-12-27,302.91888427734375
2019-12-30,301.4467468261719
2019-12-31,308.3167419433594
2020-01-01,301.83929443359375
2020-01-02,305.1270751953125
2020-01-03,307.6788024902344
2020-01-06,295.95068359375
2020-01-07,297.0302734375
2020-01-08,288.5408935546875
2020-01-09,289.9149169921875
2020-01-10,286.6271057128906
2020-01-13,282.5050964355469
2020-01-14,285.35125732421875
2020-01-15,324.2159423828125
2020-01-16,323.7742919921875
2020-01-17,309.9851989746094
2020-01-20,303.31146240234375
2020-01-21,296.3432922363281
2020-01-22,306.4029541015625
2020-01-23,304.1947326660156
2020-01-24,302.0846252441406
2020-01-27,297.3247375488281
2020-01-28,292.1722412109375
2020-01-29,292.36846923828125
2020-01-30,285.20404052734375
2020-01-31,285.40032958984375
2020-02-03,263.759765625
2020-02-04,277.45074462890625
2020-02-05,291.4851989746094
2020-02-06,291.0926208496094
2020-02-07,285.8910217285156
2020-02-10,330.4480285644531
2020-02-11,311.8008728027344
2020-02-12,309.3963623046875
2020-02-13,303.9493713378906
2020-02-14,313.46923828125
2020-02-17,301.0050964355469
2020-02-18,289.9149169921875
2020-02-19,297.766357421875
2020-02-20,291.6815185546875
2020-02-24,285.94012451171875
2020-02-25,286.1363830566406
2020-02-26,272.5926513671875
2020-02-27,261.944091796875
2020-02-28,224.79690551757812
2020-03-02,224.1589813232422
2020-03-03,226.75979614257812
2020-03-04,215.27703857421875
2020-03-05,213.60861206054688
2020-03-06,197.0223846435547
2020-03-09,178.47335815429688
2020-03-11,178.0316925048828
2020-03-12,160.26780700683594
2020-03-13,154.6736297607422
2020-03-16,144.4176483154297
2020-03-17,136.2227325439453
2020-03-18,124.2983169555664
2020-03-19,118.11529541015625
2020-03-20,113.79700469970703
2020-03-23,108.15376281738281
2020-03-24,113.3553466796875
2020-03-25,118.60601806640625
2020-03-26,119.19487762451172
2020-03-27,119.88187408447266
2020-03-30,121.0105209350586
2020-03-31,127.04634094238281
2020-04-01,133.22935485839844
2020-04-03,128.5184783935547
2020-04-07,128.71473693847656
2020-04-08,135.0449981689453
2020-04-09,147.55825805664062
2020-04-13,145.4972381591797
2020-04-15,156.83277893066406
2020-04-16,163.7518768310547
2020-04-17,172.92825317382812
2020-04-20,167.0887451171875
2020-04-21,158.74656677246094
2020-04-22,158.40306091308594
2020-04-23,165.8128662109375
2020-04-24,160.56222534179688
2020-04-27,157.17628479003906
2020-04-28,154.82083129882812
2020-04-29,157.86328125
2020-04-30,161.88714599609375
2020-05-04,154.96804809570312
2020-05-05,150.84603881835938
2020-05-06,147.50918579101562
2020-05-07,146.82217407226562
2020-05-08,145.30096435546875
2020-05-11,143.8778839111328
2020-05-12,142.11131286621094
2020-05-13,149.17759704589844
2020-05-14,152.7598114013672
2020-05-15,159.43356323242188
2020-05-18,151.48397827148438
2020-05-19,145.2028045654297
2020-05-20,145.8898162841797
2020-05-21,152.9070587158203
2020-05-22,148.78504943847656
2020-05-26,150.0118408203125
2020-05-27,150.15904235839844
2020-05-28,157.6669921875
2020-05-29,152.7107696533203
2020-06-01,160.31686401367188
2020-06-02,168.31553649902344
2020-06-03,165.7637939453125
2020-06-04,167.13780212402344
2020-06-05,183.8221435546875
2020-06-08,202.17491149902344
2020-06-09,222.3924102783203
2020-06-10,213.8048858642578
2020-06-11,203.8433380126953
2020-06-12,211.20408630371094
2020-06-15,212.57810974121094
2020-06-16,206.1988067626953
2020-06-17,204.6284942626953
2020-06-18,205.51177978515625
2020-06-19,206.39508056640625
2020-06-22,205.6590118408203
2020-06-23,207.13116455078125
2020-06-24,206.93487548828125
2020-06-25,205.02105712890625
2020-06-26,209.682861328125
2020-06-29,206.7876434326172
2020-06-30,205.5608367919922
2020-07-01,205.02105712890625
2020-07-02,208.99586486816406
2020-07-03,205.2664337158203
2020-07-06,207.22927856445312
2020-07-07,210.8115234375
2020-07-08,213.3632354736328
2020-07-09,212.1855010986328
2020-07-10,209.53565979003906
2020-07-13,219.8897705078125
2020-07-14,222.93218994140625
2020-07-15,234.0714569091797
2020-07-16,226.22000122070312
2020-07-17,223.6682586669922
2020-07-20,224.25711059570312
2020-07-21,223.1284942626953
2020-07-22,216.65103149414062
2020-07-23,219.79161071777344
2020-07-24,217.87782287597656
2020-07-27,213.6576690673828
2020-07-28,212.47996520996094
2020-07-29,215.57144165039062
2020-07-30,211.69479370117188
2020-07-31,208.99586486816406
2020-08-03,217.68153381347656
2020-08-04,213.7067413330078
2020-08-05,214.83538818359375
2020-08-06,213.8048858642578
2020-08-07,224.79690551757812
2020-08-10,222.93218994140625
2020-08-11,227.15235900878906
2020-08-12,223.6682586669922
2020-08-13,229.11520385742188
2020-08-14,223.6682586669922
2020-08-17,221.7053985595703
2020-08-18,225.0422821044922
2020-08-19,228.47727966308594
2020-08-20,250.3632049560547
2020-08-21,243.6894989013672
2020-08-24,238.73324584960938
2020-08-25,234.80752563476562
2020-08-26,232.3048858642578
2020-08-27,240.40167236328125
2020-08-28,257.67486572265625
2020-08-31,239.9109649658203
2020-09-01,239.1748809814453
2020-09-02,241.8738250732422
2020-09-03,238.78231811523438
2020-09-04,236.91758728027344
2020-09-07,235.1510467529297
2020-09-08,228.33006286621094
2020-09-09,222.7849884033203
2020-09-10,219.30088806152344
2020-09-11,222.49053955078125
2020-09-14,225.18948364257812
2020-09-15,228.9189453125
2020-09-16,251.44281005859375
2020-09-17,265.2319030761719
2020-09-18,253.9454345703125
2020-09-21,240.10723876953125
2020-09-22,223.42291259765625
2020-09-23,231.12716674804688
2020-09-24,219.93882751464844
2020-09-25,224.1589813232422
2020-09-28,225.87648010253906
2020-09-29,228.9189453125
2020-09-30,228.182861328125
2020-10-01,233.2372283935547
2020-10-05,232.6483612060547
2020-10-06,231.12716674804688
2020-10-07,227.3486328125
2020-10-08,228.33006286621094
2020-10-09,226.31814575195312
2020-10-12,223.17755126953125
2020-10-13,222.2451934814453
2020-10-14,220.57675170898438
2020-10-15,220.33140563964844
2020-10-16,224.5024871826172
2020-10-19,224.6006317138672
2020-10-20,221.90170288085938
2020-10-21,220.62582397460938
2020-10-22,221.11654663085938
2020-10-23,221.90170288085938
2020-10-26,219.4481201171875
2020-10-27,220.28233337402344
2020-10-28,222.1961212158203
2020-10-29,218.51576232910156
2020-10-30,218.12319946289062
2020-11-02,218.31947326660156
2020-11-03,218.36854553222656
2020-11-04,217.92691040039062
2020-11-05,215.8658905029297
2020-11-06,217.58340454101562
2020-11-09,220.33140563964844
2020-11-10,232.1576690673828
2020-11-11,248.54757690429688
2020-11-12,246.290283203125
2020-11-13,244.91627502441406
2020-11-14,243.59133911132812
2020-11-17,256.6934509277344
2020-11-18,251.0992889404297
2020-11-19,244.6708984375
2020-11-20,243.73855590820312
2020-11-23,240.8433380126953
2020-11-24,244.2292938232422
2020-11-25,243.54225158691406
2020-11-26,277.3034973144531
2020-11-27,261.257080078125
2020-12-01,262.434814453125
2020-12-02,264.6921081542969
2020-12-03,266.6549987792969
2020-12-04,259.6377258300781
2020-12-07,267.58734130859375
2020-12-08,271.2186279296875
2020-12-09,282.35791015625
2020-12-10,275.9786071777344
2020-12-11,269.9427795410156
2020-12-14,276.9109191894531
2020-12-15,271.8565673828125
2020-12-16,274.7518005371094
2020-12-17,286.8724670410156
2020-12-18,280.5422668457031
2020-12-21,261.0117492675781
2020-12-22,281.8671875
2020-12-23,297.3738098144531
2020-12-24,337.90692138671875
2020-12-28,325.0992431640625
2020-12-29,322.54754638671875
2020-12-30,324.8048095703125
2020-12-31,319.89764404296875
2021-01-01,320.58465576171875
2021-01-04,328.4851989746094
2021-01-05,323.5780334472656
2021-01-06,317.8857421875
2021-01-07,319.60321044921875
2021-01-08,332.018310546875
2021-01-11,319.1615905761719
2021-01-12,321.9586486816406
2021-01-13,316.2663269042969
2021-01-14,314.0581359863281
2021-01-15,308.0713806152344
2021-01-18,299.189453125
2021-01-19,306.3048400878906
2021-01-20,313.6655578613281
2021-01-21,305.0780334472656
2021-01-22,302.0355529785156
2021-01-25,294.9692687988281
2021-01-27,298.796875
2021-01-28,295.11651611328125
2021-01-29,295.9016418457031
2021-02-01,296.3432922363281
2021-02-02,293.20269775390625
2021-02-03,297.8154602050781
2021-02-04,296.6376953125
2021-02-05,294.38043212890625
2021-02-08,307.3843994140625
2021-02-09,299.09130859375
2021-02-10,295.9997863769531
2021-02-11,296.6376953125
2021-02-12,299.189453125
2021-02-15,296.6867980957031
2021-02-16,297.275634765625
2021-02-17,297.3247375488281
2021-02-18,303.9984436035156
2021-02-19,308.6112060546875
2021-02-22,299.09130859375
2021-02-23,300.61248779296875
2021-02-24,311.84991455078125
2021-02-25,311.65362548828125
2021-02-26,317.1986999511719
2021-03-01,319.84857177734375
2021-03-02,317.345947265625
2021-03-03,317.54217529296875
2021-03-04,316.9042663574219
2021-03-05,331.527587890625
2021-03-08,355.0819396972656
2021-03-09,368.135009765625
2021-03-10,440.8100280761719
2021-03-12,397.77423095703125
2021-03-15,415.48907470703125
2021-03-16,403.6137390136719
2021-03-17,390.7569885253906
2021-03-18,376.6244201660156
2021-03-19,366.02496337890625
2021-03-22,385.11376953125
2021-03-23,379.1270751953125
2021-03-24,365.1416320800781
2021-03-25,348.1628723144531
2021-03-26,350.0766906738281
2021-03-30,385.408203125
2021-03-31,376.9188232421875
2021-04-01,383.4944152832031
2021-04-05,368.6748046875
2021-04-06,368.9201354980469
2021-04-07,372.15887451171875
2021-04-08,366.466552734375
2021-04-09,364.99444580078125
2021-04-12,330.8406066894531
2021-04-13,333.1960144042969
2021-04-15,322.9891662597656
2021-04-16,325.0992431640625
2021-04-19,311.2119445800781
2021-04-20,308.3658447265625
2021-04-22,310.03424072265625
2021-04-23,314.107177734375
2021-04-26,317.149658203125
2021-04-27,323.2835693359375
2021-04-28,325.0010986328125
2021-04-29,316.9042663574219
2021-04-30,323.1854248046875
2021-05-03,320.04486083984375
2021-05-04,328.38702392578125
2021-05-05,323.6270751953125
2021-05-06,327.84722900390625
2021-05-07,325.2464599609375
2021-05-10,322.2039794921875
2021-05-11,338.69207763671875
2021-05-12,348.4082336425781
2021-05-14,341.3419189453125
2021-05-17,362.68804931640625
2021-05-18,363.2768859863281
2021-05-19,365.9758605957031
2021-05-20,360.2835693359375
2021-05-21,362.98248291015625
2021-05-24,364.25836181640625
2021-05-25,376.8697814941406
2021-05-26,379.9122009277344
2021-05-27,380.94268798828125
2021-05-28,376.9188232421875
2021-05-31,374.9068908691406
2021-06-01,367.2517395019531
2021-06-02,371.32464599609375
2021-06-03,379.5686950683594
2021-06-04,386.193359375
2021-06-07,387.518310546875
2021-06-08,385.751708984375
2021-06-09,375.0541076660156
2021-06-10,376.8206787109375
2021-06-11,379.3233337402344
2021-06-14,375.7901916503906
2021-06-15,380.84454345703125
2021-06-16,379.9122009277344
2021-06-17,428.4930725097656
2021-06-18,392.8180236816406
2021-06-21,387.714599609375
2021-06-22,387.3219909667969
2021-06-23,384.573974609375
2021-06-24,382.2676086425781
2021-06-25,383.93609619140625
2021-06-28,392.27825927734375
2021-06-29,397.0872497558594
2021-06-30,389.18670654296875
2021-07-01,385.80078125
2021-07-02,384.8683776855469
2021-07-05,388.3034362792969
2021-07-06,392.9652099609375
2021-07-07,398.3140563964844
2021-07-08,391.59124755859375
2021-07-09,390.21722412109375
2021-07-12,391.24774169921875
2021-07-13,396.79278564453125
2021-07-14,396.54742431640625
2021-07-15,390.7569885253906
2021-07-16,388.20526123046875
2021-07-19,406.31268310546875
2021-07-20,390.31536865234375
2021-07-22,391.10052490234375
2021-07-23,385.8498229980469
2021-07-26,387.86181640625
2021-07-27,391.68939208984375
2021-07-28,385.06475830078125
2021-07-29,386.2424011230469
2021-07-30,384.2304992675781
2021-08-02,389.8737487792969
2021-08-03,388.45062255859375
2021-08-04,383.0036926269531
2021-08-05,378.7344665527344
2021-08-06,379.8140563964844
2021-08-09,375.1031494140625
2021-08-10,356.11248779296875
2021-08-11,356.7994689941406
2021-08-12,361.70660400390625
2021-08-13,358.3697509765625
2021-08-16,347.91754150390625
2021-08-17,344.9241638183594
2021-08-18,351.205322265625
2021-08-20,369.4108581542969
2021-08-23,354.44403076171875
2021-08-24,375.5448303222656
2021-08-25,370.4904479980469
2021-08-26,376.3790283203125
2021-08-27,366.9082336425781
2021-08-30,367.9878234863281
2021-08-31,369.2636413574219
2021-09-01,366.9082336425781
2021-09-02,365.1416320800781
2021-09-03,367.9878234863281
2021-09-06,385.8498229980469
2021-09-07,378.88165283203125
2021-09-08,377.4586181640625
2021-09-09,387.518310546875
2021-09-13,380.6482849121094
2021-09-14,380.2066345214844
2021-09-15,380.59918212890625
2021-09-16,379.7649841308594
2021-09-17,400.17877197265625
2021-09-20,402.190673828125
2021-09-21,414.5076599121094
2021-09-22,416.56866455078125
2021-09-23,408.32464599609375
2021-09-24,401.8962707519531
2021-09-27,419.0713195800781
2021-09-28,420.4453125
2021-09-29,417.84454345703125
2021-09-30,414.1151123046875
2021-10-01,413.8697509765625
2021-10-04,417.4028625488281
2021-10-05,410.6309814453125
2021-10-06,407.6866760253906
2021-10-07,416.51959228515625
2021-10-08,418.6787414550781
2021-10-11,414.1151123046875
2021-10-12,416.3724060058594
2021-10-13,414.8020935058594
2021-10-14,413.3789978027344
2021-10-18,422.80072021484375
2021-10-19,412.5447998046875
2021-10-20,401.1601867675781
2021-10-21,404.9386901855469
2021-10-22,392.4254455566406
2021-10-25,379.1761169433594
2021-10-26,384.623046875
2021-10-27,383.1509094238281
2021-10-28,366.5156555175781
2021-10-29,367.7914733886719
2021-11-01,366.5647277832031
2021-11-02,368.3804016113281
2021-11-03,363.76763916015625
2021-11-04,369.1654968261719
2021-11-08,371.03021240234375
2021-11-09,371.32464599609375
2021-11-10,380.05938720703125
2021-11-11,387.3710632324219
2021-11-12,383.2490539550781
2021-11-15,377.9002380371094
2021-11-16,380.2066345214844
2021-11-17,376.7716064453125
2021-11-18,366.5156555175781
2021-11-22,365.386962890625
2021-11-23,364.30743408203125
2021-11-24,371.4228210449219
2021-11-25,383.93609619140625
2021-11-26,378.2928466796875
2021-11-29,375.5448303222656
2021-11-30,382.70928955078125
2021-12-01,382.90557861328125
2021-12-02,391.9837951660156
2021-12-03,382.12042236328125
2021-12-06,383.298095703125
2021-12-07,382.02227783203125
2021-12-08,376.1827392578125
2021-12-09,371.76629638671875
2021-12-10,373.9745178222656
2021-12-13,374.9068908691406
2021-12-14,374.3180236816406
2021-12-15,370.5885925292969
2021-12-16,372.8949890136719
2021-12-17,366.9082336425781
2021-12-20,351.2543640136719
2021-12-21,347.5740051269531
2021-12-22,349.34063720703125
2021-12-23,353.46258544921875
2021-12-24,350.6164855957031
2021-12-27,350.5673828125
2021-12-28,351.2543640136719
2021-12-29,350.6164855957031
2021-12-30,343.79547119140625
2021-12-31,333.833984375
2022-01-03,335.1589050292969
2022-01-04,362.5899658203125
2022-01-05,387.6654968261719
2022-01-06,367.693359375
2022-01-07,365.28887939453125
2022-01-10,364.74908447265625
2022-01-11,366.61376953125
2022-01-12,367.2517395019531
2022-01-13,364.99444580078125
2022-01-14,371.47186279296875
2022-01-17,373.33660888671875
2022-01-18,378.9798278808594
2022-01-19,373.1403503417969
2022-01-20,373.38568115234375
2022-01-21,382.8074035644531
2022-01-24,392.1310119628906
2022-01-25,392.4254455566406
2022-01-27,377.8511962890625
2022-01-28,374.7105712890625
2022-01-31,379.0779724121094
2022-02-01,377.8021240234375
2022-02-02,378.5382080078125
2022-02-03,375.7411193847656
2022-02-04,376.1827392578125
2022-02-07,372.74774169921875
2022-02-08,366.12310791015625
2022-02-09,382.90557861328125
2022-02-10,381.08990478515625
2022-02-11,380.6973571777344
2022-02-14,366.9573059082031
2022-02-15,358.2225646972656
2022-02-16,361.3631591796875
2022-02-17,361.6085205078125
2022-02-18,354.0514831542969
2022-02-21,346.7889099121094
2022-02-22,335.5514831542969
2022-02-23,340.5567932128906
2022-02-24,317.345947265625
2022-02-25,330.6443176269531
2022-02-28,335.796875
2022-03-02,340.7530822753906
2022-03-03,345.61114501953125
2022-03-04,337.1217956542969
2022-03-07,326.1297302246094
2022-03-08,330.93878173828125
2022-03-09,336.87640380859375
2022-03-10,338.59393310546875
2022-03-11,339.86981201171875
2022-03-14,341.7345275878906
2022-03-15,335.257080078125
2022-03-16,341.2438049316406
2022-03-17,343.8936462402344
2022-03-21,339.52630615234375
2022-03-22,339.6244201660156
2022-03-23,348.0647277832031
2022-03-24,396.1548767089844
2022-03-25,393.6031494140625
2022-03-28,405.1349792480469
2022-03-29,385.3591613769531
2022-03-30,377.2623291015625
2022-03-31,371.9626159667969
2022-04-01,377.5076904296875
2022-04-04,381.13897705078125
2022-04-05,376.9188232421875
2022-04-06,392.22918701171875
2022-04-07,385.80078125
2022-04-08,387.0766296386719
2022-04-11,385.3100891113281
2022-04-12,382.66021728515625
2022-04-13,383.6416320800781
2022-04-18,372.9440002441406
2022-04-19,368.5276184082031
2022-04-20,366.12310791015625
2022-04-21,374.75970458984375
2022-04-22,369.2636413574219
2022-04-25,362.2464294433594
2022-04-26,363.66949462890625
2022-04-27,363.2768859863281
2022-04-28,362.93341064453125
2022-04-29,366.1721496582031
2022-05-02,371.0793151855469
2022-05-04,354.9347229003906
2022-05-05,358.7132873535156
2022-05-06,344.1390075683594
2022-05-09,339.6734924316406
2022-05-10,329.662841796875
2022-05-11,326.2769775390625
2022-05-12,314.84326171875
2022-05-13,322.79290771484375
2022-05-16,323.8724670410156
2022-05-17,336.72918701171875
2022-05-18,334.619140625
2022-05-19,327.4546813964844
2022-05-20,330.10455322265625
2022-05-23,330.34991455078125
2022-05-24,323.08734130859375
2022-05-25,319.11248779296875
2022-05-26,312.2915344238281
2022-05-27,319.0634460449219
2022-05-30,326.96392822265625
2022-05-31,326.5223388671875
2022-06-01,327.7491149902344
2022-06-02,327.3074645996094
2022-06-03,335.9440612792969
2022-06-06,325.8352966308594
2022-06-07,321.5660705566406
2022-06-08,320.92816162109375
2022-06-09,321.0262756347656
2022-06-10,315.5302734375
2022-06-13,303.9984436035156
2022-06-14,303.21331787109375
2022-06-15,308.8565368652344
2022-06-16,291.4851989746094
2022-06-17,284.17352294921875
2022-06-20,262.58203125
2022-06-21,283.290283203125
2022-06-22,281.4255065917969
2022-06-23,283.53558349609375
2022-06-24,285.40032958984375
2022-06-27,292.7120056152344
2022-06-28,290.7981872558594
2022-06-29,287.8539123535156
2022-06-30,281.8671875
2022-07-01,283.78094482421875
2022-07-04,284.5661315917969
2022-07-05,285.74383544921875
2022-07-06,291.1416931152344
2022-07-07,294.2331848144531
2022-07-08,288.9335021972656
2022-07-11,291.2889099121094
2022-07-12,287.6085205078125
2022-07-13,286.1363830566406
2022-07-14,286.77435302734375
2022-07-15,289.4241943359375
2022-07-18,295.4109191894531
2022-07-19,301.0050964355469
2022-07-20,300.906982421875
2022-07-21,303.0169982910156
2022-07-22,304.0475158691406
2022-07-25,303.0169982910156
2022-07-26,298.01171875
2022-07-27,297.3247375488281
2022-07-28,303.1151428222656
2022-07-29,305.8631896972656
2022-08-01,308.5130310058594
2022-08-02,321.8114318847656
2022-08-03,314.1562805175781
2022-08-04,314.4997863769531
2022-08-05,318.81805419921875
2022-08-08,322.2039794921875
2022-08-10,329.71197509765625
2022-08-11,332.8525695800781
2022-08-12,334.079345703125
2022-08-16,335.8459167480469
2022-08-17,383.592529296875
2022-08-18,388.20526123046875
2022-08-19,397.2344665527344
2022-08-22,383.8869934082031
2022-08-23,395.8114013671875
2022-08-24,396.1548767089844
2022-08-25,393.2106018066406
2022-08-26,386.0951843261719
2022-08-29,384.91748046875
2022-08-30,384.72119140625
2022-09-01,390.46258544921875
2022-09-02,384.573974609375
2022-09-05,380.84454345703125
2022-09-06,370.9811706542969
2022-09-07,381.92413330078125
2022-09-08,376.8697814941406
2022-09-09,372.2079772949219
2022-09-12,373.43475341796875
2022-09-13,367.4971008300781
2022-09-14,364.60186767578125
2022-09-15,368.6257019042969
2022-09-16,358.0753479003906
2022-09-19,360.3817138671875
2022-09-20,371.47186279296875
2022-09-21,368.723876953125
2022-09-22,364.5036926269531
2022-09-23,357.2901611328125
2022-09-26,344.1881103515625
2022-09-27,346.59259033203125
2022-09-28,341.0474853515625
2022-09-29,339.6734924316406
2022-09-30,343.5010681152344
2022-10-03,348.1628723144531
2022-10-04,351.696044921875
2022-10-06,351.696044921875
2022-10-07,352.4811706542969
2022-10-10,350.027587890625
2022-10-11,336.77825927734375
2022-10-12,334.079345703125
2022-10-13,336.2384948730469
2022-10-14,331.6748352050781
2022-10-17,331.13507080078125
2022-10-18,334.570068359375
2022-10-19,334.7663269042969
2022-10-20,335.796875
2022-10-21,332.509033203125
2022-10-24,337.17083740234375
2022-10-25,332.0673828125
2022-10-27,335.06072998046875
2022-10-28,335.01171875
2022-10-31,333.4904479980469
2022-11-01,333.6376953125
2022-11-02,333.6376953125
2022-11-03,336.4838562011719
2022-11-04,340.4586181640625
2022-11-07,339.2318420410156
2022-11-09,337.80877685546875
2022-11-10,331.42950439453125
2022-11-11,335.9440612792969
2022-11-14,326.96392822265625
2022-11-15,323.6270751953125
2022-11-16,320.33929443359375
2022-11-17,328.38702392578125
2022-11-18,325.6880798339844
2022-11-21,324.1668701171875
2022-11-22,319.84857177734375
2022-11-23,336.09130859375
2022-11-24,330.8896789550781
2022-11-25,397.0381774902344
2022-11-28,377.9493408203125
2022-11-29,377.7039794921875
2022-11-30,375.8392639160156
2022-12-01,371.37371826171875
2022-12-02,370.53948974609375
2022-12-05,366.12310791015625
2022-12-06,360.6270751953125
2022-12-07,361.2650146484375
2022-12-08,354.98388671875
2022-12-09,349.7822265625
2022-12-12,353.41357421875
2022-12-13,370.2450866699219
2022-12-14,362.39361572265625
2022-12-15,358.7132873535156
2022-12-16,353.51165771484375
2022-12-19,366.760986328125
2022-12-20,361.2650146484375
2022-12-21,348.457275390625
2022-12-22,340.1151123046875
2022-12-23,324.9520568847656
2022-12-26,349.4878234863281
2022-12-27,343.5501403808594
2022-12-28,348.4082336425781
2022-12-29,343.79547119140625
2022-12-30,348.2119445800781
2023-01-02,348.0647277832031
2023-01-03,348.7517395019531
2023-01-04,344.77691650390625
2023-01-05,343.9917907714844
2023-01-06,339.2809143066406
2023-01-09,344.9241638183594
2023-01-10,344.4334716796875
2023-01-11,341.1947326660156
2023-01-12,341.2928466796875
2023-01-13,341.9798583984375
2023-01-16,338.44671630859375
2023-01-17,341.4400634765625
2023-01-18,345.85650634765625
2023-01-19,346.29815673828125
2023-01-20,341.9307861328125
2023-01-23,341.2928466796875
2023-01-24,343.1085205078125
2023-01-25,331.2822570800781
2023-01-27,325.4918212890625
2023-01-30,329.71197509765625
2023-01-31,331.527587890625
2023-02-01,332.8525695800781
2023-02-02,326.2279052734375
2023-02-03,321.9586486816406
2023-02-06,328.2398376464844
2023-02-07,351.0090026855469
2023-02-08,339.4281311035156
2023-02-09,335.06072998046875
2023-02-10,332.1655578613281
2023-02-13,335.10986328125
2023-02-14,329.76104736328125
2023-02-15,330.9878234863281
2023-02-16,329.95733642578125
2023-02-17,328.7305603027344
2023-02-20,326.8167419433594
2023-02-21,324.1178283691406
2023-02-22,317.0514831542969
2023-02-23,314.597900390625
2023-02-24,316.4135437011719
2023-02-27,311.3591613769531
2023-02-28,310.47589111328125
2023-03-01,316.757080078125
2023-03-02,315.03955078125
2023-03-03,314.794189453125
2023-03-06,317.738525390625
2023-03-08,317.1005859375
2023-03-09,314.4997863769531
2023-03-10,314.94140625
2023-03-13,305.3724365234375
2023-03-14,299.729248046875
2023-03-15,294.0369567871094
2023-03-16,291.3870849609375
2023-03-17,293.93878173828125
2023-03-20,293.7915954589844
2023-03-21,289.5223693847656
2023-03-22,291.3870849609375
2023-03-23,288.8843994140625
2023-03-24,280.19873046875
2023-03-27,272.1510314941406
2023-03-28,277.00909423828125
2023-03-29,284.6152038574219
2023-03-31,289.7186279296875
2023-04-03,293.0555114746094
2023-04-05,298.060791015625
2023-04-06,304.4891662597656
2023-04-10,303.9493713378906
2023-04-11,316.560791015625
2023-04-12,316.168212890625
2023-04-13,311.55548095703125
2023-04-17,308.0713806152344
2023-04-18,309.2981872558594
2023-04-19,306.6973571777344
2023-04-20,304.93084716796875
2023-04-21,304.8326721191406
2023-04-24,302.0355529785156
2023-04-25,303.06610107421875
2023-04-26,303.9984436035156
2023-04-27,304.4891662597656
2023-04-28,303.9984436035156
2023-05-02,310.6231384277344
2023-05-03,313.6655578613281
2023-05-04,316.6589050292969
2023-05-05,310.5249938964844
2023-05-08,315.03955078125
2023-05-09,311.45733642578125
2023-05-10,312.97857666015625
2023-05-11,317.5912780761719
2023-05-12,316.462646484375
2023-05-15,312.831298828125
2023-05-16,321.71331787109375
2023-05-17,324.6084899902344
2023-05-18,322.4493408203125
2023-05-19,318.62176513671875
2023-05-22,330.8406066894531
2023-05-23,327.5528259277344
2023-05-24,317.0514831542969
2023-05-25,319.0143737792969
2023-05-26,320.7318420410156
2023-05-29,319.60321044921875
2023-05-30,319.5541687011719
2023-05-31,315.9228515625
2023-06-01,320.7318420410156
2023-06-02,319.1615905761719
2023-06-05,322.3021240234375
2023-06-06,322.4002990722656
2023-06-07,330.34991455078125
2023-06-08,325.6390075683594
2023-06-09,320.58465576171875
2023-06-12,321.41888427734375
2023-06-13,322.4984130859375
2023-06-14,319.11248779296875
2023-06-15,317.4931335449219
2023-06-16,319.4069519042969
2023-06-19,319.75042724609375
2023-06-20,321.0262756347656
2023-06-21,327.7000427246094
2023-06-22,324.1178283691406
2023-06-23,318.86712646484375
2023-06-26,322.5965881347656
2023-06-27,320.5356140136719
2023-06-28,317.4440612792969
2023-06-30,318.5727233886719
2023-07-03,325.2464599609375
2023-07-04,322.0567626953125
2023-07-05,325.3446044921875
2023-07-06,326.5713806152344
2023-07-07,325.6390075683594
2023-07-10,321.8114318847656
2023-07-11,323.4307556152344
2023-07-12,323.4798583984375
2023-07-13,321.7623596191406
2023-07-14,322.2039794921875
2023-07-17,327.5037536621094
2023-07-18,326.71856689453125
2023-07-19,326.4732360839844
2023-07-20,326.2769775390625
2023-07-21,324.9520568847656
2023-07-24,324.3631591796875
2023-07-25,325.2464599609375
2023-07-26,327.7000427246094
2023-07-27,351.0090026855469
2023-07-28,345.26763916015625
2023-07-31,344.23712158203125
2023-08-01,343.5501403808594
2023-08-02,347.3286437988281
2023-08-03,349.438720703125
2023-08-04,355.18011474609375
2023-08-07,367.2026672363281
2023-08-08,370.1469421386719
2023-08-09,370.3923034667969
2023-08-10,371.2265319824219
2023-08-11,356.45599365234375
2023-08-14,360.6761169433594
2023-08-16,353.70794677734375
2023-08-17,364.8962707519531
2023-08-18,363.12969970703125
2023-08-21,357.9772033691406
2023-08-22,379.3724060058594
2023-08-23,376.8206787109375
2023-08-24,381.67877197265625
2023-08-25,380.15753173828125
2023-08-28,380.15753173828125
2023-08-29,374.4161682128906
2023-08-30,378.5382080078125
2023-08-31,379.5196533203125
2023-09-01,382.4148254394531
2023-09-04,401.9944152832031
2023-09-05,406.31268310546875
2023-09-06,413.1336669921875
2023-09-07,412.0540771484375
2023-09-08,405.33123779296875
2023-09-11,399.00103759765625
2023-09-12,373.1403503417969
2023-09-13,383.0527648925781
2023-09-14,382.4638977050781
2023-09-15,381.43341064453125
2023-09-18,380.3047790527344
2023-09-20,373.0007019042969
2023-09-21,369.8915100097656
2023-09-22,372.11236572265625
2023-09-25,370.8292236328125
2023-09-26,367.0784912109375
2023-09-27,372.0630187988281
2023-09-28,367.67071533203125
2023-09-29,371.12530517578125
2023-10-03,378.6268005371094
2023-10-04,375.71502685546875
2023-10-05,377.9852294921875
2023-10-06,389.97772216796875
2023-10-09,378.7254943847656
2023-10-10,378.7748718261719
2023-10-11,382.4269104003906
2023-10-12,385.8815002441406
2023-10-13,386.1282958984375
2023-10-16,463.314453125
2023-10-17,487.2500305175781
2023-10-18,457.14544677734375
2023-10-19,457.44158935546875
2023-10-20,442.19189453125
2023-10-23,408.38592529296875
2023-10-25,414.55487060546875
2023-10-26,407.49755859375
2023-10-27,418.6510925292969
2023-10-30,423.78369140625
2023-10-31,426.0045166015625
2023-11-01,418.8484802246094
2023-11-02,411.7418212890625
2023-11-03,419.8355407714844
2023-11-06,423.73431396484375
2023-11-07,425.3629150390625
2023-11-08,425.8564758300781
2023-11-09,419.391357421875
2023-11-10,415.9367370605469
2023-11-13,413.4197998046875
2023-11-15,421.414794921875
2023-11-16,407.54693603515625
2023-11-17,407.7443542480469
2023-11-20,409.175537109375
2023-11-21,412.4327392578125
2023-11-22,409.0768737792969
2023-11-23,406.70794677734375
2023-11-24,402.41436767578125
2023-11-28,401.72344970703125
2023-11-29,425.5109558105469
2023-11-30,421.7602233886719
2023-12-01,423.53692626953125
2023-12-04,418.4537048339844
2023-12-05,418.10821533203125
2023-12-06,422.4512023925781
2023-12-07,444.2646484375
2023-12-08,430.4954833984375
2023-12-11,433.45660400390625
2023-12-12,443.2282409667969
2023-12-13,442.8828430175781
2023-12-14,442.1425476074219
2023-12-15,436.8619079589844
2023-12-18,434.5423583984375
2023-12-19,460.945556640625
2023-12-20,425.21484375
2023-12-21,436.46710205078125
2023-12-22,434.6903991699219
2023-12-26,449.49591064453125
2023-12-27,437.70086669921875
2023-12-28,444.6101379394531
2023-12-29,445.3010559082031
2024-01-01,450.5816955566406
2024-01-02,455.3688049316406
2024-01-03,454.87530517578125
2024-01-04,470.81591796875
2024-01-05,460.35333251953125
2024-01-08,454.43109130859375
2024-01-09,454.57916259765625
2024-01-10,459.4649963378906
2024-01-11,476.19525146484375
2024-01-12,470.6678771972656
2024-01-15,538.5264892578125
2024-01-16,529.9887084960938
2024-01-17,574.8494262695312
2024-01-18,564.3868408203125
2024-01-19,587.8289794921875
2024-01-23,587.4835205078125
2024-01-24,598.0941772460938
2024-01-25,629.1364135742188
2024-01-29,635.8482055664062
2024-01-30,640.2899169921875
2024-01-31,627.3103637695312
2024-02-01,752.7626342773438
2024-02-02,828.0240478515625
2024-02-05,814.5016479492188
2024-02-06,769.7890014648438
2024-02-07,799.0545654296875
2024-02-08,802.9533081054688
2024-02-09,766.087646484375
2024-02-12,689.49365234375
2024-02-13,657.5630493164062
2024-02-14,686.5818481445312
2024-02-15,688.4078369140625
2024-02-16,677.4024047851562
2024-02-19,745.113037109375
2024-02-20,770.9733276367188
2024-02-21,810.3067626953125
2024-02-22,795.6492309570312
2024-02-23,787.999755859375
2024-02-26,774.3292846679688
2024-02-27,768.209716796875
2024-02-28,715.5513916015625
2024-02-29,746.5442504882812
2024-03-01,737.216796875
2024-03-04,757.8458251953125
2024-03-05,749.7027587890625
2024-03-06,700.3509521484375
2024-03-07,712.343505859375
2024-03-11,675.527099609375
2024-03-12,635.5028076171875
2024-03-13,579.6859130859375
2024-03-14,608.6553955078125
2024-03-15,614.9231567382812
2024-03-18,589.112060546875
2024-03-19,576.083251953125
2024-03-20,582.943115234375
2024-03-21,596.8603515625
2024-03-22,619.5128173828125
2024-03-26,605.74365234375
2024-03-27,618.8712158203125
2024-03-28,623.3622436523438
2024-04-01,654.503173828125
2024-04-02,683.1765747070312
2024-04-03,674.836181640625
2024-04-04,664.8177490234375
2024-04-05,677.550537109375
2024-04-08,685.0026245117188
2024-04-09,662.2020874023438
2024-04-10,659.5863647460938
2024-04-12,656.92138671875
2024-04-15,625.879150390625
2024-04-16,618.72314453125
2024-04-18,611.567138671875
2024-04-19,637.5755615234375
2024-04-22,667.2359619140625
2024-04-23,659.2410278320312
2024-04-24,668.3217163085938
2024-04-25,671.9737548828125
2024-04-26,672.171142578125
2024-04-29,672.5659790039062
2024-04-30,655.1448364257812
2024-05-02,654.6019287109375
2024-05-03,644.928955078125
2024-05-06,635.1079711914062
2024-05-07,615.8607177734375
2024-05-08,623.757080078125
2024-05-09,598.7850341796875
2024-05-10,606.1384887695312
2024-05-13,649.8641967773438
2024-05-14,634.5651245117188
2024-05-15,645.570556640625
2024-05-16,639.401611328125
2024-05-17,660.22802734375
2024-05-21,683.0778198242188
2024-05-22,677.3037109375
2024-05-23,694.9223022460938
2024-05-24,664.2748413085938
2024-05-27,663.929443359375
2024-05-28,654.15771484375
2024-05-29,643.497802734375
2024-05-30,643.7445068359375
2024-05-31,640.43798828125
2024-06-03,675.3790283203125
2024-06-04,607.9152221679688
2024-06-05,598.6863403320312
2024-06-06,651.5914306640625
2024-06-07,655.0460815429688
2024-06-10,660.1786499023438
2024-06-11,663.8800048828125
2024-06-12,769.9369506835938
2024-06-13,777.5865478515625
2024-06-14,793.724609375
2024-06-18,786.3711547851562
2024-06-19,761.1524047851562
2024-06-20,762.9783935546875
2024-06-21,750.6405029296875
2024-06-24,809.8132934570312
2024-06-25,888.47998046875
2024-06-26,849.7881469726562
2024-06-27,817.364013671875
2024-06-28,820.4239501953125
2024-07-01,814.551025390625
2024-07-02,876.9810180664062
2024-07-03,853.4402465820312
2024-07-04,862.9650268554688
2024-07-05,858.1286010742188
2024-07-08,861.9286499023438
2024-07-09,825.3590698242188
2024-07-10,804.2364501953125
2024-07-11,814.20556640625
2024-07-12,808.0365600585938
2024-07-15,804.0390625
2024-07-16,791.1582641601562
2024-07-18,766.4329833984375
2024-07-19,747.2844848632812
2024-07-22,793.6258544921875
2024-07-23,781.6827392578125
2024-07-24,801.7195434570312
2024-07-25,843.0269165039062
2024-07-26,821.5589599609375
2024-07-29,826.2967529296875
2024-07-30,846.4322509765625
2024-07-31,812.3301391601562
2024-08-01,780.9424438476562
2024-08-02,770.9733276367188
2024-08-05,735.9336547851562
2024-08-06,709.0862426757812
2024-08-07,727.69189453125
2024-08-08,727.69189453125
2024-08-09,735.9830322265625
2024-08-12,739.1908569335938
2024-08-13,720.9801025390625
2024-08-14,698.9691772460938
2024-08-16,695.267822265625
2024-08-19,761.3004150390625
2024-08-20,753.7496337890625
2024-08-21,763.12646484375
2024-08-22,765.6926879882812
2024-08-23,752.17041015625
2024-08-26,740.2765502929688
2024-08-27,744.2247314453125
2024-08-28,748.86376953125
2024-08-29,716.9826049804688
2024-08-30,723.5889892578125
2024-09-02,712.050048828125
2024-09-03,709.5242919921875
2024-09-04,709.9204711914062
2024-09-05,708.9300537109375
2024-09-06,697.1929931640625
2024-09-09,690.4577026367188
2024-09-10,701.4024658203125
2024-09-11,685.2576904296875
2024-09-12,685.6044311523438
2024-09-13,694.8652954101562
2024-09-16,688.823486328125
2024-09-17,683.0291748046875
2024-09-18,671.787353515625
2024-09-19,658.9607543945312
2024-09-20,666.9835815429688
2024-09-23,693.032958984375
2024-09-24,686.0006103515625
2024-09-25,679.0672607421875
2024-09-26,670.2520751953125
2024-09-27,671.3416137695312
2024-09-30,665.54736328125
2024-10-01,653.3150024414062
2024-10-03,655.692138671875
2024-10-04,666.8350219726562
2024-10-07,623.7989501953125
2024-10-08,635.1398315429688
2024-10-09,650.6407470703125
2024-10-10,641.4789428710938
2024-10-11,651.829345703125
2024-10-14,671.093994140625
2024-10-15,676.8883056640625
2024-10-16,663.4673461914062
2024-10-17,651.9284057617188
2024-10-18,641.7760620117188
2024-10-21,625.7304077148438
2024-10-22,596.4619750976562
2024-10-23,589.726806640625
2024-10-24,584.2296142578125
2024-10-25,561.9935913085938
2024-10-28,569.6201782226562
2024-10-29,569.9669189453125
2024-10-30,600.7210083007812
2024-10-31,602.107666015625
2024-11-01,611.8142700195312
2024-11-04,592.2029418945312
2024-11-05,596.115234375
2024-11-06,611.7647705078125
2024-11-07,614.3399658203125
2024-11-08,606.1685791015625
2024-11-11,596.6105346679688
2024-11-12,613.6466674804688
2024-11-13,593.3419799804688
2024-11-14,585.9134521484375
2024-11-18,562.0926513671875
2024-11-19,568.431640625
2024-11-21,554.8621826171875
2024-11-22,573.8296508789062
2024-11-25,586.804931640625
2024-11-26,614.0428466796875
2024-11-27,633.3075561523438
2024-11-28,635.8827514648438
2024-11-29,635.0903930664062
2024-12-02,638.2598876953125
2024-12-03,637.0217895507812
2024-12-04,652.47314453125
2024-12-05,663.5169677734375
2024-12-06,666.191162109375
2024-12-09,669.4102172851562
2024-12-10,650.888427734375
2024-12-11,657.2274169921875
2024-12-12,647.7189331054688
2024-12-13,640.2904052734375
2024-12-16,666.7854614257812
2024-12-17,651.9779052734375
2024-12-18,637.4674682617188
2024-12-19,629.345703125
2024-12-20,612.6561889648438
2024-12-23,608.4466552734375
2024-12-24,601.4143676757812
2024-12-26,596.21435546875
2024-12-27,597.204833984375
2024-12-30,600.8695678710938
2024-12-31,613.9933471679688
2025-01-01,621.1246948242188
2025-01-02,622.7589721679688
2025-01-03,708.8804931640625
2025-01-06,654.6522216796875
2025-01-07,645.7874145507812
2025-01-08,653.5131225585938
2025-01-09,660.0997924804688
2025-01-10,619.1437377929688
2025-01-13,590.6182250976562
2025-01-14,602.75146484375
2025-01-15,598.6904907226562
2025-01-16,614.5380859375
2025-01-17,621.421875
2025-01-20,616.9151611328125
2025-01-21,603.6924438476562
2025-01-22,592.4506225585938
2025-01-23,594.877197265625
2025-01-24,574.9192504882812
2025-01-27,540.4012451171875
2025-01-28,536.1422119140625
2025-01-29,549.3155517578125
2025-01-30,550.1574096679688
2025-01-31,614.0428466796875
2025-02-01,665.6464233398438
2025-02-03,617.509521484375
2025-02-04,622.4618530273438
2025-02-05,618.2028198242188
2025-02-06,613.1513671875
2025-02-07,603.2466430664062
2025-02-10,581.75341796875
2025-02-11,549.2659912109375
2025-02-12,554.4660034179688
2025-02-13,543.91748046875
2025-02-14,502.317626953125
2025-02-17,492.511962890625
2025-02-18,470.4244689941406
2025-02-19,551.7916870117188
2025-02-20,543.2736206054688
2025-02-21,527.6242065429688
2025-02-24,535.4984741210938
2025-02-25,526.8318481445312
2025-02-27,505.3385925292969
2025-02-28,487.70819091796875
2025-03-03,515.9861450195312
2025-03-04,504.39764404296875
2025-03-05,571.0563354492188
2025-03-06,575.4639282226562
2025-03-07,567.094482421875
2025-03-10,539.1136474609375
2025-03-11,531.9822387695312
2025-03-12,609.5361938476562
2025-03-13,575.9097290039062
2025-03-17,560.1116943359375
2025-03-18,560.1116943359375
2025-03-19,582.2487182617188
2025-03-20,585.2696533203125
2025-03-21,596.90771484375
2025-03-24,608.34765625
2025-03-25,591.8067626953125
2025-03-26,595.0752563476562
2025-03-27,590.2219848632812
2025-03-28,582.7439575195312
2025-04-01,590.6676635742188
2025-04-02,593.6390991210938
2025-04-03,598.2448120117188
2025-04-04,576.5039672851562
2025-04-07,539.9060668945312
2025-04-08,558.4278564453125
2025-04-09,546.195556640625
2025-04-11,556.4963989257812
2025-04-15,569.8677978515625
2025-04-16,587.9934692382812
2025-04-17,585.1705932617188
2025-04-21,593.936279296875
2025-04-22,591.3115234375
2025-04-23,591.8067626953125
2025-04-24,592.6486206054688
2025-04-25,564.7669067382812
2025-04-28,565.3116455078125
2025-04-29,565.6582641601562
2025-04-30,554.7135620117188
2025-05-02,547.9783935546875
2025-05-05,557.9326171875
2025-05-06,539.2622680664062
2025-05-07,541.0451049804688
2025-05-08,535.8450927734375
2025-05-09,524.0584716796875
2025-05-12,556.6945190429688
2025-05-13,565.460205078125
2025-05-14,578.0391235351562
2025-05-15,579.574462890625
2025-05-16,591.55908203125
2025-05-19,604.4847412109375
2025-05-20,597.1553344726562
2025-05-21,589.033447265625
2025-05-22,608.644775390625
2025-05-23,601.5133666992188
2025-05-26,609.3380737304688
2025-05-27,609.932373046875
2025-05-28,619.6885375976562
2025-05-29,617.6085205078125
2025-05-30,616.9647216796875
2025-06-02,615.8751831054688
2025-06-03,602.75146484375
2025-06-04,623.6504516601562
2025-06-05,620.8275756835938
2025-06-06,616.8656616210938
2025-06-09,618.450439453125
2025-06-10,626.968505859375
2025-06-11,616.5685424804688
2025-06-12,603.4943237304688
2025-06-13,589.33056640625
2025-06-16,596.3629150390625
2025-06-17,592.1534423828125
2025-06-18,583.9819946289062
2025-06-19,581.3078002929688
2025-06-20,581.6049194335938
2025-06-23,573.7306518554688
2025-06-24,579.7229614257812
2025-06-25,587.4486694335938
2025-06-26,593.29248046875
2025-06-27,595.52099609375
2025-06-30,602.3552856445312
2025-07-01,601.0181274414062
2025-07-02,598.2448120117188
2025-07-03,593.1438598632812
2025-07-04,611.1209716796875
2025-07-07,615.2809448242188
2025-07-08,610.0809326171875
2025-07-09,602.05810546875
2025-07-10,603.1476440429688
2025-07-11,594.9762573242188
2025-07-14,591.658203125
2025-07-15,598.5914306640625
2025-07-16,595.3724365234375
2025-07-17,600.7210083007812
2025-07-18,599.6810302734375
2025-07-21,600.3248291015625
2025-07-22,595.917236328125
2025-07-23,598.09619140625
2025-07-24,594.282958984375
2025-07-25,575.3649291992188
2025-07-28,571.6011352539062
2025-07-29,577.4944458007812
2025-07-30,588.5382080078125
2025-07-31,576.0582885742188
2025-08-01,567.3421020507812
2025-08-04,571.1058959960938
2025-08-05,563.9249267578125
2025-08-06,557.8336181640625
2025-08-07,550.850830078125
2025-08-08,549.117431640625
2025-08-11,537.3308715820312
2025-08-12,552.8317260742188
2025-08-13,535.2508544921875
2025-08-14,532.427978515625
2025-08-18,535.1517944335938
2025-08-19,541.3917236328125
2025-08-20,557.8336181640625
2025-08-21,551.6926879882812
2025-08-22,546.4431762695312
2025-08-25,537.3803100585938
2025-08-26,527.6242065429688
2025-08-28,523.2166137695312
2025-08-29,519.4528198242188
2025-09-01,531.140380859375
2025-09-02,533.3193969726562
2025-09-03,550.751708984375
2025-09-04,547.2850341796875
2025-09-05,543.91748046875
2025-09-08,542.3740844726562
2025-09-09,650.80908203125
2025-09-10,650.211669921875
2025-09-11,666.0935668945312
2025-09-12,647.2742309570312
2025-09-15,625.7664794921875
2025-09-16,633.3837890625
2025-09-17,625.4677734375
2025-09-18,627.3098754882812
2025-09-19,627.3098754882812
2025-09-22,612.125
2025-09-23,617.7508544921875
2025-09-24,603.5119018554688
2025-09-25,597.6370849609375
2025-09-26,580.8590087890625
2025-09-29,574.1876831054688
2025-09-30,571.84765625
2025-10-01,582.9998779296875
2025-10-03,596.9400634765625
2025-10-06,669.9768676757812
2025-10-07,640.9513549804688
2025-10-08,627.0609130859375
2025-10-09,635.8233032226562
2025-10-10,626.2643432617188
2025-10-13,616.6057739257812
2025-10-14,607.1961059570312
2025-10-15,612.3739013671875
2025-10-16,622.3311767578125
2025-10-17,608.09228515625
2025-10-20,615.1121826171875
2025-10-21,617.2529907226562
2025-10-23,612.3241577148438
2025-10-24,610.63134765625
2025-10-27,608.689697265625
2025-10-28,612.0254516601562
2025-10-29,628.4051513671875
2025-10-30,624.1234741210938
2025-10-31,614.5147705078125
2025-11-03,617.8006591796875
2025-11-04,610.3824462890625
2025-11-06,594.55029296875
2025-11-07,587.8789672851562
2025-11-10,582.9500732421875
2025-11-11,581.25732421875
2025-11-12,592.1605834960938
2025-11-13,588.575927734375
2025-11-14,591.8120727539062
2025-11-17,600.07666015625
2025-11-18,592.0609741210938
2025-11-19,583.298583984375
2025-11-20,586.1364135742188
2025-11-21,583.5474853515625
2025-11-24,571.4992065429688
2025-11-25,571.3995971679688
2025-11-26,575.0838012695312
2025-11-27,574.7353515625
2025-11-28,582.3526000976562
2025-12-01,583.4479370117188
2025-12-02,571.3497924804688
2025-12-03,565.17626953125
2025-12-04,559.5504150390625
2025-12-05,556.0653686523438
2025-12-08,539.5860595703125
2025-12-09,550.8378295898438
2025-12-10,554.47216796875
2025-12-11,548.1990966796875
2025-12-12,548.7965698242188
2025-12-15,553.4764404296875
2025-12-16,544.0668334960938
2025-12-17,534.4082641601562
2025-12-18,534.1095581054688
2025-12-19,558.2061767578125
2025-12-22,562.2389526367188
2025-12-23,573.4408569335938
2025-12-24,566.2716064453125
2025-12-26,590.8163452148438
2025-12-29,573.4408569335938
2025-12-30,577.0255126953125
2025-12-31,582.7509155273438
2026-01-01,604.4578247070312
2026-01-02,605.0552978515625
2026-01-05,593.2061157226562
2026-01-06,582.3028564453125
2026-01-07,585.987060546875
2026-01-08,566.3214111328125
2026-01-09,560.9444580078125
2026-01-12,562.2886962890625
2026-01-13,565.6741333007812
2026-01-14,566.3711547851562
2026-01-15,566.3711547851562
2026-01-16,560.6954956054688
2026-01-19,548.9956665039062
2026-01-20,536.1010131835938
2026-01-21,518.7752685546875
2026-01-22,522.3101196289062
2026-01-23,498.91046142578125
2026-01-27,495.126708984375
2026-01-28,511.5064697265625
2026-01-29,510.6600646972656
2026-01-30,523.256103515625
2026-02-02,532.9146728515625
2026-02-03,534.4082641601562
2026-02-04,536.549072265625
2026-02-05,531.76953125
2026-02-06,525.5462646484375
2026-02-09,540.531982421875
2026-02-10,552.1322631835938
2026-02-11,546.3072509765625
2026-02-12,541.0796508789062
2026-02-13,530.6742553710938
2026-02-16,538.6898803710938
2026-02-17,538.2418212890625
2026-02-18,536.4495239257812
2026-02-19,532.0682373046875
2026-02-20,529.7283325195312
2026-02-23,529.0313110351562
2026-02-24,530.2759399414062
2026-02-25,527.93603515625
2026-02-26,528.533447265625
2026-02-27,523.4552612304688
2026-03-02,494.0812072753906
2026-03-04,477.55206298828125
2026-03-05,489.749755859375
2026-03-06,479.9916076660156
2026-03-09,462.0684509277344
2026-03-10,460.0769958496094
2026-03-11,463.1139831542969
2026-03-12,462.2676086425781
2026-03-13,437.47393798828125
2026-03-16,424.230712890625
2026-03-17,424.6290283203125
2026-03-18,439.9632873535156
2026-03-19,418.2065734863281
2026-03-20,424.8779602050781
2026-03-23,388.3844299316406
2026-03-24,402.42425537109375
2026-03-25,411.7840881347656
2026-03-27,385.5964050292969
2026-03-30,368.9179382324219
2026-04-01,393.8111877441406
2026-04-02,403.9676513671875
2026-04-06,406.2578125
2026-04-07,411.1368713378906
2026-04-08,439.2662353515625
2026-04-09,527.089599609375
2026-04-10,607.7935791015625
2026-04-13,629.9485473632812
2026-04-15,640.752197265625
2026-04-16,635.474853515625
2026-04-17,613.6185913085938
2026-04-20,605.5033569335938
2026-04-21,625.2686157226562
2026-04-22,615.7095947265625
2026-04-23,604.9059448242188
2026-04-24,582.4522094726562
2026-04-27,599.0311279296875
2026-04-28,588.8746948242188
2026-04-29,592.9571533203125
2026-04-30,583.99560546875
2026-05-04,582.4024658203125
2026-05-05,579.2161254882812
2026-05-06,589.5716552734375
2026-05-07,590.9656982421875
2026-05-08,581.6556396484375
2026-05-11,584.9913330078125
2026-05-12,565.6741333007812
2026-05-13,558.1066284179688
2026-05-14,557.1109008789062
2026-05-15,546.0084838867188
2026-05-18,538.1422729492188
2026-05-19,545.2119140625
2026-05-20,541.4779052734375
2026-05-21,546.2076416015625
2026-05-22,547.7012329101562
2026-05-25,552.4309692382812
2026-05-26,546.9046630859375
2026-05-27,546.9046630859375
2026-05-28,546.9046630859375
2026-05-29,541.0796508789062
2026-06-01,534.2588500976562
2026-06-02,539.78515625
2026-06-03,533.3129272460938
2026-06-04,586.6343383789062
2026-06-05,667.0892944335938
2026-06-08,597.1392211914062
2026-06-09,591.364013671875
2026-06-10,598.1847534179688
2026-06-11,576.4281005859375
2026-06-12,582.6015625
2026-06-15,595.4962768554688
2026-06-16,615.7593994140625
2026-06-17,619.5929565429688
2026-06-18,609.0382080078125
2026-06-19,616.3568115234375
2026-06-22,620.8375854492188
2026-06-23,604.1591186523438
2026-06-24,600.6243286132812
2026-06-25,596.7907104492188
2026-06-26,596.7907104492188
2026-06-29,585.987060546875
2026-06-30,584.642822265625
2026-07-01,582.7509155273438
2026-07-02,590.3184814453125
2026-07-03,585.4393920898438
2026-07-06,583.1990356445312
2026-07-07,699.7989501953125
2026-07-08,720.31103515625
2026-07-09,724.9909057617188
2026-07-10,713.7391967773438
2026-07-13,701.3922119140625
2026-07-14,680.5316162109375
2026-07-15,790.510009765625
2026-07-16,752.0250244140625
2026-07-17,740.7733154296875
2026-07-20,770.5953979492188
2026-07-21,754.1658935546875
2026-07-22,746.9468383789062
2026-07-23,744.4076538085938
2026-07-24,734.2512817382812
2026-07-27,732.0108642578125
2026-07-28,714.286865234375
2026-07-29,716.4276733398438
2026-07-30,693.9241943359375
2026-07-31,697.7079467773438
2026-08-03,712.1460571289062
2026-08-04,702.0393676757812
2026-08-05,702.3380737304688
2026-08-06,705.1759643554688
2026-08-07,698.7534790039062
2026-08-10,692.7293090820312
2026-08-11,673.7606811523438
2026-08-12,717.9710693359375
2026-08-13,696.861572265625
2026-08-14,693.7748413085938
2026-08-17,695.3181762695312
2026-08-18,689.9910888671875
2026-08-19,680.0835571289062
2026-08-20,684.6140747070312
2026-08-21,681.3779907226562
2026-08-24,677.59423828125
2026-08-25,678.6895141601562
2026-08-26,681.1290283203125
2026-08-27,656.5344848632812
2026-08-28,659.3225708007812
2026-08-31,637.46630859375
2026-09-01,641.9968872070312
2026-09-02,634.4293212890625
2026-09-03,640.6028442382812
2026-09-04,641.5985717773438
2026-09-07,640.6028442382812
2026-09-08,635.474853515625
2026-09-09,626.9613647460938
2026-09-10,661.7620849609375
2026-09-11,687.8999633789062
2026-09-14,687.8999633789062
2026-09-15,653.4500122070312
2026-09-16,656.75
2026-09-18,658.2999877929688
2026-09-21,651.5499877929688
