Date,LAURUSLABS
2016-12-19,92.58970642089844
2016-12-20,91.29838562011719
2016-12-21,91.24058532714844
2016-12-22,91.46221923828125
2016-12-23,91.67424011230469
2016-12-26,87.73279571533203
2016-12-27,92.75354766845703
2016-12-28,93.71720886230469
2016-12-29,92.5608139038086
2016-12-30,92.67642974853516
2017-01-02,93.74612426757812
2017-01-03,91.80912780761719
2017-01-04,91.64531707763672
2017-01-05,91.80912780761719
2017-01-06,91.11530303955078
2017-01-09,91.60678100585938
2017-01-10,91.18276977539062
2017-01-11,91.5585708618164
2017-01-12,91.59713745117188
2017-01-13,95.3265609741211
2017-01-16,93.52448272705078
2017-01-17,91.92478942871094
2017-01-18,92.14642333984375
2017-01-19,92.67642974853516
2017-01-20,92.28133392333984
2017-01-23,92.02116394042969
2017-01-24,92.03077697753906
2017-01-25,92.05004119873047
2017-01-27,91.26947784423828
2017-01-30,92.15605926513672
2017-01-31,91.50076293945312
2017-02-01,91.66460418701172
2017-02-02,91.35621643066406
2017-02-03,96.90697479248047
2017-02-06,107.36283874511719
2017-02-07,107.90247344970703
2017-02-08,106.00404357910156
2017-02-09,107.87358856201172
2017-02-10,103.26721954345703
2017-02-13,99.93290710449219
2017-02-14,98.32356262207031
2017-02-15,98.01519775390625
2017-02-16,97.09007263183594
2017-02-17,96.52151489257812
2017-02-20,97.38880920410156
2017-02-21,99.5088882446289
2017-02-22,100.54966735839844
2017-02-23,100.45330810546875
2017-02-27,98.38139343261719
2017-02-28,98.28502655029297
2017-03-01,98.31392669677734
2017-03-02,97.928466796875
2017-03-03,97.69717407226562
2017-03-06,98.65120697021484
2017-03-07,100.51111602783203
2017-03-08,99.81727600097656
2017-03-09,99.24869537353516
2017-03-10,98.49701690673828
2017-03-14,99.19087982177734
2017-03-15,101.62895965576172
2017-03-16,102.26500701904297
2017-03-17,102.26500701904297
2017-03-20,101.70606231689453
2017-03-21,99.8269271850586
2017-03-22,98.71866607666016
2017-03-23,98.65120697021484
2017-03-24,98.30429077148438
2017-03-27,98.85359954833984
2017-03-28,98.36212921142578
2017-03-29,99.23907470703125
2017-03-30,99.92327880859375
2017-03-31,99.48960876464844
2017-04-03,100.33763885498047
2017-04-05,100.19310760498047
2017-04-06,99.6727294921875
2017-04-07,98.41029357910156
2017-04-10,99.12342834472656
2017-04-11,98.88249206542969
2017-04-12,98.43921661376953
2017-04-13,97.50445556640625
2017-04-17,99.05597686767578
2017-04-18,99.14270782470703
2017-04-19,99.66307067871094
2017-04-20,101.19529724121094
2017-04-21,100.05819702148438
2017-04-24,100.05819702148438
2017-04-25,100.34728240966797
2017-04-26,99.93290710449219
2017-04-27,99.95218658447266
2017-04-28,100.20274353027344
2017-05-02,102.16862487792969
2017-05-03,104.51998901367188
2017-05-04,108.21085357666016
2017-05-05,107.61338806152344
2017-05-08,107.93140411376953
2017-05-09,107.49774169921875
2017-05-10,106.92916107177734
2017-05-11,106.64971160888672
2017-05-12,107.37245178222656
2017-05-15,106.48587799072266
2017-05-16,111.23678588867188
2017-05-17,111.20787048339844
2017-05-18,107.86395263671875
2017-05-19,105.88841247558594
2017-05-22,105.73421478271484
2017-05-23,105.98477172851562
2017-05-24,101.60968780517578
2017-05-25,105.82093811035156
2017-05-26,107.14120483398438
2017-05-29,104.21161651611328
2017-05-30,105.62821197509766
2017-05-31,110.34058380126953
2017-06-01,113.55924987792969
2017-06-02,115.78532409667969
2017-06-05,116.30571746826172
2017-06-06,116.08405303955078
2017-06-07,117.83795166015625
2017-06-08,118.28125
2017-06-09,120.37242889404297
2017-06-12,119.58219909667969
2017-06-13,119.52436828613281
2017-06-14,117.22119903564453
2017-06-15,114.86984252929688
2017-06-16,116.66224670410156
2017-06-19,116.74899291992188
2017-06-20,116.67191314697266
2017-06-21,118.41614532470703
2017-06-22,116.81645202636719
2017-06-23,117.24046325683594
2017-06-27,118.1366958618164
2017-06-28,117.6259536743164
2017-06-29,117.97286987304688
2017-06-30,118.56069946289062
2017-07-03,121.11443328857422
2017-07-04,120.92171478271484
2017-07-05,120.47840881347656
2017-07-06,119.85052490234375
2017-07-07,119.76359558105469
2017-07-10,119.28060150146484
2017-07-11,116.6530990600586
2017-07-12,115.44562530517578
2017-07-13,117.78329467773438
2017-07-14,117.7350082397461
2017-07-17,117.39691162109375
2017-07-18,116.4115982055664
2017-07-19,115.79337310791016
2017-07-20,115.4166259765625
2017-07-21,115.43594360351562
2017-07-24,115.2813720703125
2017-07-25,113.72615051269531
2017-07-26,113.65852355957031
2017-07-27,114.86602783203125
2017-07-28,114.38300323486328
2017-07-31,112.19021606445312
2017-08-01,112.56695556640625
2017-08-02,111.97769165039062
2017-08-03,111.53333282470703
2017-08-04,112.81810760498047
2017-08-07,111.70722961425781
2017-08-08,110.81851959228516
2017-08-09,106.78067016601562
2017-08-10,101.4194107055664
2017-08-11,104.91631317138672
2017-08-14,106.11414337158203
2017-08-16,105.78569030761719
2017-08-17,105.2544174194336
2017-08-18,103.34173583984375
2017-08-21,101.64158630371094
2017-08-22,100.40512084960938
2017-08-23,101.42906188964844
2017-08-24,100.72389221191406
2017-08-28,98.70499420166016
2017-08-29,97.14972686767578
2017-08-30,100.53069305419922
2017-08-31,101.88310241699219
2017-09-01,104.26909637451172
2017-09-04,105.71807098388672
2017-09-05,106.66474151611328
2017-09-06,105.53453826904297
2017-09-07,106.18174743652344
2017-09-08,105.29303741455078
2017-09-11,104.3270492553711
2017-09-12,103.05194091796875
2017-09-13,101.79615783691406
2017-09-14,106.16242218017578
2017-09-15,105.92092895507812
2017-09-18,105.41863250732422
2017-09-19,105.21576690673828
2017-09-20,105.99821472167969
2017-09-21,105.35099029541016
2017-09-22,104.39466857910156
2017-09-25,101.22622680664062
2017-09-26,100.56934356689453
2017-09-27,99.31355285644531
2017-09-28,98.10606384277344
2017-09-29,97.98048400878906
2017-10-03,98.2606201171875
2017-10-04,103.4383316040039
2017-10-05,103.23548889160156
2017-10-06,104.59752655029297
2017-10-09,103.35140228271484
2017-10-10,105.2544174194336
2017-10-11,103.08092498779297
2017-10-12,105.22541809082031
2017-10-13,104.9646224975586
2017-10-16,105.43792724609375
2017-10-17,105.63113403320312
2017-10-18,105.6987533569336
2017-10-19,105.29303741455078
2017-10-23,104.8873062133789
2017-10-24,104.65547943115234
2017-10-25,104.24977111816406
2017-10-26,103.42867279052734
2017-10-27,103.63150787353516
2017-10-30,103.9696273803711
2017-10-31,104.01792907714844
2017-11-01,103.7571029663086
2017-11-02,103.8923568725586
2017-11-03,103.30310821533203
2017-11-06,105.41863250732422
2017-11-07,104.99356079101562
2017-11-08,105.31236267089844
2017-11-09,104.13385009765625
2017-11-10,102.33711242675781
2017-11-13,101.26484680175781
2017-11-14,101.02336120605469
2017-11-15,103.28376770019531
2017-11-16,101.83477783203125
2017-11-17,102.25016784667969
2017-11-20,102.28881072998047
2017-11-21,102.25016784667969
2017-11-22,101.68022155761719
2017-11-23,103.08092498779297
2017-11-24,103.8923568725586
2017-11-27,102.26948547363281
2017-11-28,99.84485626220703
2017-11-29,100.91710662841797
2017-11-30,101.50636291503906
2017-12-01,101.61261749267578
2017-12-04,99.95111846923828
2017-12-05,101.13929748535156
2017-12-06,100.42444610595703
2017-12-07,100.0670394897461
2017-12-08,97.24633026123047
2017-12-11,99.09138488769531
2017-12-12,97.35259246826172
2017-12-13,100.1346435546875
2017-12-14,101.60294342041016
2017-12-15,101.20689392089844
2017-12-18,103.06159973144531
2017-12-19,102.47233581542969
2017-12-20,103.62187194824219
2017-12-21,108.85753631591797
2017-12-22,106.54883575439453
2017-12-26,105.33168029785156
2017-12-27,105.02256774902344
2017-12-28,104.19181060791016
2017-12-29,104.8873062133789
2018-01-01,104.24977111816406
2018-01-02,103.54459381103516
2018-01-03,103.71847534179688
2018-01-04,105.12881469726562
2018-01-05,106.53919219970703
2018-01-08,108.38420867919922
2018-01-09,106.93524169921875
2018-01-10,104.94527435302734
2018-01-11,106.30733489990234
2018-01-12,105.51522827148438
2018-01-15,105.2737045288086
2018-01-16,102.99397277832031
2018-01-17,105.87264251708984
2018-01-18,103.77644348144531
2018-01-19,105.0322265625
2018-01-22,106.20106506347656
2018-01-23,107.4761734008789
2018-01-24,106.9255599975586
2018-01-25,105.31236267089844
2018-01-29,104.16282653808594
2018-01-30,99.95111846923828
2018-01-31,99.80620574951172
2018-02-01,100.03804779052734
2018-02-02,98.5311050415039
2018-02-05,97.76795959472656
2018-02-06,97.2366714477539
2018-02-07,97.02416229248047
2018-02-08,98.2799301147461
2018-02-09,99.42948150634766
2018-02-12,100.1539535522461
2018-02-14,103.49629974365234
2018-02-15,101.86376953125
2018-02-16,101.48704528808594
2018-02-19,100.26021575927734
2018-02-20,100.26988983154297
2018-02-21,99.87381744384766
2018-02-22,99.41980743408203
2018-02-23,99.63233947753906
2018-02-26,100.61766052246094
2018-02-27,103.82475280761719
2018-02-28,105.01289367675781
2018-03-01,102.73314666748047
2018-03-05,102.53030395507812
2018-03-06,103.58324432373047
2018-03-07,100.4920654296875
2018-03-08,100.71424865722656
2018-03-09,100.34715270996094
2018-03-12,100.7335433959961
2018-03-13,105.15779876708984
2018-03-14,103.59288787841797
2018-03-15,103.22582244873047
2018-03-16,100.71424865722656
2018-03-19,100.7818603515625
2018-03-20,99.08171844482422
2018-03-21,98.65668487548828
2018-03-22,98.07710266113281
2018-03-23,99.0623779296875
2018-03-26,98.16400909423828
2018-03-27,98.03844451904297
2018-03-28,97.14972686767578
2018-04-02,98.25096893310547
2018-04-03,99.13002014160156
2018-04-04,98.57940673828125
2018-04-05,97.93218231201172
2018-04-06,97.92253112792969
2018-04-09,96.61844635009766
2018-04-10,97.91288757324219
2018-04-11,97.22702026367188
2018-04-12,97.45884704589844
2018-04-13,96.77301025390625
2018-04-16,96.84060668945312
2018-04-17,97.07244873046875
2018-04-18,96.6763916015625
2018-04-19,96.98550415039062
2018-04-20,98.2799301147461
2018-04-23,97.35259246826172
2018-04-24,97.19805908203125
2018-04-25,97.01449584960938
2018-04-26,97.58443450927734
2018-04-27,97.37191009521484
2018-04-30,98.78226470947266
2018-05-02,97.34292602539062
2018-05-03,96.8792495727539
2018-05-04,97.76795959472656
2018-05-07,96.92755126953125
2018-05-08,97.43952941894531
2018-05-09,96.43489837646484
2018-05-10,95.67178344726562
2018-05-11,94.18414306640625
2018-05-14,92.27146911621094
2018-05-15,91.59529876708984
2018-05-16,89.27690887451172
2018-05-17,88.82289123535156
2018-05-18,88.75526428222656
2018-05-21,85.8476333618164
2018-05-22,86.69770050048828
2018-05-23,87.1710205078125
2018-05-24,87.7216567993164
2018-05-25,89.42179870605469
2018-05-28,91.91405487060547
2018-05-29,90.20423889160156
2018-05-30,88.8711929321289
2018-05-31,91.17990112304688
2018-06-01,88.62968444824219
2018-06-04,89.00643920898438
2018-06-05,87.57675170898438
2018-06-06,90.35881805419922
2018-06-07,90.29121398925781
2018-06-08,93.40169525146484
2018-06-11,96.62809753417969
2018-06-12,96.37693786621094
2018-06-13,95.31436157226562
2018-06-14,94.3483657836914
2018-06-15,96.39627075195312
2018-06-18,96.35763549804688
2018-06-19,94.62850952148438
2018-06-20,94.50291442871094
2018-06-21,93.6431884765625
2018-06-22,92.25215148925781
2018-06-25,90.94806671142578
2018-06-26,89.94343566894531
2018-06-27,88.18533325195312
2018-06-28,87.61351776123047
2018-06-29,89.53247833251953
2018-07-02,90.59858703613281
2018-07-03,91.86820983886719
2018-07-04,94.0488510131836
2018-07-05,93.46734619140625
2018-07-06,92.44001007080078
2018-07-09,92.04265594482422
2018-07-10,91.91666412353516
2018-07-11,91.06378936767578
2018-07-12,90.13338470458984
2018-07-13,90.74397277832031
2018-07-16,89.57125854492188
2018-07-17,89.1932601928711
2018-07-18,87.41000366210938
2018-07-19,86.68311309814453
2018-07-20,86.48926544189453
2018-07-23,87.73953247070312
2018-07-24,88.24346923828125
2018-07-25,87.33246612548828
2018-07-26,86.780029296875
2018-07-27,87.59413146972656
2018-07-30,87.59413146972656
2018-07-31,88.13689422607422
2018-08-01,88.59239196777344
2018-08-02,90.559814453125
2018-08-03,91.11223602294922
2018-08-06,84.69630432128906
2018-08-07,84.3473892211914
2018-08-08,85.41351318359375
2018-08-09,85.43287658691406
2018-08-10,84.91921997070312
2018-08-13,85.2874984741211
2018-08-14,86.67341613769531
2018-08-16,85.306884765625
2018-08-17,85.97561645507812
2018-08-20,85.76239776611328
2018-08-21,87.72982025146484
2018-08-23,85.36504364013672
2018-08-24,85.58795166015625
2018-08-27,85.36504364013672
2018-08-28,85.7527084350586
2018-08-29,85.25843048095703
2018-08-30,85.20027923583984
2018-08-31,84.987060546875
2018-09-03,84.75444793701172
2018-09-04,83.77558898925781
2018-09-05,83.49452209472656
2018-09-06,84.0372543334961
2018-09-07,83.45576477050781
2018-09-10,84.4055404663086
2018-09-11,83.53328704833984
2018-09-12,84.92890930175781
2018-09-14,85.86898803710938
2018-09-17,84.89012908935547
2018-09-18,84.07601928710938
2018-09-19,84.4055404663086
2018-09-21,83.41698455810547
2018-09-24,83.32975769042969
2018-09-25,83.90158081054688
2018-09-26,84.33770751953125
2018-09-27,83.59143829345703
2018-09-28,83.87250518798828
2018-10-01,83.03900146484375
2018-10-03,82.41873168945312
2018-10-04,80.87773895263672
2018-10-05,79.32707214355469
2018-10-08,77.6988525390625
2018-10-09,77.8442153930664
2018-10-10,80.95529174804688
2018-10-11,81.49801635742188
2018-10-12,79.62751770019531
2018-10-15,79.46276092529297
2018-10-16,79.32707214355469
2018-10-17,77.8248519897461
2018-10-19,74.40364074707031
2018-10-22,74.49088287353516
2018-10-23,72.71727752685547
2018-10-24,69.85822296142578
2018-10-25,65.94273376464844
2018-10-26,66.03965759277344
2018-10-29,68.44322967529297
2018-10-30,66.84407043457031
2018-10-31,66.0687484741211
2018-11-01,69.12164306640625
2018-11-02,71.13751983642578
2018-11-05,70.69170379638672
2018-11-06,69.69347381591797
2018-11-07,70.69170379638672
2018-11-09,71.33134460449219
2018-11-12,70.87586212158203
2018-11-13,70.64324188232422
2018-11-14,72.38776397705078
2018-11-15,74.0935287475586
2018-11-16,77.36933135986328
2018-11-19,77.7182388305664
2018-11-20,76.84598541259766
2018-11-21,77.21427154541016
2018-11-22,75.3631362915039
2018-11-26,73.61861419677734
2018-11-27,74.59749603271484
2018-11-28,72.72698211669922
2018-11-29,72.74636840820312
2018-11-30,74.43273162841797
2018-12-03,75.64419555664062
2018-12-04,74.46179962158203
2018-12-05,73.31818389892578
2018-12-06,72.80449676513672
2018-12-07,73.51201629638672
2018-12-10,72.47499084472656
2018-12-11,74.7041015625
2018-12-12,75.42127990722656
2018-12-13,74.96575164794922
2018-12-14,73.68646240234375
2018-12-17,73.68646240234375
2018-12-18,75.13052368164062
2018-12-19,75.46005249023438
2018-12-20,74.67503356933594
2018-12-21,75.2952880859375
2018-12-24,73.85122680664062
2018-12-26,73.84153747558594
2018-12-27,74.0159912109375
2018-12-28,74.14197540283203
2018-12-31,73.57015991210938
2019-01-01,74.22920227050781
2019-01-02,73.45387268066406
2019-01-03,73.31818389892578
2019-01-04,73.75430297851562
2019-01-07,73.32789611816406
2019-01-08,73.05648803710938
2019-01-09,72.620361328125
2019-01-10,72.30054473876953
2019-01-11,72.61066436767578
2019-01-14,73.12432098388672
2019-01-15,73.38600158691406
2019-01-16,73.1049575805664
2019-01-17,73.01773071289062
2019-01-18,72.78511810302734
2019-01-21,73.4829330444336
2019-01-22,73.01773071289062
2019-01-23,72.82391357421875
2019-01-24,73.2115707397461
2019-01-25,71.74810028076172
2019-01-28,70.49787902832031
2019-01-29,68.9084243774414
2019-01-30,69.4027099609375
2019-01-31,71.77717590332031
2019-02-01,68.5401382446289
2019-02-04,68.28813934326172
2019-02-05,67.90045928955078
2019-02-06,67.11544799804688
2019-02-07,67.43526458740234
2019-02-08,67.14453887939453
2019-02-11,65.71015167236328
2019-02-12,64.6634521484375
2019-02-14,65.19647979736328
2019-02-15,63.46165466308594
2019-02-18,63.868709564208984
2019-02-19,64.04315185546875
2019-02-20,63.66517639160156
2019-02-21,64.64404296875
2019-02-22,65.15771484375
2019-02-25,65.2061767578125
2019-02-26,64.84756469726562
2019-02-27,64.6634521484375
2019-02-28,64.63436126708984
2019-03-01,66.2334976196289
2019-03-05,67.58065795898438
2019-03-06,68.9084243774414
2019-03-07,68.0555419921875
2019-03-08,67.87140655517578
2019-03-11,70.98246002197266
2019-03-12,70.47850799560547
2019-03-13,70.19742584228516
2019-03-14,73.26002502441406
2019-03-15,74.96575164794922
2019-03-18,76.09000396728516
2019-03-19,75.97370910644531
2019-03-20,74.79131317138672
2019-03-22,74.60718536376953
2019-03-25,72.47499084472656
2019-03-26,76.01248168945312
2019-03-27,77.63101196289062
2019-03-28,78.56140899658203
2019-04-01,76.78781127929688
2019-04-02,75.69265747070312
2019-04-03,74.71377563476562
2019-04-04,74.84949493408203
2019-04-05,75.64419555664062
2019-04-08,77.45655059814453
2019-04-09,77.6988525390625
2019-04-10,78.18343353271484
2019-04-11,77.64071655273438
2019-04-12,77.4081039428711
2019-04-15,78.2416000366211
2019-04-16,77.77638244628906
2019-04-18,76.96227264404297
2019-04-22,75.17900085449219
2019-04-23,75.246826171875
2019-04-24,75.51820373535156
2019-04-25,75.18869018554688
2019-04-26,75.15960693359375
2019-04-30,74.10320281982422
2019-05-02,78.4354248046875
2019-05-03,77.38872528076172
2019-05-06,75.59573364257812
2019-05-07,74.94638061523438
2019-05-08,73.78338623046875
2019-05-09,74.40364074707031
2019-05-10,74.84949493408203
2019-05-13,73.29878234863281
2019-05-14,73.43446350097656
2019-05-15,71.7384033203125
2019-05-16,72.3780746459961
2019-05-17,72.30054473876953
2019-05-20,72.98866271972656
2019-05-21,72.02915954589844
2019-05-22,72.8335952758789
2019-05-23,72.66883087158203
2019-05-24,72.47499084472656
2019-05-27,72.17454528808594
2019-05-28,69.69347381591797
2019-05-29,70.24589538574219
2019-05-30,70.33309936523438
2019-05-31,69.88729095458984
2019-06-03,69.91635131835938
2019-06-04,69.52869415283203
2019-06-06,68.82120513916016
2019-06-07,68.42383575439453
2019-06-10,67.77450561523438
2019-06-11,66.97976684570312
2019-06-12,66.2334976196289
2019-06-13,65.58413696289062
2019-06-14,65.66168975830078
2019-06-17,66.214111328125
2019-06-18,65.7295150756836
2019-06-19,63.975303649902344
2019-06-20,64.30482482910156
2019-06-21,64.30482482910156
2019-06-24,63.76210403442383
2019-06-25,63.500423431396484
2019-06-26,64.14976501464844
2019-06-27,66.04935455322266
2019-06-28,65.2643051147461
2019-07-01,67.3189697265625
2019-07-02,68.73396301269531
2019-07-03,68.34464263916016
2019-07-04,68.4322509765625
2019-07-05,66.91390228271484
2019-07-08,66.13526916503906
2019-07-09,66.90418243408203
2019-07-10,66.25208282470703
2019-07-11,67.49787902832031
2019-07-12,69.71699523925781
2019-07-15,66.96258544921875
2019-07-16,68.01372528076172
2019-07-17,69.39582824707031
2019-07-18,68.17919158935547
2019-07-19,68.41279602050781
2019-07-22,66.88471221923828
2019-07-23,66.31046295166016
2019-07-24,65.76542663574219
2019-07-25,66.11580657958984
2019-07-26,65.9211654663086
2019-07-29,65.9990234375
2019-07-30,66.23262786865234
2019-07-31,65.38583374023438
2019-08-01,64.77267456054688
2019-08-02,65.59022521972656
2019-08-05,62.281036376953125
2019-08-06,61.745723724365234
2019-08-07,62.611961364746094
2019-08-08,63.945369720458984
2019-08-09,66.57325744628906
2019-08-13,65.72648620605469
2019-08-14,66.53433227539062
2019-08-16,65.77515411376953
2019-08-19,66.02820587158203
2019-08-20,65.71675872802734
2019-08-21,65.15227508544922
2019-08-22,64.2957534790039
2019-08-23,64.5001449584961
2019-08-26,64.42228698730469
2019-08-27,63.70204162597656
2019-08-28,64.3152084350586
2019-08-29,64.05242919921875
2019-08-30,63.99402618408203
2019-09-03,63.857765197753906
2019-09-04,63.30299377441406
2019-09-05,65.26904296875
2019-09-06,66.38833618164062
2019-09-09,68.34464263916016
2019-09-11,67.37136840820312
2019-09-12,66.95285034179688
2019-09-13,66.4272689819336
2019-09-16,66.38833618164062
2019-09-17,66.41751861572266
2019-09-18,67.58547973632812
2019-09-19,66.23262786865234
2019-09-20,67.30322265625
2019-09-23,68.16944885253906
2019-09-24,68.0721435546875
2019-09-25,69.06490325927734
2019-09-26,71.37158966064453
2019-09-27,71.25479888916016
2019-09-30,72.87046813964844
2019-10-01,70.1063003540039
2019-10-03,69.28875732421875
2019-10-04,69.09408569335938
2019-10-07,64.71427917480469
2019-10-09,64.63639831542969
2019-10-10,64.14002990722656
2019-10-11,63.5657958984375
2019-10-14,62.27130889892578
2019-10-15,62.20316696166992
2019-10-16,60.87949752807617
2019-10-17,60.392845153808594
2019-10-18,61.55107116699219
2019-10-22,66.51486206054688
2019-10-23,67.74121856689453
2019-10-24,67.47842407226562
2019-10-25,67.40056610107422
2019-10-27,68.49065399169922
2019-10-29,69.23035430908203
2019-10-30,71.13800811767578
2019-10-31,71.98477935791016
2019-11-01,73.639404296875
2019-11-04,72.7147445678711
2019-11-05,72.15996551513672
2019-11-06,72.16969299316406
2019-11-07,71.90690612792969
2019-11-08,71.25479888916016
2019-11-11,72.01399230957031
2019-11-13,70.29124450683594
2019-11-14,69.19141387939453
2019-11-15,66.59271240234375
2019-11-18,65.68756103515625
2019-11-19,66.41751861572266
2019-11-20,65.96007537841797
2019-11-21,64.81160736083984
2019-11-22,65.2398452758789
2019-11-25,65.46370697021484
2019-11-26,65.4831771850586
2019-11-27,68.76318359375
2019-11-28,68.01372528076172
2019-11-29,68.17919158935547
2019-12-02,66.66085052490234
2019-12-03,66.30074310302734
2019-12-04,65.51237487792969
2019-12-05,66.92365264892578
2019-12-06,66.22286987304688
2019-12-09,65.27877044677734
2019-12-10,65.13277435302734
2019-12-11,65.10357666015625
2019-12-12,65.84329223632812
2019-12-13,66.29100799560547
2019-12-16,67.39082336425781
2019-12-17,67.75094604492188
2019-12-18,69.28875732421875
2019-12-19,72.30596160888672
2019-12-20,74.24281311035156
2019-12-23,71.27428436279297
2019-12-24,71.69279479980469
2019-12-26,70.92388916015625
2019-12-27,69.64888000488281
2019-12-30,69.9311294555664
2019-12-31,70.02842712402344
2020-01-01,71.68304443359375
2020-01-02,72.73421478271484
2020-01-03,73.94109344482422
2020-01-06,74.16495513916016
2020-01-07,75.07984924316406
2020-01-08,75.55674743652344
2020-01-09,76.6468505859375
2020-01-10,77.1529541015625
2020-01-13,78.89514923095703
2020-01-14,78.7491683959961
2020-01-15,79.23580932617188
2020-01-16,78.43770599365234
2020-01-17,79.01194763183594
2020-01-20,78.46691131591797
2020-01-21,78.70050048828125
2020-01-22,77.8342514038086
2020-01-23,80.76387023925781
2020-01-24,80.20909881591797
2020-01-27,82.44767761230469
2020-01-28,82.88568115234375
2020-01-29,85.2896957397461
2020-01-30,84.80303192138672
2020-01-31,83.77135467529297
2020-02-03,83.63508605957031
2020-02-04,85.15342712402344
2020-02-05,85.20209503173828
2020-02-06,85.20209503173828
2020-02-07,85.4454345703125
2020-02-10,84.83224487304688
2020-02-11,84.90037536621094
2020-02-12,85.5816879272461
2020-02-13,85.9028549194336
2020-02-14,85.09503173828125
2020-02-17,85.3383560180664
2020-02-18,83.7226791381836
2020-02-19,85.3772964477539
2020-02-20,85.71793365478516
2020-02-24,84.91009521484375
2020-02-25,83.8492202758789
2020-02-26,81.70797729492188
2020-02-27,80.68604278564453
2020-02-28,80.50108337402344
2020-03-02,81.01693725585938
2020-03-03,81.32838439941406
2020-03-04,81.62037658691406
2020-03-05,82.10701751708984
2020-03-06,81.54251098632812
2020-03-09,78.15545654296875
2020-03-11,80.37455749511719
2020-03-12,71.15745544433594
2020-03-13,72.69527435302734
2020-03-16,73.57123565673828
2020-03-17,72.7244873046875
2020-03-18,67.78987884521484
2020-03-19,68.59771728515625
2020-03-20,70.67083740234375
2020-03-23,62.62739181518555
2020-03-24,61.757568359375
2020-03-25,63.54608154296875
2020-03-26,66.82990264892578
2020-03-27,63.86859130859375
2020-03-30,62.49055862426758
2020-03-31,63.487449645996094
2020-04-01,63.272430419921875
2020-04-03,66.8787841796875
2020-04-07,76.6911849975586
2020-04-08,76.60323333740234
2020-04-09,80.46369171142578
2020-04-13,79.23224639892578
2020-04-15,78.42107391357422
2020-04-16,78.05944061279297
2020-04-17,79.03678894042969
2020-04-20,79.81863403320312
2020-04-21,89.0935287475586
2020-04-22,91.63459014892578
2020-04-23,91.50752258300781
2020-04-24,96.71670532226562
2020-04-27,101.24174499511719
2020-04-28,102.87389373779297
2020-04-29,100.69444274902344
2020-04-30,100.17646026611328
2020-05-04,95.7198257446289
2020-05-05,96.50169372558594
2020-05-06,98.9841079711914
2020-05-07,95.54390716552734
2020-05-08,86.15176391601562
2020-05-11,83.91368103027344
2020-05-12,86.68928527832031
2020-05-13,85.79991149902344
2020-05-14,85.81945037841797
2020-05-15,85.56535339355469
2020-05-18,83.2099838256836
2020-05-19,86.30812072753906
2020-05-20,89.69947814941406
2020-05-21,89.32807159423828
2020-05-22,89.43558502197266
2020-05-26,89.24011993408203
2020-05-27,87.89140319824219
2020-05-28,89.77764129638672
2020-05-29,91.56616973876953
2020-06-01,90.85271453857422
2020-06-02,91.27297973632812
2020-06-03,92.0059585571289
2020-06-04,91.85935974121094
2020-06-05,92.07439422607422
2020-06-08,91.48797607421875
2020-06-09,92.83670043945312
2020-06-10,94.25383758544922
2020-06-11,95.4461669921875
2020-06-12,96.27690124511719
2020-06-15,99.36526489257812
2020-06-16,98.11429595947266
2020-06-17,98.63228607177734
2020-06-18,99.38481140136719
2020-06-19,104.47671508789062
2020-06-22,112.43221282958984
2020-06-23,109.32427978515625
2020-06-24,104.81878662109375
2020-06-25,105.45404815673828
2020-06-26,105.87431335449219
2020-06-29,101.15379333496094
2020-06-30,101.53495788574219
2020-07-01,103.24858856201172
2020-07-02,102.87646484375
2020-07-03,103.80672454833984
2020-07-06,107.1458511352539
2020-07-07,107.5179672241211
2020-07-08,108.60489654541016
2020-07-09,112.00276184082031
2020-07-10,117.09469604492188
2020-07-13,122.18661499023438
2020-07-14,120.6100845336914
2020-07-15,122.28453826904297
2020-07-16,122.55872344970703
2020-07-17,125.63347625732422
2020-07-20,127.69961547851562
2020-07-21,127.24918365478516
2020-07-22,132.45860290527344
2020-07-23,140.6644287109375
2020-07-24,142.8187255859375
2020-07-27,141.86888122558594
2020-07-28,148.8311309814453
2020-07-29,149.5948944091797
2020-07-30,154.76515197753906
2020-07-31,182.770751953125
2020-08-03,197.14564514160156
2020-08-04,197.80169677734375
2020-08-05,201.43460083007812
2020-08-06,202.3550567626953
2020-08-07,200.28890991210938
2020-08-10,220.31390380859375
2020-08-11,205.91940307617188
2020-08-12,201.4052276611328
2020-08-13,201.8067169189453
2020-08-14,197.79190063476562
2020-08-17,204.51913452148438
2020-08-18,206.64404296875
2020-08-19,208.2108154296875
2020-08-20,210.20840454101562
2020-08-21,223.42779541015625
2020-08-24,232.9751739501953
2020-08-25,226.31649780273438
2020-08-26,225.1708221435547
2020-08-27,233.27870178222656
2020-08-28,227.8734588623047
2020-08-31,221.94920349121094
2020-09-01,219.91244506835938
2020-09-02,227.21737670898438
2020-09-03,232.9653778076172
2020-09-04,231.57489013671875
2020-09-07,234.88461303710938
2020-09-08,235.30567932128906
2020-09-09,237.03890991210938
2020-09-10,242.11123657226562
2020-09-11,246.32186889648438
2020-09-14,260.4911193847656
2020-09-15,262.4299621582031
2020-09-16,263.5267028808594
2020-09-17,274.5135192871094
2020-09-18,292.49200439453125
2020-09-21,279.0472717285156
2020-09-22,278.2834777832031
2020-09-23,267.4043884277344
2020-09-24,252.9903106689453
2020-09-25,260.0896911621094
2020-09-28,286.09765625
2020-09-29,283.18939208984375
2020-09-30,281.1820373535156
2020-10-01,274.5233154296875
2020-10-05,289.3583984375
2020-10-06,304.732177734375
2020-10-07,319.2245788574219
2020-10-08,331.2689514160156
2020-10-09,319.7630920410156
2020-10-12,325.19775390625
2020-10-13,320.5954895019531
2020-10-14,318.68597412109375
2020-10-15,309.2364807128906
2020-10-16,319.322509765625
2020-10-19,325.099853515625
2020-10-20,329.84906005859375
2020-10-21,326.9114685058594
2020-10-22,328.869873046875
2020-10-23,328.57611083984375
2020-10-26,309.2855529785156
2020-10-27,316.8743896484375
2020-10-28,315.8462829589844
2020-10-29,323.0924377441406
2020-10-30,312.7617492675781
2020-11-02,294.5972595214844
2020-11-03,285.29473876953125
2020-11-04,271.43878173828125
2020-11-05,276.1879577636719
2020-11-06,271.047119140625
2020-11-09,258.7090148925781
2020-11-10,254.87844848632812
2020-11-11,277.2232360839844
2020-11-12,283.9513244628906
2020-11-13,278.9421081542969
2020-11-14,284.49151611328125
2020-11-17,274.47314453125
2020-11-18,266.4682922363281
2020-11-19,263.71820068359375
2020-11-20,277.8126525878906
2020-11-23,285.2281494140625
2020-11-24,284.5406188964844
2020-11-25,280.3663024902344
2020-11-26,287.14337158203125
2020-11-27,311.20703125
2020-12-01,317.1493225097656
2020-12-02,315.4304504394531
2020-12-03,314.1536865234375
2020-12-04,325.74346923828125
2020-12-07,326.1363525390625
2020-12-08,326.7256164550781
2020-12-09,322.6004638671875
2020-12-10,324.5157470703125
2020-12-11,323.091552734375
2020-12-14,322.5513610839844
2020-12-15,322.5513610839844
2020-12-16,332.91351318359375
2020-12-17,336.05645751953125
2020-12-18,347.44989013671875
2020-12-21,325.6452331542969
2020-12-22,331.4402160644531
2020-12-23,338.16815185546875
2020-12-24,342.0968933105469
2020-12-28,341.655029296875
2020-12-29,339.88702392578125
2020-12-30,343.8157653808594
2020-12-31,346.8606262207031
2021-01-01,347.1061706542969
2021-01-04,352.9010009765625
2021-01-05,353.1466064453125
2021-01-06,349.3651428222656
2021-01-07,346.90966796875
2021-01-08,347.3026123046875
2021-01-11,343.86492919921875
2021-01-12,346.4676513671875
2021-01-13,341.90057373046875
2021-01-14,360.2674865722656
2021-01-15,363.4595947265625
2021-01-18,349.46337890625
2021-01-19,356.7315979003906
2021-01-20,365.2765808105469
2021-01-21,363.55780029296875
2021-01-22,363.95074462890625
2021-01-25,372.7903747558594
2021-01-27,359.7763366699219
2021-01-28,351.9188232421875
2021-01-29,339.1995544433594
2021-02-01,343.86492919921875
2021-02-02,340.37811279296875
2021-02-03,335.6145324707031
2021-02-04,340.42724609375
2021-02-05,335.6636047363281
2021-02-08,351.2987365722656
2021-02-09,354.6913146972656
2021-02-10,353.3145751953125
2021-02-11,361.23040771484375
2021-02-12,369.3922119140625
2021-02-15,362.5580139160156
2021-02-16,366.491455078125
2021-02-17,360.6896667480469
2021-02-18,363.0988464355469
2021-02-19,359.2637939453125
2021-02-22,352.13458251953125
2021-02-23,355.7237548828125
2021-02-24,354.2488098144531
2021-02-25,351.39703369140625
2021-02-26,344.3170166015625
2021-03-01,357.6413269042969
2021-03-02,356.018798828125
2021-03-03,358.6737976074219
2021-03-04,362.6071472167969
2021-03-05,345.20196533203125
2021-03-08,337.187744140625
2021-03-09,340.9736328125
2021-03-10,358.919677734375
2021-03-12,357.1004638671875
2021-03-15,350.9545593261719
2021-03-16,354.9862976074219
2021-03-17,343.38287353515625
2021-03-18,337.5811767578125
2021-03-19,354.10125732421875
2021-03-22,355.3796081542969
2021-03-23,355.1829528808594
2021-03-24,350.2170715332031
2021-03-25,341.7603454589844
2021-03-26,349.4795837402344
2021-03-30,354.29791259765625
2021-03-31,355.9695739746094
2021-04-01,359.21466064453125
2021-04-05,367.5238952636719
2021-04-06,389.99322509765625
2021-04-07,413.6426086425781
2021-04-08,413.6918029785156
2021-04-09,414.3800964355469
2021-04-12,409.56170654296875
2021-04-13,432.47357177734375
2021-04-15,429.2286071777344
2021-04-16,439.06195068359375
2021-04-19,433.1127624511719
2021-04-20,435.8661193847656
2021-04-22,446.1911926269531
2021-04-23,455.63128662109375
2021-04-26,457.99127197265625
2021-04-27,459.4662780761719
2021-04-28,466.792236328125
2021-04-29,450.46875
2021-04-30,445.2078552246094
2021-05-03,469.29974365234375
2021-05-04,482.8207092285156
2021-05-05,483.41070556640625
2021-05-06,473.23309326171875
2021-05-07,479.2806396484375
2021-05-10,482.4764404296875
2021-05-11,484.3478698730469
2021-05-12,477.354736328125
2021-05-14,461.00457763671875
2021-05-17,466.9143371582031
2021-05-18,473.168701171875
2021-05-19,478.782958984375
2021-05-20,474.39990234375
2021-05-21,481.19598388671875
2021-05-24,506.2629699707031
2021-05-25,507.93731689453125
2021-05-26,515.7184448242188
2021-05-27,512.7636108398438
2021-05-28,513.994873046875
2021-05-31,515.8662109375
2021-06-01,524.4844970703125
2021-06-02,528.325927734375
2021-06-03,529.2614135742188
2021-06-04,538.4707641601562
2021-06-07,563.5377807617188
2021-06-08,599.6361083984375
2021-06-09,601.1134033203125
2021-06-10,606.9737548828125
2021-06-11,602.2954711914062
2021-06-14,612.1448364257812
2021-06-15,613.9176635742188
2021-06-16,609.3869018554688
2021-06-17,601.8027954101562
2021-06-18,584.6155395507812
2021-06-21,593.3323974609375
2021-06-22,604.3143920898438
2021-06-23,605.5949096679688
2021-06-24,616.380126953125
2021-06-25,640.9053344726562
2021-06-28,666.0706787109375
2021-06-29,669.1240234375
2021-06-30,678.2840576171875
2021-07-01,656.467529296875
2021-07-02,667.4497680664062
2021-07-05,674.541259765625
2021-07-06,665.0364379882812
2021-07-07,673.1130981445312
2021-07-08,672.128173828125
2021-07-09,669.9612426757812
2021-07-12,666.9571533203125
2021-07-13,660.8504638671875
2021-07-14,648.19384765625
2021-07-15,663.4113159179688
2021-07-16,658.7328491210938
2021-07-19,654.5960083007812
2021-07-20,652.8231201171875
2021-07-22,643.7616577148438
2021-07-23,638.048828125
2021-07-26,641.3486328125
2021-07-27,622.5359497070312
2021-07-28,609.1900634765625
2021-07-29,596.2871704101562
2021-07-30,631.84375
2021-08-02,644.6480712890625
2021-08-03,637.655029296875
2021-08-04,637.0640258789062
2021-08-05,661.4414672851562
2021-08-06,669.5672607421875
2021-08-09,692.46728515625
2021-08-10,696.2100830078125
2021-08-11,692.9104614257812
2021-08-12,698.0323486328125
2021-08-13,696.6041259765625
2021-08-16,678.9735107421875
2021-08-17,684.3906860351562
2021-08-18,683.0117797851562
2021-08-20,669.5672607421875
2021-08-23,628.1010131835938
2021-08-24,661.6383666992188
2021-08-25,667.0065307617188
2021-08-26,657.5016479492188
2021-08-27,648.686279296875
2021-08-30,639.4279174804688
2021-08-31,656.5659790039062
2021-09-01,652.7247314453125
2021-09-02,647.2581787109375
2021-09-03,642.481201171875
2021-09-06,650.7055053710938
2021-09-07,655.8273315429688
2021-09-08,647.011962890625
2021-09-09,646.1746826171875
2021-09-13,635.9805908203125
2021-09-14,641.3486328125
2021-09-15,652.8723754882812
2021-09-16,640.0189208984375
2021-09-17,641.3486328125
2021-09-20,623.4224853515625
2021-09-21,614.7550048828125
2021-09-22,611.5537719726562
2021-09-23,612.7850341796875
2021-09-24,600.9657592773438
2021-09-27,590.673095703125
2021-09-28,583.6305541992188
2021-09-29,590.673095703125
2021-09-30,607.1708984375
2021-10-01,609.8794555664062
2021-10-04,611.159912109375
2021-10-05,612.8342895507812
2021-10-06,617.4636840820312
2021-10-07,640.8560791015625
2021-10-08,639.378662109375
2021-10-11,629.4797973632812
2021-10-12,621.1077270507812
2021-10-13,624.8507690429688
2021-10-14,641.2008056640625
2021-10-18,635.4388427734375
2021-10-19,607.7125854492188
2021-10-20,590.4266967773438
2021-10-21,563.6361083984375
2021-10-22,528.4241943359375
2021-10-25,545.3654174804688
2021-10-26,556.101318359375
2021-10-27,566.246337890625
2021-10-28,530.4434814453125
2021-10-29,508.03582763671875
2021-11-01,488.3861999511719
2021-11-02,483.95391845703125
2021-11-03,487.5981750488281
2021-11-04,490.9962158203125
2021-11-08,489.7158508300781
2021-11-09,483.21514892578125
2021-11-10,482.1809997558594
2021-11-11,455.24273681640625
2021-11-12,445.63946533203125
2021-11-15,483.658447265625
2021-11-16,484.1017150878906
2021-11-17,477.49176025390625
2021-11-18,475.5679626464844
2021-11-22,465.5051574707031
2021-11-23,481.24066162109375
2021-11-24,495.3483581542969
2021-11-25,527.855224609375
2021-11-26,516.1646118164062
2021-11-29,495.5950012207031
2021-11-30,501.8102722167969
2021-12-01,501.4649963378906
2021-12-02,509.8507385253906
2021-12-03,504.5233154296875
2021-12-06,495.20037841796875
2021-12-07,492.8326721191406
2021-12-08,499.738525390625
2021-12-09,509.2095031738281
2021-12-10,519.4696044921875
2021-12-13,506.1511535644531
2021-12-14,507.7790222167969
2021-12-15,506.69366455078125
2021-12-16,498.40667724609375
2021-12-17,490.90887451171875
2021-12-20,472.36163330078125
2021-12-21,478.6756896972656
2021-12-22,490.6129150390625
2021-12-23,498.30804443359375
2021-12-24,494.9043884277344
2021-12-27,512.2677001953125
2021-12-28,521.88671875
2021-12-29,540.8778076171875
2021-12-30,530.71630859375
2021-12-31,531.653564453125
2022-01-03,521.6400146484375
2022-01-04,512.0703735351562
2022-01-05,520.16015625
2022-01-06,518.927001953125
2022-01-07,518.7295532226562
2022-01-10,514.0928344726562
2022-01-11,518.7789916992188
2022-01-12,513.5009765625
2022-01-13,515.8687133789062
2022-01-14,513.8462524414062
2022-01-17,500.87310791015625
2022-01-18,493.17791748046875
2022-01-19,490.7115478515625
2022-01-20,478.7249450683594
2022-01-21,475.3213195800781
2022-01-24,463.23602294921875
2022-01-25,468.6127624511719
2022-01-27,458.45123291015625
2022-01-28,493.07928466796875
2022-01-31,495.9402770996094
2022-02-01,517.3978271484375
2022-02-02,518.3350830078125
2022-02-03,525.6356811523438
2022-02-04,521.88671875
2022-02-07,521.5413818359375
2022-02-08,517.3978271484375
2022-02-09,519.025634765625
2022-02-10,532.7387084960938
2022-02-11,542.5548706054688
2022-02-14,521.2453002929688
2022-02-15,542.5548706054688
2022-02-16,542.012451171875
2022-02-17,541.9136962890625
2022-02-18,544.626708984375
2022-02-21,532.4428100585938
2022-02-22,520.6535034179688
2022-02-23,524.8463134765625
2022-02-24,494.1152038574219
2022-02-25,523.8104248046875
2022-02-28,534.2679443359375
2022-03-02,528.64453125
2022-03-03,532.9854125976562
2022-03-04,529.433837890625
2022-03-07,520.9986572265625
2022-03-08,527.904541015625
2022-03-09,548.0796508789062
2022-03-10,546.3037719726562
2022-03-11,570.2277221679688
2022-03-14,571.3623046875
2022-03-15,561.20068359375
2022-03-16,571.21435546875
2022-03-17,573.2367553710938
2022-03-21,584.3848266601562
2022-03-22,586.0618896484375
2022-03-23,597.6539306640625
2022-03-24,596.124755859375
2022-03-25,581.8690795898438
2022-03-28,582.8062744140625
2022-03-29,586.0618896484375
2022-03-30,589.6629028320312
2022-03-31,582.1651000976562
2022-04-01,588.6763305664062
2022-04-04,592.3759765625
2022-04-05,600.366943359375
2022-04-06,597.1113891601562
2022-04-07,591.0933837890625
2022-04-08,596.9633178710938
2022-04-11,593.21435546875
2022-04-12,586.2593383789062
2022-04-13,594.74365234375
2022-04-18,590.0081787109375
2022-04-19,588.9229736328125
2022-04-20,597.9498901367188
2022-04-21,602.8333740234375
2022-04-22,599.6763916015625
2022-04-25,585.9139404296875
2022-04-26,564.4070434570312
2022-04-27,571.5103149414062
2022-04-28,564.2097778320312
2022-04-29,575.505859375
2022-05-02,585.3712768554688
2022-05-04,571.60888671875
2022-05-05,568.4026489257812
2022-05-06,556.9586181640625
2022-05-09,535.3037109375
2022-05-10,520.4727172851562
2022-05-11,534.8094482421875
2022-05-12,529.7174072265625
2022-05-13,532.2880859375
2022-05-16,536.589111328125
2022-05-17,552.9033203125
2022-05-18,560.5166015625
2022-05-19,553.8427124023438
2022-05-20,568.0310668945312
2022-05-23,566.10302734375
2022-05-24,560.8132934570312
2022-05-25,546.8720092773438
2022-05-26,553.3977661132812
2022-05-27,559.1817016601562
2022-05-30,556.4627075195312
2022-05-31,561.0604248046875
2022-06-01,553.9414672851562
2022-06-02,553.7437744140625
2022-06-03,547.7619018554688
2022-06-06,545.2406005859375
2022-06-07,537.8251342773438
2022-06-08,542.5709838867188
2022-06-09,543.9552001953125
2022-06-10,540.4946899414062
2022-06-13,521.3130493164062
2022-06-14,511.6729431152344
2022-06-15,507.6191101074219
2022-06-16,487.0038146972656
2022-06-17,462.9774475097656
2022-06-20,438.06121826171875
2022-06-21,455.3146667480469
2022-06-22,446.8115234375
2022-06-23,453.9798889160156
2022-06-24,461.3954772949219
2022-06-27,461.49432373046875
2022-06-28,463.32354736328125
2022-06-29,461.3460388183594
2022-06-30,459.4674072265625
2022-07-01,459.8629150390625
2022-07-04,464.3617248535156
2022-07-05,457.93487548828125
2022-07-06,463.7684631347656
2022-07-07,485.12518310546875
2022-07-08,481.516357421875
2022-07-11,486.212890625
2022-07-12,487.0038146972656
2022-07-13,506.8775634765625
2022-07-14,515.7761840820312
2022-07-15,516.7154541015625
2022-07-18,499.65972900390625
2022-07-19,503.8618469238281
2022-07-20,508.6077575683594
2022-07-21,506.3831481933594
2022-07-22,503.3674621582031
2022-07-25,491.45318603515625
2022-07-26,478.64898681640625
2022-07-27,508.01446533203125
2022-07-28,519.3356323242188
2022-07-29,516.8142700195312
2022-08-01,519.87939453125
2022-08-02,516.1222534179688
2022-08-03,516.3694458007812
2022-08-04,537.7261962890625
2022-08-05,538.9620971679688
2022-08-08,544.89453125
2022-08-10,552.557373046875
2022-08-11,559.1323852539062
2022-08-12,559.7750244140625
2022-08-16,570.7994995117188
2022-08-17,584.2958984375
2022-08-18,583.9002685546875
2022-08-19,575.3477172851562
2022-08-22,565.0648803710938
2022-08-23,580.4397583007812
2022-08-24,571.2939453125
2022-08-25,567.091796875
2022-08-26,560.8627319335938
2022-08-29,569.9097290039062
2022-08-30,572.52978515625
2022-09-01,567.6356201171875
2022-09-02,562.6424560546875
2022-09-05,556.5122680664062
2022-09-06,554.3863525390625
2022-09-07,553.10107421875
2022-09-08,554.8313598632812
2022-09-09,549.1954956054688
2022-09-12,540.5441284179688
2022-09-13,546.6743774414062
2022-09-14,542.2250366210938
2022-09-15,524.7737426757812
2022-09-16,510.9312744140625
2022-09-19,501.7361145019531
2022-09-20,521.7086791992188
2022-09-21,510.0909118652344
2022-09-22,515.3807373046875
2022-09-23,504.5539855957031
2022-09-26,489.2779235839844
2022-09-27,502.87310791015625
2022-09-28,496.2979736328125
2022-09-29,503.7135925292969
2022-09-30,507.2236022949219
2022-10-03,506.5809020996094
2022-10-04,517.5064697265625
2022-10-06,520.1760864257812
2022-10-07,517.65478515625
2022-10-10,510.7830505371094
2022-10-11,506.3831481933594
2022-10-12,493.134033203125
2022-10-13,498.2755126953125
2022-10-14,510.2886047363281
2022-10-17,507.0751953125
2022-10-18,504.9494323730469
2022-10-19,522.5984497070312
2022-10-20,520.2748413085938
2022-10-21,480.7748107910156
2022-10-24,474.3973693847656
2022-10-25,447.8002624511719
2022-10-27,453.683349609375
2022-10-28,439.6431884765625
2022-10-31,449.43170166015625
2022-11-01,465.54815673828125
2022-11-02,472.0244140625
2022-11-03,473.3614501953125
2022-11-04,460.436767578125
2022-11-07,459.4463806152344
2022-11-09,446.4226379394531
2022-11-10,446.4720764160156
2022-11-11,451.02789306640625
2022-11-14,464.0516662597656
2022-11-15,465.8838806152344
2022-11-16,457.2674865722656
2022-11-17,455.8808898925781
2022-11-18,445.7292785644531
2022-11-21,450.2851257324219
2022-11-22,453.15728759765625
2022-11-23,451.67169189453125
2022-11-24,444.83795166015625
2022-11-25,450.82989501953125
2022-11-28,446.02642822265625
2022-11-29,404.67724609375
2022-11-30,413.4422912597656
2022-12-01,414.53173828125
2022-12-02,419.5332946777344
2022-12-05,416.4629821777344
2022-12-06,415.6211242675781
2022-12-07,412.5013732910156
2022-12-08,408.78741455078125
2022-12-09,408.7378845214844
2022-12-12,400.3690185546875
2022-12-13,387.2956848144531
2022-12-14,393.2876281738281
2022-12-15,390.6630859375
2022-12-16,384.5721130371094
2022-12-19,384.02740478515625
2022-12-20,381.3533020019531
2022-12-21,390.41546630859375
2022-12-22,387.5928649902344
2022-12-23,380.4124450683594
2022-12-26,378.08502197265625
2022-12-27,371.10272216796875
2022-12-28,369.41900634765625
2022-12-29,369.220947265625
2022-12-30,371.64739990234375
2023-01-02,369.8151550292969
2023-01-03,374.1728820800781
2023-01-04,370.5580139160156
2023-01-05,374.9157409667969
2023-01-06,370.2608947753906
2023-01-09,375.3614501953125
2023-01-10,375.21282958984375
2023-01-11,362.9814147949219
2023-01-12,356.9399719238281
2023-01-13,353.7707214355469
2023-01-16,351.1461486816406
2023-01-17,349.06634521484375
2023-01-18,351.24517822265625
2023-01-19,348.27398681640625
2023-01-20,343.7677001953125
2023-01-23,345.5504150390625
2023-01-24,342.8763427734375
2023-01-25,338.91473388671875
2023-01-27,338.5680847167969
2023-01-30,338.5185241699219
2023-01-31,327.12896728515625
2023-02-01,330.8924560546875
2023-02-02,335.7454833984375
2023-02-03,328.2183837890625
2023-02-06,330.7439270019531
2023-02-07,327.1784973144531
2023-02-08,335.29974365234375
2023-02-09,335.1016845703125
2023-02-10,336.785400390625
2023-02-13,330.1496887207031
2023-02-14,327.8222351074219
2023-02-15,331.5362548828125
2023-02-16,332.1799621582031
2023-02-17,325.89093017578125
2023-02-20,328.31744384765625
2023-02-21,323.7120666503906
2023-02-22,314.3528137207031
2023-02-23,313.1643981933594
2023-02-24,313.8575744628906
2023-02-27,312.1244201660156
2023-02-28,311.33209228515625
2023-03-01,311.134033203125
2023-03-02,303.4584045410156
2023-03-03,308.9056091308594
2023-03-06,317.9183044433594
2023-03-08,313.41192626953125
2023-03-09,311.2330627441406
2023-03-10,305.83538818359375
2023-03-13,301.4281005859375
2023-03-14,302.36895751953125
2023-03-15,302.517578125
2023-03-16,302.814697265625
2023-03-17,300.2396240234375
2023-03-20,299.5959167480469
2023-03-21,302.4184875488281
2023-03-22,302.2699279785156
2023-03-23,300.28912353515625
2023-03-24,296.4761047363281
2023-03-27,294.9409484863281
2023-03-28,286.9682312011719
2023-03-29,294.1981506347656
2023-03-31,290.1375732421875
2023-04-03,301.7252197265625
2023-04-05,302.8641357421875
2023-04-06,301.62615966796875
2023-04-10,301.22998046875
2023-04-11,299.15020751953125
2023-04-12,319.99810791015625
2023-04-13,310.8863525390625
2023-04-17,301.6756896972656
2023-04-18,306.3305358886719
2023-04-19,308.95513916015625
2023-04-20,303.359375
2023-04-21,300.091064453125
2023-04-24,295.2876281738281
2023-04-25,292.6630554199219
2023-04-26,297.1198425292969
2023-04-27,289.2461853027344
2023-04-28,304.6468811035156
2023-05-02,308.6085205078125
2023-05-03,317.9183044433594
2023-05-04,315.887939453125
2023-05-05,312.52056884765625
2023-05-08,326.9308776855469
2023-05-09,330.9420166015625
2023-05-10,330.54437255859375
2023-05-11,319.5113525390625
2023-05-12,308.77642822265625
2023-05-15,309.4722900390625
2023-05-16,313.1002502441406
2023-05-17,309.9692687988281
2023-05-18,308.5279846191406
2023-05-19,310.5158996582031
2023-05-22,310.2177429199219
2023-05-23,312.5535888671875
2023-05-24,332.7807922363281
2023-05-25,331.3892517089844
2023-05-26,332.8305358886719
2023-05-29,332.6317138671875
2023-05-30,329.74920654296875
2023-05-31,328.70556640625
2023-06-01,338.44647216796875
2023-06-02,343.9629821777344
2023-06-05,339.58953857421875
2023-06-06,339.9870910644531
2023-06-07,346.74609375
2023-06-08,345.05633544921875
2023-06-09,338.44647216796875
2023-06-12,341.32891845703125
2023-06-13,357.9282531738281
2023-06-14,356.83489990234375
2023-06-15,364.5381164550781
2023-06-16,365.73089599609375
2023-06-19,362.30169677734375
2023-06-20,363.29571533203125
2023-06-21,362.5501708984375
2023-06-22,353.8033142089844
2023-06-23,348.53521728515625
2023-06-26,359.7671203613281
2023-06-27,364.48846435546875
2023-06-28,360.9101867675781
2023-06-30,364.4387512207031
2023-07-03,354.84698486328125
2023-07-04,347.88916015625
2023-07-05,352.2129821777344
2023-07-06,365.4824523925781
2023-07-07,362.7490234375
2023-07-10,355.8409118652344
2023-07-11,354.64813232421875
2023-07-12,350.62255859375
2023-07-13,345.00665283203125
2023-07-14,349.38006591796875
2023-07-17,349.2310485839844
2023-07-18,350.9207458496094
2023-07-19,348.684326171875
2023-07-20,348.684326171875
2023-07-21,346.6466979980469
2023-07-24,346.5472717285156
2023-07-25,344.807861328125
2023-07-26,339.092529296875
2023-07-27,341.8259582519531
2023-07-28,335.7627258300781
2023-07-31,349.8771057128906
2023-08-01,356.1391296386719
2023-08-02,362.4010925292969
2023-08-03,382.0320129394531
2023-08-04,389.9340515136719
2023-08-07,397.7366943359375
2023-08-08,409.3164367675781
2023-08-09,407.8752136230469
2023-08-10,396.19610595703125
2023-08-11,385.9084777832031
2023-08-14,382.4295654296875
2023-08-16,387.8964538574219
2023-08-17,384.51690673828125
2023-08-18,379.05010986328125
2023-08-21,386.4054260253906
2023-08-22,388.8903503417969
2023-08-23,392.8165588378906
2023-08-24,387.6976013183594
2023-08-25,385.2126770019531
2023-08-28,389.13885498046875
2023-08-29,388.6915588378906
2023-08-30,397.5876159667969
2023-08-31,397.1900329589844
2023-09-01,394.0590515136719
2023-09-04,391.92193603515625
2023-09-05,404.1478271484375
2023-09-06,404.8435974121094
2023-09-07,402.7562561035156
2023-09-08,407.77581787109375
2023-09-11,404.9429626464844
2023-09-12,381.7834777832031
2023-09-13,385.7593994140625
2023-09-14,396.79248046875
2023-09-15,398.5318908691406
2023-09-18,391.32562255859375
2023-09-20,392.7171936035156
2023-09-21,388.3437194824219
2023-09-22,384.2684326171875
2023-09-25,386.4551696777344
2023-09-26,382.97625732421875
2023-09-27,391.6734924316406
2023-09-28,388.5425109863281
2023-09-29,393.015380859375
2023-10-03,395.0530090332031
2023-10-04,388.8407287597656
2023-10-05,392.2698974609375
2023-10-06,396.0469970703125
2023-10-09,396.74273681640625
2023-10-10,397.7366943359375
2023-10-11,397.8858337402344
2023-10-12,399.177978515625
2023-10-13,401.5634765625
2023-10-16,396.2954406738281
2023-10-17,397.83612060546875
2023-10-18,396.6433410644531
2023-10-19,394.00933837890625
2023-10-20,398.5318908691406
2023-10-23,360.2143859863281
2023-10-25,354.4990539550781
2023-10-26,356.9342956542969
2023-10-27,354.64813232421875
2023-10-30,359.1707458496094
2023-10-31,359.56829833984375
2023-11-01,356.7355041503906
2023-11-02,360.51678466796875
2023-11-03,362.5069274902344
2023-11-06,370.56707763671875
2023-11-07,368.129150390625
2023-11-08,369.8207702636719
2023-11-09,367.8803405761719
2023-11-10,367.134033203125
2023-11-13,371.3133544921875
2023-11-15,368.129150390625
2023-11-16,372.0099182128906
2023-11-17,368.02960205078125
2023-11-20,366.2384948730469
2023-11-21,371.86065673828125
2023-11-22,372.60699462890625
2023-11-23,367.5321044921875
2023-11-24,370.9153137207031
2023-11-28,368.9251708984375
2023-11-29,372.95526123046875
2023-11-30,378.9754638671875
2023-12-01,376.88580322265625
2023-12-04,377.38336181640625
2023-12-05,374.49761962890625
2023-12-06,377.2341003417969
2023-12-07,388.13018798828125
2023-12-08,381.7616882324219
2023-12-11,388.82672119140625
2023-12-12,386.33905029296875
2023-12-13,379.4730224609375
2023-12-14,383.65234375
2023-12-15,383.8016052246094
2023-12-18,397.3844299316406
2023-12-19,396.63812255859375
2023-12-20,386.3887939453125
2023-12-21,395.1952209472656
2023-12-22,412.5096130371094
2023-12-26,433.3067321777344
2023-12-27,430.1722106933594
2023-12-28,424.6495666503906
2023-12-29,428.0826110839844
2024-01-01,430.91851806640625
2024-01-02,433.5057373046875
2024-01-03,427.3363037109375
2024-01-04,428.43084716796875
2024-01-05,425.1968688964844
2024-01-08,416.6391906738281
2024-01-09,422.7589111328125
2024-01-10,417.33575439453125
2024-01-11,420.9677429199219
2024-01-12,414.10174560546875
2024-01-15,418.828369140625
2024-01-16,412.75836181640625
2024-01-17,409.67364501953125
2024-01-18,413.0071105957031
2024-01-19,410.1711730957031
2024-01-23,396.98638916015625
2024-01-24,398.9267883300781
2024-01-25,376.9355773925781
2024-01-29,372.35821533203125
2024-01-30,368.4773864746094
2024-01-31,379.4730224609375
2024-02-01,387.3341369628906
2024-02-02,390.6676330566406
2024-02-05,384.89617919921875
2024-02-06,396.6878662109375
2024-02-07,396.6878662109375
2024-02-08,393.1055603027344
2024-02-09,390.5681457519531
2024-02-12,388.9759826660156
2024-02-13,390.4686279296875
2024-02-14,389.82183837890625
2024-02-15,390.6178894042969
2024-02-16,397.8819885253906
2024-02-19,404.4494934082031
2024-02-20,399.2750244140625
2024-02-21,393.7026062011719
2024-02-22,398.0312194824219
2024-02-23,396.5883483886719
2024-02-26,393.50360107421875
2024-02-27,397.9814453125
2024-02-28,403.05633544921875
2024-02-29,404.0514221191406
2024-03-01,407.782958984375
2024-03-04,415.49481201171875
2024-03-05,418.08203125
2024-03-06,408.6288146972656
2024-03-07,419.92291259765625
2024-03-11,407.832763671875
2024-03-12,412.0120544433594
2024-03-13,398.6282653808594
2024-03-14,398.6282653808594
2024-03-15,398.9267883300781
2024-03-18,395.5435485839844
2024-03-19,385.3439636230469
2024-03-20,377.184326171875
2024-03-21,382.01043701171875
2024-03-22,395.8420104980469
2024-03-26,395.6927795410156
2024-03-27,390.2696228027344
2024-03-28,390.41888427734375
2024-04-01,403.25537109375
2024-04-02,413.2061462402344
2024-04-03,437.6850891113281
2024-04-04,435.2471618652344
2024-04-05,437.1377868652344
2024-04-08,460.1738586425781
2024-04-09,451.8152160644531
2024-04-10,457.2383728027344
2024-04-12,439.7249755859375
2024-04-15,427.83380126953125
2024-04-16,440.9688415527344
2024-04-18,429.27667236328125
2024-04-19,424.4007873535156
2024-04-22,427.9333190917969
2024-04-23,430.96832275390625
2024-04-24,432.26190185546875
2024-04-25,423.8037414550781
2024-04-26,434.79937744140625
2024-04-29,441.56585693359375
2024-04-30,447.7851257324219
2024-05-02,447.984130859375
2024-05-03,445.14813232421875
2024-05-06,437.03826904296875
2024-05-07,427.3363037109375
2024-05-08,432.3661193847656
2024-05-09,425.64306640625
2024-05-10,435.8023376464844
2024-05-13,431.2704772949219
2024-05-14,432.0672912597656
2024-05-15,435.7027587890625
2024-05-16,440.9815368652344
2024-05-17,438.3919372558594
2024-05-21,451.5890197753906
2024-05-22,454.5770568847656
2024-05-23,448.1029968261719
2024-05-24,436.8481140136719
2024-05-27,439.387939453125
2024-05-28,444.965576171875
2024-05-29,438.7405700683594
2024-05-30,426.14105224609375
2024-05-31,417.2766418457031
2024-06-03,425.64306640625
2024-06-04,402.6353454589844
2024-06-05,424.4478454589844
2024-06-06,427.1868591308594
2024-06-07,436.0014953613281
2024-06-10,441.8779602050781
2024-06-11,440.3839416503906
2024-06-12,437.1967468261719
2024-06-13,437.7445068359375
2024-06-14,433.1629333496094
2024-06-18,426.5394592285156
2024-06-19,428.631103515625
2024-06-20,431.12109375
2024-06-21,428.282470703125
2024-06-24,427.63507080078125
2024-06-25,425.69287109375
2024-06-26,425.74267578125
2024-06-27,421.80841064453125
2024-06-28,422.854248046875
2024-07-01,429.07928466796875
2024-07-02,436.0014953613281
2024-07-03,435.1549072265625
2024-07-04,452.6348571777344
2024-07-05,475.244140625
2024-07-08,472.5549621582031
2024-07-09,477.983154296875
2024-07-10,470.9115295410156
2024-07-11,469.66650390625
2024-07-12,461.549072265625
2024-07-15,464.337890625
2024-07-16,463.1924743652344
2024-07-18,455.1746520996094
2024-07-19,438.64093017578125
2024-07-22,439.7365417480469
2024-07-23,428.7306823730469
2024-07-24,432.8143005371094
2024-07-25,432.1170959472656
2024-07-26,447.2563781738281
2024-07-29,449.1986083984375
2024-07-30,456.91766357421875
2024-07-31,462.0470886230469
2024-08-01,449.9455871582031
2024-08-02,445.314208984375
2024-08-05,427.5852966308594
2024-08-06,421.1112365722656
2024-08-07,430.17486572265625
2024-08-08,430.0254821777344
2024-08-09,424.59722900390625
2024-08-12,424.4976806640625
2024-08-13,418.1730041503906
2024-08-14,426.7884826660156
2024-08-16,427.78448486328125
2024-08-19,434.9059143066406
2024-08-20,435.6529235839844
2024-08-21,442.4257507324219
2024-08-22,447.95361328125
2024-08-23,444.41778564453125
2024-08-26,446.1109619140625
2024-08-27,451.2403564453125
2024-08-28,456.2204284667969
2024-08-29,455.9714050292969
2024-08-30,468.2720947265625
2024-09-02,460.65264892578125
2024-09-03,468.2223205566406
2024-09-04,473.7003479003906
2024-09-05,487.0467834472656
2024-09-06,479.4273681640625
2024-09-09,488.9890441894531
2024-09-10,504.6761474609375
2024-09-11,504.77569580078125
2024-09-12,505.22393798828125
2024-09-13,503.5307312011719
2024-09-16,502.53472900390625
2024-09-17,499.3475036621094
2024-09-18,483.461181640625
2024-09-19,468.5211181640625
2024-09-20,465.4832763671875
2024-09-23,472.8039245605469
2024-09-24,468.3717041015625
2024-09-25,459.6068420410156
2024-09-26,461.349853515625
2024-09-27,462.6446838378906
2024-09-30,461.7482604980469
2024-10-01,467.4255065917969
2024-10-03,458.9594421386719
2024-10-04,443.3719482421875
2024-10-07,429.5772705078125
2024-10-08,437.4955139160156
2024-10-09,452.0870361328125
2024-10-10,463.3916931152344
2024-10-11,472.256103515625
2024-10-14,477.0369567871094
2024-10-15,480.0747985839844
2024-10-16,478.3815612792969
2024-10-17,464.337890625
2024-10-18,473.25213623046875
2024-10-21,463.3916931152344
2024-10-22,446.70855712890625
2024-10-23,447.6548156738281
2024-10-24,445.5133361816406
2024-10-25,463.9394836425781
2024-10-28,490.2340393066406
2024-10-29,486.6982421875
2024-10-30,483.3616027832031
2024-10-31,489.287841796875
2024-11-01,497.80364990234375
2024-11-04,485.5030517578125
2024-11-05,487.2958068847656
2024-11-06,494.8717041015625
2024-11-07,493.37646484375
2024-11-08,497.762451171875
2024-11-11,493.37646484375
2024-11-12,487.99359130859375
2024-11-13,475.13458251953125
2024-11-14,484.45489501953125
2024-11-18,482.11236572265625
2024-11-19,487.4453430175781
2024-11-21,487.5948486328125
2024-11-22,510.97027587890625
2024-11-25,530.3585205078125
2024-11-26,544.5133666992188
2024-11-27,541.62255859375
2024-11-28,549.946044921875
2024-11-29,565.346923828125
2024-12-02,574.9661865234375
2024-12-03,578.8538208007812
2024-12-04,581.5950317382812
2024-12-05,586.4794311523438
2024-12-06,587.8751220703125
2024-12-09,570.081787109375
2024-12-10,570.081787109375
2024-12-11,570.9290771484375
2024-12-12,562.0075073242188
2024-12-13,571.6268920898438
2024-12-16,571.7265625
2024-12-17,570.2811279296875
2024-12-18,565.1475830078125
2024-12-19,570.729736328125
2024-12-20,557.4221801757812
2024-12-23,564.3001708984375
2024-12-24,565.346923828125
2024-12-26,568.785888671875
2024-12-27,584.8347778320312
2024-12-30,585.5325317382812
2024-12-31,600.7838745117188
2025-01-01,613.6927490234375
2025-01-02,611.1508178710938
2025-01-03,609.8051147460938
2025-01-06,597.6438598632812
2025-01-07,610.5029296875
2025-01-08,609.1571655273438
2025-01-09,611.1009521484375
2025-01-10,581.8442993164062
2025-01-13,557.2725830078125
2025-01-14,566.1942749023438
2025-01-15,555.1294555664062
2025-01-16,556.026611328125
2025-01-17,565.9948120117188
2025-01-20,582.392578125
2025-01-21,575.0659790039062
2025-01-22,569.0350952148438
2025-01-23,583.2896728515625
2025-01-24,600.7340698242188
2025-01-27,532.9502563476562
2025-01-28,509.1261901855469
2025-01-29,542.0711059570312
2025-01-30,586.5792236328125
2025-01-31,582.193115234375
2025-02-01,593.7064208984375
2025-02-03,584.48583984375
2025-02-04,610.0044555664062
2025-02-05,629.0935668945312
2025-02-06,634.7754516601562
2025-02-07,639.3109741210938
2025-02-10,624.358642578125
2025-02-11,606.2664184570312
2025-02-12,599.1390991210938
2025-02-13,599.0892944335938
2025-02-14,544.4635009765625
2025-02-17,553.7339477539062
2025-02-18,544.26416015625
2025-02-19,545.01171875
2025-02-20,535.0435791015625
2025-02-21,519.7921752929688
2025-02-24,535.0435791015625
2025-02-25,548.4009399414062
2025-02-27,541.273681640625
2025-02-28,525.52392578125
2025-03-03,527.1187744140625
2025-03-04,543.7657470703125
2025-03-05,564.698974609375
2025-03-06,578.7042846679688
2025-03-07,569.0350952148438
2025-03-10,557.2228393554688
2025-03-11,572.3246459960938
2025-03-12,582.4921264648438
2025-03-13,572.2249145507812
2025-03-17,579.501708984375
2025-03-18,579.501708984375
2025-03-19,604.1730346679688
2025-03-20,602.5282592773438
2025-03-21,609.2568359375
2025-03-24,621.019287109375
2025-03-25,613.1942749023438
2025-03-26,612.8453979492188
2025-03-27,615.7362060546875
2025-03-28,611.4498901367188
2025-04-01,596.9959716796875
2025-04-02,607.1137084960938
2025-04-03,618.6768188476562
2025-04-04,572.6237182617188
2025-04-07,559.4656372070312
2025-04-08,577.4083862304688
2025-04-09,562.4561157226562
2025-04-11,603.9238891601562
2025-04-15,623.1625366210938
2025-04-16,624.906982421875
2025-04-17,626.05322265625
2025-04-21,638.3141479492188
2025-04-22,649.6281127929688
2025-04-23,648.6312866210938
2025-04-24,643.44775390625
2025-04-25,623.6609497070312
2025-04-28,624.5082397460938
2025-04-29,615.4869995117188
2025-04-30,601.9302368164062
2025-05-02,617.3311157226562
2025-05-05,615.8358764648438
2025-05-06,610.6524047851562
2025-05-07,608.7584838867188
2025-05-08,584.8845825195312
2025-05-09,587.7294311523438
2025-05-12,592.3709716796875
2025-05-13,594.1676635742188
2025-05-14,604.8482666015625
2025-05-15,602.602294921875
2025-05-16,601.9534912109375
2025-05-19,606.2456665039062
2025-05-20,592.1712646484375
2025-05-21,595.9644165039062
2025-05-22,589.5761108398438
2025-05-23,592.2212524414062
2025-05-26,593.968017578125
2025-05-27,600.7057495117188
2025-05-28,609.3899536132812
2025-05-29,613.3826904296875
2025-05-30,608.4915771484375
2025-06-02,609.9888916015625
2025-06-03,618.473388671875
2025-06-04,622.216552734375
2025-06-05,639.4851684570312
2025-06-06,640.882568359375
2025-06-09,666.1365966796875
2025-06-10,665.23828125
2025-06-11,675.2200927734375
2025-06-12,665.5377197265625
2025-06-13,665.387939453125
2025-06-16,679.0131225585938
2025-06-17,659.3489379882812
2025-06-18,663.1420288085938
2025-06-19,645.074951171875
2025-06-20,649.8162841796875
2025-06-23,665.0885009765625
2025-06-24,668.3325805664062
2025-06-25,668.7318725585938
2025-06-26,679.1129150390625
2025-06-27,700.5239868164062
2025-06-30,723.5320434570312
2025-07-01,744.6934814453125
2025-07-02,755.3740234375
2025-07-03,757.1707763671875
2025-07-04,774.5889892578125
2025-07-07,774.8385620117188
2025-07-08,776.8848266601562
2025-07-09,792.9556274414062
2025-07-10,792.0571899414062
2025-07-11,788.7632446289062
2025-07-14,822.35205078125
2025-07-15,825.546142578125
2025-07-16,821.0543823242188
2025-07-17,820.0062866210938
2025-07-18,825.4962768554688
2025-07-21,827.9418334960938
2025-07-22,821.8529052734375
2025-07-23,821.0045166015625
2025-07-24,834.97900390625
2025-07-25,836.2267456054688
2025-07-28,887.6331176757812
2025-07-29,908.1956176757812
2025-07-30,879.8472900390625
2025-07-31,872.7601928710938
2025-08-01,847.8056640625
2025-08-04,859.6341552734375
2025-08-05,855.9408569335938
2025-08-06,834.6795654296875
2025-08-07,836.725830078125
2025-08-08,820.3556518554688
2025-08-11,829.9880981445312
2025-08-12,829.4391479492188
2025-08-13,861.58056640625
2025-08-14,858.1368408203125
2025-08-18,864.0760498046875
2025-08-19,882.2928466796875
2025-08-20,874.4570922851562
2025-08-21,888.2819213867188
2025-08-22,877.5015258789062
2025-08-25,871.6123046875
2025-08-26,867.0706176757812
2025-08-28,860.4326782226562
2025-08-29,855.3419799804688
2025-09-01,858.4363403320312
2025-09-02,858.5360717773438
2025-09-03,873.1095581054688
2025-09-04,872.5106811523438
2025-09-05,879.0487670898438
2025-09-08,893.5723266601562
2025-09-09,900.6593627929688
2025-09-10,894.7701416015625
2025-09-11,893.9714965820312
2025-09-12,894.4207153320312
2025-09-15,893.3726806640625
2025-09-16,893.2229614257812
2025-09-17,892.3245849609375
2025-09-18,921.5712890625
2025-09-19,930.4052124023438
2025-09-22,902.1566772460938
2025-09-23,908.395263671875
2025-09-24,908.0958251953125
2025-09-25,894.7201538085938
2025-09-26,830.7866821289062
2025-09-29,839.4209594726562
2025-09-30,840.2693481445312
2025-10-01,870.4144897460938
2025-10-03,862.8283081054688
2025-10-06,861.4308471679688
2025-10-07,861.8301391601562
2025-10-08,852.2974853515625
2025-10-09,863.5269775390625
2025-10-10,875.1558837890625
2025-10-13,872.7102661132812
2025-10-14,876.3536987304688
2025-10-15,873.7084350585938
2025-10-16,871.2628784179688
2025-10-17,898.4134521484375
2025-10-20,918.9760131835938
2025-10-21,922.2201538085938
2025-10-23,932.7010498046875
2025-10-24,924.715576171875
2025-10-27,938.4405517578125
2025-10-28,957.9051513671875
2025-10-29,959.9513549804688
2025-10-30,968.5856323242188
2025-10-31,952.7014770507812
2025-11-03,974.4298706054688
2025-11-04,982.1721801757812
2025-11-06,978.825439453125
2025-11-07,981.1731567382812
2025-11-10,1000.0543212890625
2025-11-11,984.7196044921875
2025-11-12,988.2660522460938
2025-11-13,996.0582885742188
2025-11-14,998.00634765625
2025-11-17,1020.8336181640625
2025-11-18,1005.8985595703125
2025-11-19,986.517822265625
2025-11-20,986.1181640625
2025-11-21,977.22705078125
2025-11-24,978.57568359375
2025-11-25,976.5776977539062
2025-11-26,985.61865234375
2025-11-27,1002.2022094726562
2025-11-28,1030.32421875
2025-12-01,1028.376220703125
2025-12-02,1019.185302734375
2025-12-03,1015.4889526367188
2025-12-04,1012.491943359375
2025-12-05,1025.079345703125
2025-12-08,1003.1012573242188
2025-12-09,1020.3840942382812
2025-12-10,1017.3870849609375
2025-12-11,1018.2861938476562
2025-12-12,1011.2931518554688
2025-12-15,1003.9005126953125
2025-12-16,1000.3040771484375
2025-12-17,1008.9954223632812
2025-12-18,1014.489990234375
2025-12-19,1044.160400390625
2025-12-22,1063.1414794921875
2025-12-23,1067.33740234375
2025-12-24,1083.7210693359375
2025-12-26,1083.9207763671875
2025-12-29,1080.324462890625
2025-12-30,1090.81396484375
2025-12-31,1106.89794921875
2026-01-01,1109.295654296875
2026-01-02,1105.3994140625
2026-01-05,1102.1026611328125
2026-01-06,1114.7901611328125
2026-01-07,1127.3775634765625
2026-01-08,1099.8050537109375
2026-01-09,1081.9228515625
2026-01-12,1042.162353515625
2026-01-13,1057.2474365234375
2026-01-14,1089.4154052734375
2026-01-15,1089.4154052734375
2026-01-16,1075.72900390625
2026-01-19,1061.6429443359375
2026-01-20,1034.4700927734375
2026-01-21,986.9174194335938
2026-01-22,1004.7996215820312
2026-01-23,1015.3890991210938
2026-01-27,999.2052001953125
2026-01-28,998.00634765625
2026-01-29,972.3319091796875
2026-01-30,964.0401611328125
2026-02-02,953.001220703125
2026-02-03,974.629638671875
2026-02-04,979.324951171875
2026-02-05,962.9912719726562
2026-02-06,949.6045532226562
2026-02-09,984.519775390625
2026-02-10,965.3887939453125
2026-02-11,1012.641845703125
2026-02-12,1017.5868530273438
2026-02-13,1009.5947875976562
2026-02-16,1011.4429931640625
2026-02-17,1012.39208984375
2026-02-18,1036.4180908203125
2026-02-19,1020.184326171875
2026-02-20,1017.9864501953125
2026-02-23,1016.0383911132812
2026-02-24,1027.47705078125
2026-02-25,1075.2794189453125
2026-02-26,1091.6630859375
2026-02-27,1074.72998046875
2026-03-02,1063.940673828125
2026-03-04,1029.574951171875
2026-03-05,1044.8597412109375
2026-03-06,1025.1793212890625
2026-03-09,1019.9844970703125
2026-03-10,1036.967529296875
2026-03-11,1039.964599609375
2026-03-12,1045.7589111328125
2026-03-13,1002.4020385742188
2026-03-16,959.8443603515625
2026-03-17,967.7365112304688
2026-03-18,982.4219360351562
2026-03-19,943.960205078125
2026-03-20,986.2181396484375
2026-03-23,960.4437866210938
2026-03-24,991.6127319335938
2026-03-25,1022.4819946289062
2026-03-27,1007.796630859375
2026-03-30,991.712646484375
2026-04-01,1037.766845703125
2026-04-02,1041.86279296875
2026-04-06,1057.1474609375
2026-04-07,1056.398193359375
2026-04-08,1081.373291015625
2026-04-09,1082.6220703125
2026-04-10,1097.257568359375
2026-04-13,1086.7181396484375
2026-04-15,1116.4884033203125
2026-04-16,1127.2276611328125
2026-04-17,1134.620361328125
2026-04-20,1128.3765869140625
2026-04-21,1113.2415771484375
2026-04-22,1095.009765625
2026-04-23,1127.8770751953125
2026-04-24,1112.342529296875
2026-04-27,1122.4324951171875
2026-04-28,1089.3653564453125
2026-04-29,1104.9998779296875
2026-04-30,1099.85498046875
2026-05-01,1099.85498046875
2026-05-04,1165.2398681640625
2026-05-05,1162.942138671875
2026-05-06,1176.4287109375
2026-05-07,1205.2999267578125
2026-05-08,1228.300048828125
2026-05-11,1266.800048828125
2026-05-12,1268.0
2026-05-13,1280.5
2026-05-14,1315.5
2026-05-15,1323.5999755859375
2026-05-18,1327.300048828125
2026-05-19,1344.9000244140625
2026-05-20,1361.0999755859375
2026-05-21,1351.0
2026-05-22,1343.5
2026-05-25,1356.300048828125
2026-05-26,1373.9000244140625
2026-05-27,1381.699951171875
2026-05-28,1381.699951171875
2026-05-29,1362.0
2026-06-01,1388.4000244140625
2026-06-02,1382.5999755859375
2026-06-03,1394.300048828125
2026-06-04,1427.199951171875
2026-06-05,1446.800048828125
2026-06-08,1404.699951171875
2026-06-09,1424.4000244140625
2026-06-10,1385.699951171875
2026-06-11,1390.800048828125
2026-06-12,1394.300048828125
2026-06-15,1389.0999755859375
2026-06-16,1376.4000244140625
2026-06-17,1369.800048828125
2026-06-18,1368.800048828125
2026-06-19,1412.9000244140625
2026-06-22,1435.9000244140625
2026-06-23,1481.0
2026-06-24,1454.199951171875
2026-06-25,1450.0
2026-06-26,1450.0
2026-06-29,1500.300048828125
2026-06-30,1517.4000244140625
2026-07-01,1493.300048828125
2026-07-02,1528.0
2026-07-03,1542.300048828125
2026-07-06,1529.199951171875
2026-07-07,1477.4000244140625
2026-07-08,1469.199951171875
2026-07-09,1507.4000244140625
2026-07-10,1537.800048828125
2026-07-13,1558.5999755859375
2026-07-14,1560.699951171875
2026-07-15,1554.300048828125
2026-07-16,1557.5999755859375
2026-07-17,1529.800048828125
2026-07-20,1558.9000244140625
2026-07-21,1593.199951171875
2026-07-22,1577.800048828125
2026-07-23,1568.300048828125
2026-07-24,1601.199951171875
2026-07-27,1713.4000244140625
2026-07-28,1758.9000244140625
2026-07-29,1781.300048828125
2026-07-30,1781.300048828125
2026-07-31,1816.199951171875
2026-08-03,1811.4000244140625
2026-08-04,1850.0
2026-08-05,1835.0
2026-08-06,1830.0
2026-08-07,1844.300048828125
2026-08-10,1854.0
2026-08-11,1858.0
2026-08-12,1850.0
2026-08-13,1851.699951171875
2026-08-14,1787.300048828125
2026-08-17,1809.699951171875
2026-08-18,1814.0
2026-08-19,1801.800048828125
2026-08-20,1825.0
2026-08-21,1802.0
2026-08-24,1801.0
2026-08-25,1866.199951171875
2026-08-26,1887.0
2026-08-27,1929.4000244140625
2026-08-28,1938.5
2026-08-31,1915.0
2026-09-01,1861.5999755859375
2026-09-02,1864.0
2026-09-03,1868.5
2026-09-04,1840.0
2026-09-07,1876.699951171875
2026-09-08,1946.9000244140625
2026-09-09,1937.0
2026-09-10,1945.0
2026-09-11,1969.0
2026-09-14,1969.0
2026-09-15,1926.9000244140625
2026-09-16,1905.5
2026-09-18,1954.0
2026-09-21,2017.5
