Date,MAHLOG
2017-11-10,412.229736328125
2017-11-13,409.5423583984375
2017-11-14,407.9586486816406
2017-11-15,404.743408203125
2017-11-16,398.6007385253906
2017-11-17,391.5462951660156
2017-11-20,401.52813720703125
2017-11-21,406.95086669921875
2017-11-22,408.72650146484375
2017-11-23,410.1181640625
2017-11-24,430.12982177734375
2017-11-27,431.61749267578125
2017-11-28,428.54620361328125
2017-11-29,430.3697814941406
2017-11-30,429.60186767578125
2017-12-01,423.89117431640625
2017-12-04,412.9975280761719
2017-12-05,411.8458251953125
2017-12-06,414.0053405761719
2017-12-07,421.923583984375
2017-12-08,424.6110534667969
2017-12-11,422.01959228515625
2017-12-12,417.5085754394531
2017-12-13,417.0766296386719
2017-12-14,417.0766296386719
2017-12-15,421.39569091796875
2017-12-18,417.4125671386719
2017-12-19,427.58636474609375
2017-12-20,424.6590270996094
2017-12-21,436.176513671875
2017-12-22,432.76922607421875
2017-12-26,429.8898620605469
2017-12-27,431.2335510253906
2017-12-28,424.8509826660156
2017-12-29,420.5798645019531
2018-01-01,426.7705383300781
2018-01-02,430.51373291015625
2018-01-03,424.75494384765625
2018-01-04,432.0973815917969
2018-01-05,432.2413330078125
2018-01-08,444.57464599609375
2018-01-09,449.7575378417969
2018-01-10,451.58111572265625
2018-01-11,475.2879638671875
2018-01-12,517.4226684570312
2018-01-15,508.352783203125
2018-01-16,482.5343017578125
2018-01-17,487.9091491699219
2018-01-18,479.3190002441406
2018-01-19,472.4085998535156
2018-01-22,471.8806457519531
2018-01-23,486.9973449707031
2018-01-24,488.005126953125
2018-01-25,476.3436279296875
2018-01-29,464.25030517578125
2018-01-30,457.0038757324219
2018-01-31,442.07916259765625
2018-02-01,449.6135559082031
2018-02-02,456.0441589355469
2018-02-05,449.85345458984375
2018-02-06,447.406005859375
2018-02-07,450.7652587890625
2018-02-08,456.09210205078125
2018-02-09,452.97283935546875
2018-02-12,452.5408630371094
2018-02-14,446.9261169433594
2018-02-15,444.7665710449219
2018-02-16,447.98187255859375
2018-02-19,436.176513671875
2018-02-20,430.0338439941406
2018-02-21,428.0662536621094
2018-02-22,428.9781188964844
2018-02-23,428.6900939941406
2018-02-26,438.1920471191406
2018-02-27,440.11163330078125
2018-02-28,448.55780029296875
2018-03-01,460.651123046875
2018-03-05,461.8988342285156
2018-03-06,464.97021484375
2018-03-07,451.2931823730469
2018-03-08,449.6615295410156
2018-03-09,454.1245422363281
2018-03-12,490.1646728515625
2018-03-13,489.2528381347656
2018-03-14,476.4876708984375
2018-03-15,497.41107177734375
2018-03-16,514.1114501953125
2018-03-19,482.82232666015625
2018-03-20,463.05059814453125
2018-03-21,472.9364013671875
2018-03-22,462.7146911621094
2018-03-23,454.3165283203125
2018-03-26,444.19073486328125
2018-03-27,457.5798034667969
2018-03-28,465.30609130859375
2018-04-02,481.0946350097656
2018-04-03,475.431884765625
2018-04-04,468.7613525390625
2018-04-05,475.8637390136719
2018-04-06,479.0790710449219
2018-04-09,476.8235778808594
2018-04-10,475.575927734375
2018-04-11,475.1439208984375
2018-04-12,469.5291748046875
2018-04-13,470.344970703125
2018-04-16,469.3852233886719
2018-04-17,466.505859375
2018-04-18,463.6744689941406
2018-04-19,466.64984130859375
2018-04-20,465.97796630859375
2018-04-23,465.4020690917969
2018-04-24,467.609619140625
2018-04-25,458.5395812988281
2018-04-26,463.81842041015625
2018-04-27,467.609619140625
2018-04-30,466.3618469238281
2018-05-02,470.82489013671875
2018-05-03,471.5927429199219
2018-05-04,470.344970703125
2018-05-07,501.6341857910156
2018-05-08,498.22686767578125
2018-05-09,527.260498046875
2018-05-10,543.7208862304688
2018-05-11,532.8272705078125
2018-05-14,532.0595092773438
2018-05-15,513.6795043945312
2018-05-16,537.770263671875
2018-05-17,514.9752197265625
2018-05-18,522.2216186523438
2018-05-21,513.5355224609375
2018-05-22,512.7677001953125
2018-05-23,518.238525390625
2018-05-24,532.4434204101562
2018-05-25,532.539306640625
2018-05-28,568.5794067382812
2018-05-29,557.4459838867188
2018-05-30,553.798828125
2018-05-31,546.7922973632812
2018-06-01,542.3771362304688
2018-06-04,544.3447265625
2018-06-05,522.4614868164062
2018-06-06,527.9802856445312
2018-06-07,538.0101928710938
2018-06-08,529.6599731445312
2018-06-11,562.388916015625
2018-06-12,550.9673461914062
2018-06-13,550.6314086914062
2018-06-14,585.0398559570312
2018-06-15,593.8218994140625
2018-06-18,605.6273803710938
2018-06-19,610.666259765625
2018-06-20,598.8609008789062
2018-06-21,588.1591796875
2018-06-22,580.3369140625
2018-06-25,571.2669067382812
2018-06-26,572.37060546875
2018-06-27,549.6236572265625
2018-06-28,529.3721923828125
2018-06-29,530.8118286132812
2018-07-02,550.1035766601562
2018-07-03,545.9764404296875
2018-07-04,550.9673461914062
2018-07-05,570.4990234375
2018-07-06,585.423828125
2018-07-09,589.9827880859375
2018-07-10,585.0878295898438
2018-07-11,577.5535278320312
2018-07-12,566.5638427734375
2018-07-13,554.66259765625
2018-07-16,537.2903442382812
2018-07-17,561.2850341796875
2018-07-18,551.0153198242188
2018-07-19,544.728759765625
2018-07-20,535.2748413085938
2018-07-23,550.9673461914062
2018-07-24,553.078857421875
2018-07-25,579.7464599609375
2018-07-26,584.8456420898438
2018-07-27,572.0980834960938
2018-07-30,564.6900634765625
2018-07-31,555.021240234375
2018-08-01,559.5429077148438
2018-08-02,562.91015625
2018-08-03,557.5706787109375
2018-08-06,557.907470703125
2018-08-07,551.9906005859375
2018-08-08,545.9777221679688
2018-08-09,550.0184326171875
2018-08-10,543.764892578125
2018-08-13,540.9267578125
2018-08-14,537.0303955078125
2018-08-16,539.4837036132812
2018-08-17,541.5521850585938
2018-08-20,539.7243041992188
2018-08-21,542.2255859375
2018-08-23,544.1497192382812
2018-08-24,540.8786010742188
2018-08-27,543.476318359375
2018-08-28,543.7168579101562
2018-08-29,534.3847045898438
2018-08-30,552.8565063476562
2018-08-31,566.3737182617188
2018-09-03,578.64013671875
2018-09-04,574.503173828125
2018-09-05,577.0526733398438
2018-09-06,573.8778686523438
2018-09-07,573.5892333984375
2018-09-10,555.7908935546875
2018-09-11,530.7769775390625
2018-09-12,524.1866455078125
2018-09-14,535.1062622070312
2018-09-17,533.8555908203125
2018-09-18,528.852783203125
2018-09-19,525.4854736328125
2018-09-21,519.568603515625
2018-09-24,526.2070922851562
2018-09-25,513.652099609375
2018-09-26,522.5992431640625
2018-09-27,519.3282470703125
2018-09-28,494.3622741699219
2018-10-01,492.1014709472656
2018-10-03,498.01824951171875
2018-10-04,496.71942138671875
2018-10-05,510.140380859375
2018-10-08,493.3040771484375
2018-10-09,492.4862976074219
2018-10-10,503.0691223144531
2018-10-11,505.762939453125
2018-10-12,531.5465698242188
2018-10-15,526.2551879882812
2018-10-16,537.8482055664062
2018-10-17,538.5216064453125
2018-10-19,516.05712890625
2018-10-22,519.61669921875
2018-10-23,516.7305297851562
2018-10-24,527.9868774414062
2018-10-25,525.6297607421875
2018-10-26,529.0452270507812
2018-10-29,525.1487426757812
2018-10-30,530.4882202148438
2018-10-31,528.9970092773438
2018-11-01,513.2670288085938
2018-11-02,517.0673828125
2018-11-05,503.9349365234375
2018-11-06,498.691650390625
2018-11-07,509.61126708984375
2018-11-09,506.8692932128906
2018-11-12,492.919189453125
2018-11-13,492.05340576171875
2018-11-14,492.1495666503906
2018-11-15,493.2559814453125
2018-11-16,494.1699523925781
2018-11-19,493.7370300292969
2018-11-20,501.0487365722656
2018-11-21,509.3706970214844
2018-11-22,511.4390869140625
2018-11-26,504.416015625
2018-11-27,513.9886474609375
2018-11-28,500.85638427734375
2018-11-29,514.517822265625
2018-11-30,517.1635131835938
2018-12-03,512.7860717773438
2018-12-04,507.9757080078125
2018-12-05,500.80828857421875
2018-12-06,499.798095703125
2018-12-07,502.63623046875
2018-12-10,501.1450500488281
2018-12-11,501.0007019042969
2018-12-12,508.4566955566406
2018-12-13,503.7425842285156
2018-12-14,500.3752746582031
2018-12-17,483.8757019042969
2018-12-18,481.9515686035156
2018-12-19,489.7444152832031
2018-12-20,495.46875
2018-12-21,499.4132080078125
2018-12-24,495.5649108886719
2018-12-26,494.7953186035156
2018-12-27,490.36981201171875
2018-12-28,493.88128662109375
2018-12-31,497.5372619628906
2019-01-01,497.1523132324219
2019-01-02,495.516845703125
2019-01-03,491.3318176269531
2019-01-04,493.88128662109375
2019-01-07,484.5010986328125
2019-01-08,488.7342224121094
2019-01-09,485.6074523925781
2019-01-10,488.58990478515625
2019-01-11,487.3392028808594
2019-01-14,491.6685485839844
2019-01-15,495.27630615234375
2019-01-16,496.2383728027344
2019-01-17,481.7591857910156
2019-01-18,484.6935119628906
2019-01-21,497.48907470703125
2019-01-22,483.2023010253906
2019-01-23,484.5972900390625
2019-01-24,493.7370300292969
2019-01-25,481.37432861328125
2019-01-28,477.4778747558594
2019-01-29,479.1615295410156
2019-01-30,480.0274658203125
2019-01-31,464.6342468261719
2019-02-01,468.9635314941406
2019-02-04,451.9348449707031
2019-02-05,436.30108642578125
2019-02-06,428.1715393066406
2019-02-07,416.530517578125
2019-02-08,423.3130798339844
2019-02-11,416.1937561035156
2019-02-12,421.8218688964844
2019-02-14,419.7052917480469
2019-02-15,420.7636413574219
2019-02-18,422.4472351074219
2019-02-19,414.7506408691406
2019-02-20,418.59893798828125
2019-02-21,419.0318603515625
2019-02-22,420.2344055175781
2019-02-25,420.2344055175781
2019-02-26,418.69512939453125
2019-02-27,419.17620849609375
2019-02-28,420.3787536621094
2019-03-01,434.6174621582031
2019-03-05,453.1374206542969
2019-03-06,458.7174377441406
2019-03-07,471.4649353027344
2019-03-08,476.9006652832031
2019-03-11,480.3641662597656
2019-03-12,479.3539733886719
2019-03-13,479.9793395996094
2019-03-14,476.419677734375
2019-03-15,483.5390319824219
2019-03-18,486.81005859375
2019-03-19,478.8729553222656
2019-03-20,479.3539733886719
2019-03-22,475.64996337890625
2019-03-25,472.7156677246094
2019-03-26,475.6018981933594
2019-03-27,488.58990478515625
2019-03-28,491.7166748046875
2019-04-01,495.8535461425781
2019-04-02,499.5094909667969
2019-04-03,493.78509521484375
2019-04-04,497.9219970703125
2019-04-05,501.33740234375
2019-04-08,494.07373046875
2019-04-09,497.6333923339844
2019-04-10,501.577880859375
2019-04-11,499.6056823730469
2019-04-12,519.0877075195312
2019-04-15,539.7722778320312
2019-04-16,531.3541259765625
2019-04-18,520.0496826171875
2019-04-22,509.3706970214844
2019-04-23,521.492919921875
2019-04-24,517.6925659179688
2019-04-25,511.7278137207031
2019-04-26,517.5003051757812
2019-04-30,521.0118408203125
2019-05-02,509.2264099121094
2019-05-03,497.4410095214844
2019-05-06,492.534423828125
2019-05-07,482.1921081542969
2019-05-08,463.575927734375
2019-05-09,461.9403991699219
2019-05-10,462.46954345703125
2019-05-13,454.1957702636719
2019-05-14,434.9060974121094
2019-05-15,436.1087341308594
2019-05-16,435.9162902832031
2019-05-17,426.3436279296875
2019-05-20,433.0781555175781
2019-05-21,453.08929443359375
2019-05-22,472.4270324707031
2019-05-23,466.9913024902344
2019-05-24,486.2328186035156
2019-05-27,500.3271789550781
2019-05-28,495.6130676269531
2019-05-29,484.4049072265625
2019-05-30,484.2605285644531
2019-05-31,493.0155029296875
2019-06-03,493.2559814453125
2019-06-04,478.34381103515625
2019-06-06,479.6907043457031
2019-06-07,472.4751281738281
2019-06-10,469.9737243652344
2019-06-11,469.49273681640625
2019-06-12,478.2475891113281
2019-06-13,486.3290100097656
2019-06-14,477.4778747558594
2019-06-17,473.5334777832031
2019-06-18,471.75360107421875
2019-06-19,470.8396301269531
2019-06-20,469.3965148925781
2019-06-21,470.4067077636719
2019-06-24,462.4214172363281
2019-06-25,465.2114562988281
2019-06-26,464.00885009765625
2019-06-27,462.084716796875
2019-06-28,464.8266296386719
2019-07-01,474.8321838378906
2019-07-02,470.0218505859375
2019-07-03,467.4723205566406
2019-07-04,467.0875244140625
2019-07-05,454.1957702636719
2019-07-08,452.8968811035156
2019-07-09,441.8330383300781
2019-07-10,446.5953369140625
2019-07-11,450.0587463378906
2019-07-12,441.6887512207031
2019-07-15,439.62030029296875
2019-07-16,436.3973083496094
2019-07-17,435.57952880859375
2019-07-18,432.1642150878906
2019-07-19,425.14105224609375
2019-07-22,421.67755126953125
2019-07-23,421.0428161621094
2019-07-24,404.9639892578125
2019-07-25,402.4049072265625
2019-07-26,400.6666564941406
2019-07-29,394.53448486328125
2019-07-30,393.3273620605469
2019-07-31,388.4988708496094
2019-08-01,380.9664611816406
2019-08-02,382.65643310546875
2019-08-05,350.16082763671875
2019-08-06,354.0235900878906
2019-08-07,355.08587646484375
2019-08-08,349.9676513671875
2019-08-09,353.3959045410156
2019-08-13,349.9676513671875
2019-08-14,356.8241271972656
2019-08-16,354.6995849609375
2019-08-19,347.74658203125
2019-08-20,346.5877380371094
2019-08-21,338.7655944824219
2019-08-22,334.1785583496094
2019-08-23,333.0680236816406
2019-08-26,336.6893615722656
2019-08-27,334.3717346191406
2019-08-28,326.4530029296875
2019-08-29,328.09466552734375
2019-08-30,318.1963195800781
2019-09-03,319.25860595703125
2019-09-04,320.07940673828125
2019-09-05,323.45941162109375
2019-09-06,328.2878723144531
2019-09-09,329.20526123046875
2019-09-11,331.66778564453125
2019-09-12,336.3031311035156
2019-09-13,339.68304443359375
2019-09-16,334.51654052734375
2019-09-17,330.8469543457031
2019-09-18,329.4466552734375
2019-09-19,323.6042175292969
2019-09-20,329.30181884765625
2019-09-23,362.95623779296875
2019-09-24,373.7720031738281
2019-09-25,360.54205322265625
2019-09-26,359.6246337890625
2019-09-27,357.83807373046875
2019-09-30,346.6842956542969
2019-10-01,344.9460754394531
2019-10-03,340.2141418457031
2019-10-04,341.4696044921875
2019-10-07,344.7529296875
2019-10-09,347.6017150878906
2019-10-10,350.7884826660156
2019-10-11,352.8647155761719
2019-10-14,351.85076904296875
2019-10-15,352.04388427734375
2019-10-16,350.112548828125
2019-10-17,341.6626892089844
2019-10-18,357.9829406738281
2019-10-22,356.8241271972656
2019-10-23,349.1468200683594
2019-10-24,346.63604736328125
2019-10-25,339.10357666015625
2019-10-27,346.9257507324219
2019-10-29,359.0934753417969
2019-10-30,368.84698486328125
2019-10-31,371.74407958984375
2019-11-01,365.27392578125
2019-11-04,362.66656494140625
2019-11-05,359.9143371582031
2019-11-06,362.9079895019531
2019-11-07,385.60174560546875
2019-11-08,376.4277038574219
2019-11-11,383.3323974609375
2019-11-13,377.9727783203125
2019-11-14,384.10498046875
2019-11-15,383.38067626953125
2019-11-18,380.7733459472656
2019-11-19,379.614501953125
2019-11-20,381.0147399902344
2019-11-21,381.1595764160156
2019-11-22,380.5802001953125
2019-11-25,383.38067626953125
2019-11-26,383.38067626953125
2019-11-27,376.7657165527344
2019-11-28,376.3794250488281
2019-11-29,373.2891845703125
2019-12-02,366.38446044921875
2019-12-03,382.1736145019531
2019-12-04,385.5052185058594
2019-12-05,385.7466735839844
2019-12-06,387.726318359375
2019-12-09,374.7377014160156
2019-12-10,364.1150817871094
2019-12-11,366.7225036621094
2019-12-12,361.5076904296875
2019-12-13,361.5076904296875
2019-12-16,358.4658203125
2019-12-17,358.1760559082031
2019-12-18,360.9283142089844
2019-12-19,357.5483703613281
2019-12-20,367.0604553222656
2019-12-23,372.27520751953125
2019-12-24,375.7517395019531
2019-12-26,373.67547607421875
2019-12-27,384.2015380859375
2019-12-30,385.8915100097656
2019-12-31,388.4023132324219
2020-01-01,387.14691162109375
2020-01-02,404.4328308105469
2020-01-03,411.8204345703125
2020-01-06,391.7822570800781
2020-01-07,396.5624084472656
2020-01-08,388.78857421875
2020-01-09,394.72760009765625
2020-01-10,418.04913330078125
2020-01-13,433.4036865234375
2020-01-14,411.1444091796875
2020-01-15,419.0631103515625
2020-01-16,424.37445068359375
2020-01-17,416.3109130859375
2020-01-20,411.9653015136719
2020-01-21,413.0758056640625
2020-01-22,401.63232421875
2020-01-23,404.867431640625
2020-01-24,404.9156799316406
2020-01-27,397.4798889160156
2020-01-28,404.48114013671875
2020-01-29,405.3985290527344
2020-01-30,402.5497741699219
2020-01-31,409.06817626953125
2020-02-03,390.2854309082031
2020-02-04,402.694580078125
2020-02-05,385.79498291015625
2020-02-06,401.05291748046875
2020-02-07,400.6183166503906
2020-02-10,389.7059631347656
2020-02-11,381.1112976074219
2020-02-12,386.6640930175781
2020-02-13,380.29046630859375
2020-02-14,384.05670166015625
2020-02-17,392.0236511230469
2020-02-18,387.67803955078125
2020-02-19,382.7047119140625
2020-02-20,403.80511474609375
2020-02-24,392.8927917480469
2020-02-25,394.1481628417969
2020-02-26,383.7669982910156
2020-02-27,371.74407958984375
2020-02-28,357.5001220703125
2020-03-02,361.0731506347656
2020-03-03,361.8457336425781
2020-03-04,342.43524169921875
2020-03-05,338.572509765625
2020-03-06,326.0184631347656
2020-03-09,319.9345397949219
2020-03-11,303.4694519042969
2020-03-12,282.7070617675781
2020-03-13,282.1759338378906
2020-03-16,268.02850341796875
2020-03-17,268.9458923339844
2020-03-18,249.4388885498047
2020-03-19,247.55577087402344
2020-03-20,232.7323760986328
2020-03-23,206.36891174316406
2020-03-24,211.77679443359375
2020-03-25,198.01565551757812
2020-03-26,204.38922119140625
2020-03-27,210.6179656982422
2020-03-30,199.07791137695312
2020-03-31,218.87466430664062
2020-04-01,219.35748291015625
2020-04-03,210.95594787597656
2020-04-07,222.30287170410156
2020-04-08,244.46554565429688
2020-04-09,261.3652038574219
2020-04-13,244.80352783203125
2020-04-15,268.6562194824219
2020-04-16,273.098388671875
2020-04-17,289.51519775390625
2020-04-20,303.1797790527344
2020-04-21,288.066650390625
2020-04-22,274.2572021484375
2020-04-23,260.8823547363281
2020-04-24,253.10850524902344
2020-04-27,260.5926513671875
2020-04-28,259.24072265625
2020-04-29,253.44654846191406
2020-04-30,251.85311889648438
2020-05-04,251.22540283203125
2020-05-05,242.29273986816406
2020-05-06,236.30543518066406
2020-05-07,239.05767822265625
2020-05-08,233.74635314941406
2020-05-11,243.69300842285156
2020-05-12,247.21778869628906
2020-05-13,256.63330078125
2020-05-14,253.4947967529297
2020-05-15,252.43252563476562
2020-05-18,242.099609375
2020-05-19,243.83786010742188
2020-05-20,245.62440490722656
2020-05-21,249.7285919189453
2020-05-22,254.2190704345703
2020-05-26,251.17715454101562
2020-05-27,245.43124389648438
2020-05-28,246.0589599609375
2020-05-29,247.0729522705078
2020-06-01,250.452880859375
2020-06-02,259.7235412597656
2020-06-03,272.6638488769531
2020-06-04,286.2801513671875
2020-06-05,283.0450744628906
2020-06-08,311.3398742675781
2020-06-09,293.76422119140625
2020-06-10,297.6270446777344
2020-06-11,283.383056640625
2020-06-12,278.2165832519531
2020-06-15,270.0564270019531
2020-06-16,272.85693359375
2020-06-17,273.146728515625
2020-06-18,274.1606750488281
2020-06-19,273.532958984375
2020-06-22,273.967529296875
2020-06-23,275.2229309082031
2020-06-24,274.4986572265625
2020-06-25,274.0640869140625
2020-06-26,274.11236572265625
2020-06-29,267.6905517578125
2020-06-30,265.2762756347656
2020-07-01,268.5113220214844
2020-07-02,270.1047668457031
2020-07-03,270.7324523925781
2020-07-06,273.1949768066406
2020-07-07,293.3779602050781
2020-07-08,307.4288330078125
2020-07-09,309.2636413574219
2020-07-10,318.7757568359375
2020-07-13,320.1759948730469
2020-07-14,300.7172546386719
2020-07-15,297.24072265625
2020-07-16,303.034912109375
2020-07-17,305.8354187011719
2020-07-20,310.0361633300781
2020-07-21,308.3462219238281
2020-07-22,302.1658020019531
2020-07-23,305.9183654785156
2020-07-24,300.63226318359375
2020-07-27,283.3673400878906
2020-07-28,283.5613098144531
2020-07-29,280.2150573730469
2020-07-30,267.65435791015625
2020-07-31,288.8475036621094
2020-08-03,290.9813537597656
2020-08-04,290.88433837890625
2020-08-05,286.47113037109375
2020-08-06,285.45263671875
2020-08-07,284.7252197265625
2020-08-10,285.7921447753906
2020-08-11,284.143310546875
2020-08-12,285.6466979980469
2020-08-13,289.1384582519531
2020-08-14,284.7252197265625
2020-08-17,285.6951904296875
2020-08-18,290.7388916015625
2020-08-19,305.2394714355469
2020-08-20,337.6838073730469
2020-08-21,362.5142517089844
2020-08-24,344.2794494628906
2020-08-25,351.60247802734375
2020-08-26,354.31829833984375
2020-08-27,354.2698059082031
2020-08-28,375.074951171875
2020-08-31,348.6441345214844
2020-09-01,350.1475524902344
2020-09-02,346.2193298339844
2020-09-03,341.3695983886719
2020-09-04,341.32110595703125
2020-09-07,332.15521240234375
2020-09-08,326.3356018066406
2020-09-09,309.1191711425781
2020-09-10,308.731201171875
2020-09-11,315.2783203125
2020-09-14,324.1047058105469
2020-09-15,333.6101379394531
2020-09-16,337.3443298339844
2020-09-17,327.25701904296875
2020-09-18,333.2221374511719
2020-09-21,317.46063232421875
2020-09-22,317.46063232421875
2020-09-23,310.18609619140625
2020-09-24,304.9484558105469
2020-09-25,307.4217834472656
2020-09-28,331.2822265625
2020-09-29,338.50830078125
2020-09-30,333.2221374511719
2020-10-01,340.0116882324219
2020-10-05,341.9515686035156
2020-10-06,351.6994934082031
2020-10-07,338.8962707519531
2020-10-08,325.4626159667969
2020-10-09,324.6382141113281
2020-10-12,319.885498046875
2020-10-13,324.5411376953125
2020-10-14,328.46942138671875
2020-10-15,328.3239440917969
2020-10-16,322.16485595703125
2020-10-19,318.7700500488281
2020-10-20,316.1512451171875
2020-10-21,328.3239440917969
2020-10-22,325.26861572265625
2020-10-23,346.3162841796875
2020-10-26,348.3046569824219
2020-10-27,344.2794494628906
2020-10-28,342.9215087890625
2020-10-29,342.48504638671875
2020-10-30,345.15240478515625
2020-11-02,353.4938659667969
2020-11-03,352.66937255859375
2020-11-04,360.1864318847656
2020-11-05,361.78680419921875
2020-11-06,367.0729675292969
2020-11-09,374.1534729003906
2020-11-10,370.22528076171875
2020-11-11,369.54632568359375
2020-11-12,373.13507080078125
2020-11-13,377.8877868652344
2020-11-14,385.6957702636719
2020-11-17,385.55023193359375
2020-11-18,384.82281494140625
2020-11-19,375.9963684082031
2020-11-20,374.63848876953125
2020-11-23,386.1807556152344
2020-11-24,377.7907409667969
2020-11-25,371.1951904296875
2020-11-26,368.7218322753906
2020-11-27,383.07696533203125
2020-12-01,385.50177001953125
2020-12-02,383.17388916015625
2020-12-03,382.5434875488281
2020-12-04,386.2777099609375
2020-12-07,390.9819030761719
2020-12-08,384.0953369140625
2020-12-09,382.8344421386719
2020-12-10,378.5182189941406
2020-12-11,393.8917541503906
2020-12-14,395.3951416015625
2020-12-15,398.0625
2020-12-16,398.595947265625
2020-12-17,399.662841796875
2020-12-18,402.0877380371094
2020-12-21,385.9382019042969
2020-12-22,389.38153076171875
2020-12-23,392.873291015625
2020-12-24,399.42034912109375
2020-12-28,404.3185729980469
2020-12-29,405.4339904785156
2020-12-30,409.84722900390625
2020-12-31,401.311767578125
2021-01-01,407.5679016113281
2021-01-04,410.7201843261719
2021-01-05,410.4291687011719
2021-01-06,409.459228515625
2021-01-07,419.7406311035156
2021-01-08,428.5185241699219
2021-01-11,432.8832702636719
2021-01-12,440.5457763671875
2021-01-13,439.4788513183594
2021-01-14,427.93658447265625
2021-01-15,412.9510192871094
2021-01-18,401.4572448730469
2021-01-19,419.83758544921875
2021-01-20,478.6642761230469
2021-01-21,468.28594970703125
2021-01-22,477.1609191894531
2021-01-25,478.4218444824219
2021-01-27,487.1512756347656
2021-01-28,468.18902587890625
2021-01-29,457.3741455078125
2021-02-01,443.01910400390625
2021-02-02,439.818359375
2021-02-03,451.360595703125
2021-02-04,469.74090576171875
2021-02-05,485.55084228515625
2021-02-08,493.35888671875
2021-02-09,474.7361145019531
2021-02-10,480.3616943359375
2021-02-11,480.1192321777344
2021-02-12,472.65069580078125
2021-02-15,481.9136047363281
2021-02-16,485.79339599609375
2021-02-17,481.0406799316406
2021-02-18,477.59735107421875
2021-02-19,472.8446960449219
2021-02-22,457.90765380859375
2021-02-23,463.53326416015625
2021-02-24,459.4110412597656
2021-02-25,466.1036376953125
2021-02-26,467.3160095214844
2021-03-01,468.4799499511719
2021-03-02,463.6787414550781
2021-03-03,465.8126220703125
2021-03-04,493.0193786621094
2021-03-05,508.3443603515625
2021-03-08,519.1107177734375
2021-03-09,522.2630615234375
2021-03-10,535.3087158203125
2021-03-12,549.1788330078125
2021-03-15,567.26806640625
2021-03-16,586.6668701171875
2021-03-17,554.0284423828125
2021-03-18,515.4735107421875
2021-03-19,503.7371520996094
2021-03-22,510.9632263183594
2021-03-23,527.3551635742188
2021-03-24,533.5142822265625
2021-03-25,527.1126708984375
2021-03-26,533.029296875
2021-03-30,547.2874755859375
2021-03-31,562.3214721679688
2021-04-01,557.4717407226562
2021-04-05,533.3688354492188
2021-04-06,525.706298828125
2021-04-07,521.9234619140625
2021-04-08,519.595703125
2021-04-09,522.6024780273438
2021-04-12,504.1252136230469
2021-04-13,510.04180908203125
2021-04-15,517.7528686523438
2021-04-16,522.45703125
2021-04-19,513.2911376953125
2021-04-20,504.5131530761719
2021-04-22,511.0602111816406
2021-04-23,505.38604736328125
2021-04-26,501.45782470703125
2021-04-27,533.1749267578125
2021-04-28,535.2601318359375
2021-04-29,533.8538208007812
2021-04-30,518.0437622070312
2021-05-03,502.62176513671875
2021-05-04,487.1027526855469
2021-05-05,500.2454528808594
2021-05-06,520.5171508789062
2021-05-07,525.4638671875
2021-05-10,536.6665649414062
2021-05-11,529.1980590820312
2021-05-12,525.5123291015625
2021-05-14,519.207763671875
2021-05-17,507.4229736328125
2021-05-18,536.763671875
2021-05-19,515.6188354492188
2021-05-20,511.3512878417969
2021-05-21,517.8499145507812
2021-05-24,524.639404296875
2021-05-25,517.3648071289062
2021-05-26,516.200927734375
2021-05-27,512.6605834960938
2021-05-28,513.3395385742188
2021-05-31,531.9138793945312
2021-06-01,529.343505859375
2021-06-02,533.8052978515625
2021-06-03,527.9855346679688
2021-06-04,535.3087158203125
2021-06-07,540.6919555664062
2021-06-08,557.0352172851562
2021-06-09,565.813232421875
2021-06-10,571.244873046875
2021-06-11,569.0626220703125
2021-06-14,572.3602294921875
2021-06-15,576.28857421875
2021-06-16,560.0421752929688
2021-06-17,566.0072021484375
2021-06-18,556.7928466796875
2021-06-21,567.6561889648438
2021-06-22,568.1895751953125
2021-06-23,557.7142333984375
2021-06-24,554.0284423828125
2021-06-25,554.0284423828125
2021-06-28,548.0148315429688
2021-06-29,540.8858032226562
2021-06-30,535.357177734375
2021-07-01,534.4842529296875
2021-07-02,543.7470703125
2021-07-05,552.1371459960938
2021-07-06,561.157470703125
2021-07-07,565.0857543945312
2021-07-08,564.5523071289062
2021-07-09,551.4097290039062
2021-07-12,567.26806640625
2021-07-13,574.106201171875
2021-07-14,565.0857543945312
2021-07-15,563.4854125976562
2021-07-16,564.3582763671875
2021-07-19,564.8271484375
2021-07-20,552.2657470703125
2021-07-22,567.4563598632812
2021-07-23,578.1676635742188
2021-07-26,585.7142944335938
2021-07-27,591.1185302734375
2021-07-28,596.2794799804688
2021-07-29,654.1205444335938
2021-07-30,728.7589721679688
2021-08-02,778.6152954101562
2021-08-03,728.32080078125
2021-08-04,684.9400024414062
2021-08-05,686.2545166015625
2021-08-06,668.4835205078125
2021-08-09,669.5059204101562
2021-08-10,656.2628784179688
2021-08-11,641.6078491210938
2021-08-12,659.7196655273438
2021-08-13,675.9326782226562
2021-08-16,679.5843505859375
2021-08-17,678.6591796875
2021-08-18,684.9400024414062
2021-08-20,699.4489135742188
2021-08-23,764.3497924804688
2021-08-24,722.624267578125
2021-08-25,712.9354858398438
2021-08-26,713.4710693359375
2021-08-27,745.994384765625
2021-08-30,763.9602661132812
2021-08-31,746.0918579101562
2021-09-01,724.1823120117188
2021-09-02,717.7069091796875
2021-09-03,704.1716918945312
2021-09-06,695.11572265625
2021-09-07,688.3480834960938
2021-09-08,713.9579467773438
2021-09-09,701.2504272460938
2021-09-13,688.9810791015625
2021-09-14,681.5805053710938
2021-09-15,694.2393188476562
2021-09-16,697.84228515625
2021-09-17,708.3101196289062
2021-09-20,695.894775390625
2021-09-21,701.785888671875
2021-09-22,722.23486328125
2021-09-23,707.5797729492188
2021-09-24,704.9507446289062
2021-09-27,691.7074584960938
2021-09-28,700.2766723632812
2021-09-29,705.875732421875
2021-09-30,713.2276000976562
2021-10-01,712.1564331054688
2021-10-04,714.6881713867188
2021-10-05,753.6384887695312
2021-10-06,727.5904541015625
2021-10-07,739.0321044921875
2021-10-08,731.2420654296875
2021-10-11,723.0625
2021-10-12,745.7023315429688
2021-10-13,731.6802368164062
2021-10-14,733.0435180664062
2021-10-18,730.51171875
2021-10-19,723.0625
2021-10-20,691.318115234375
2021-10-21,679.779052734375
2021-10-22,672.1350708007812
2021-10-25,657.333984375
2021-10-26,651.39404296875
2021-10-27,673.8391723632812
2021-10-28,640.1959838867188
2021-10-29,631.1400146484375
2021-11-01,620.2825317382812
2021-11-02,648.2293701171875
2021-11-03,637.9562377929688
2021-11-04,653.0982055664062
2021-11-08,686.0597534179688
2021-11-09,687.228271484375
2021-11-10,691.8536987304688
2021-11-11,704.1228637695312
2021-11-12,712.7406616210938
2021-11-15,729.2459716796875
2021-11-16,740.6875610351562
2021-11-17,744.7772216796875
2021-11-18,723.9388427734375
2021-11-22,712.0591430664062
2021-11-23,718.7291870117188
2021-11-24,738.9347534179688
2021-11-25,729.1484985351562
2021-11-26,697.550048828125
2021-11-29,657.0418701171875
2021-11-30,639.3195190429688
2021-12-01,650.6151733398438
2021-12-02,684.6965942382812
2021-12-03,699.4002685546875
2021-12-06,670.284912109375
2021-12-07,668.9703369140625
2021-12-08,682.89501953125
2021-12-09,674.033935546875
2021-12-10,672.1837768554688
2021-12-13,665.0266723632812
2021-12-14,658.0155639648438
2021-12-15,643.94482421875
2021-12-16,657.1879272460938
2021-12-17,641.851318359375
2021-12-20,641.8026123046875
2021-12-21,646.573974609375
2021-12-22,662.3975219726562
2021-12-23,660.1578369140625
2021-12-24,646.233154296875
2021-12-27,639.9524536132812
2021-12-28,654.7535400390625
2021-12-29,652.9033813476562
2021-12-30,648.4728393554688
2021-12-31,662.93310546875
2022-01-03,674.861572265625
2022-01-04,667.4611206054688
2022-01-05,657.8695068359375
2022-01-06,690.5391235351562
2022-01-07,691.9024047851562
2022-01-10,684.4043579101562
2022-01-11,678.6591796875
2022-01-12,698.7672729492188
2022-01-13,692.1944580078125
2022-01-14,687.9099731445312
2022-01-17,701.4938354492188
2022-01-18,700.6174926757812
2022-01-19,700.6661376953125
2022-01-20,711.3287963867188
2022-01-21,692.4866333007812
2022-01-24,624.0802612304688
2022-01-25,654.558837890625
2022-01-27,642.5328369140625
2022-01-28,571.9843139648438
2022-01-31,567.2615356445312
2022-02-01,567.3101806640625
2022-02-02,560.9807739257812
2022-02-03,554.261962890625
2022-02-04,558.5951538085938
2022-02-07,526.4124755859375
2022-02-08,520.4725952148438
2022-02-09,513.9971313476562
2022-02-10,499.6341552734375
2022-02-11,476.6048889160156
2022-02-14,414.9174499511719
2022-02-15,434.8307189941406
2022-02-16,430.20538330078125
2022-02-17,423.2917175292969
2022-02-18,409.9512939453125
2022-02-21,421.49029541015625
2022-02-22,418.86114501953125
2022-02-23,419.6888427734375
2022-02-24,410.5355224609375
2022-02-25,419.3480529785156
2022-02-28,392.7644958496094
2022-03-02,402.20989990234375
2022-03-03,413.3594055175781
2022-03-04,405.6667785644531
2022-03-07,397.8280029296875
2022-03-08,394.5172424316406
2022-03-09,406.2509765625
2022-03-10,418.715087890625
2022-03-11,418.9585266113281
2022-03-14,425.2392272949219
2022-03-15,425.14190673828125
2022-03-16,432.7371520996094
2022-03-17,442.766845703125
2022-03-21,426.31036376953125
2022-03-22,417.54656982421875
2022-03-23,428.30657958984375
2022-03-24,446.5158386230469
2022-03-25,434.44122314453125
2022-03-28,451.238525390625
2022-03-29,463.4104309082031
2022-03-30,489.7018737792969
2022-03-31,491.3572692871094
2022-04-01,493.0126647949219
2022-04-04,491.6981201171875
2022-04-05,512.926025390625
2022-04-06,513.7049560546875
2022-04-07,505.8662109375
2022-04-08,504.84381103515625
2022-04-11,503.8213806152344
2022-04-12,497.4432373046875
2022-04-13,498.4656677246094
2022-04-18,483.61590576171875
2022-04-19,480.74334716796875
2022-04-20,478.5523986816406
2022-04-21,482.6421813964844
2022-04-22,468.96087646484375
2022-04-25,464.33551025390625
2022-04-26,463.11834716796875
2022-04-27,503.5779113769531
2022-04-28,507.8136901855469
2022-04-29,502.555419921875
2022-05-02,494.6194152832031
2022-05-04,487.85174560546875
2022-05-05,479.28271484375
2022-05-06,463.605224609375
2022-05-09,461.31689453125
2022-05-10,455.133544921875
2022-05-11,454.7440490722656
2022-05-12,442.7181396484375
2022-05-13,447.6356201171875
2022-05-16,441.5497131347656
2022-05-17,453.72161865234375
2022-05-18,455.8152160644531
2022-05-19,443.1563720703125
2022-05-20,437.4112243652344
2022-05-23,461.2195129394531
2022-05-24,468.7174377441406
2022-05-25,455.6203918457031
2022-05-26,450.7029724121094
2022-05-27,448.609375
2022-05-30,450.8490295410156
2022-05-31,447.3434753417969
2022-06-01,463.84869384765625
2022-06-02,461.4629211425781
2022-06-03,463.79998779296875
2022-06-06,457.0323791503906
2022-06-07,453.03997802734375
2022-06-08,457.7139892578125
2022-06-09,466.1369934082031
2022-06-10,458.8824768066406
2022-06-13,446.85662841796875
2022-06-14,443.2050476074219
2022-06-15,446.9053039550781
2022-06-16,428.50128173828125
2022-06-17,409.1722717285156
2022-06-20,407.2247619628906
2022-06-21,409.7565002441406
2022-06-22,404.1087341308594
2022-06-23,404.4495544433594
2022-06-24,420.760009765625
2022-06-27,441.9391784667969
2022-06-28,454.54931640625
2022-06-29,454.9388122558594
2022-06-30,459.2720031738281
2022-07-01,446.7105712890625
2022-07-04,450.2647705078125
2022-07-05,474.46258544921875
2022-07-06,486.7806091308594
2022-07-07,490.7730407714844
2022-07-08,491.8441467285156
2022-07-11,483.1290283203125
2022-07-12,477.91943359375
2022-07-13,474.55999755859375
2022-07-14,467.8897399902344
2022-07-15,462.582763671875
2022-07-18,475.09552001953125
2022-07-19,474.60870361328125
2022-07-20,468.57135009765625
2022-07-21,473.3367004394531
2022-07-22,465.2237548828125
2022-07-25,459.75
2022-07-26,460.28753662109375
2022-07-27,456.4266052246094
2022-07-28,463.31768798828125
2022-07-29,455.2536315917969
2022-08-01,462.43798828125
2022-08-02,464.97943115234375
2022-08-03,466.2989807128906
2022-08-04,467.91180419921875
2022-08-05,462.8289794921875
2022-08-08,462.38909912109375
2022-08-10,474.7540283203125
2022-08-11,485.79937744140625
2022-08-12,471.33294677734375
2022-08-16,472.4570007324219
2022-08-17,484.5775146484375
2022-08-18,493.0326232910156
2022-08-19,485.4572448730469
2022-08-22,475.5360107421875
2022-08-23,483.60009765625
2022-08-24,482.9647216796875
2022-08-25,480.7654724121094
2022-08-26,480.1789855957031
2022-08-29,470.20880126953125
2022-08-30,469.3291015625
2022-09-01,467.1297912597656
2022-09-02,471.6261291503906
2022-09-05,482.37823486328125
2022-09-06,483.2579345703125
2022-09-07,482.7691955566406
2022-09-08,479.4947204589844
2022-09-09,486.09259033203125
2022-09-12,484.7241516113281
2022-09-13,480.6676940917969
2022-09-14,533.9393920898438
2022-09-15,522.1121826171875
2022-09-16,518.9354248046875
2022-09-19,498.9951171875
2022-09-20,500.1681213378906
2022-09-21,518.4955444335938
2022-09-22,540.4884643554688
2022-09-23,518.9354248046875
2022-09-26,492.0550842285156
2022-09-27,495.7205810546875
2022-09-28,483.111328125
2022-09-29,504.3712158203125
2022-09-30,508.1343688964844
2022-10-03,519.9617919921875
2022-10-04,519.4241333007812
2022-10-06,518.0556640625
2022-10-07,517.5669555664062
2022-10-10,513.7548217773438
2022-10-11,512.6796264648438
2022-10-12,510.5291442871094
2022-10-13,506.8636779785156
2022-10-14,515.074462890625
2022-10-17,511.9465026855469
2022-10-18,533.0597534179688
2022-10-19,534.8192138671875
2022-10-20,534.47705078125
2022-10-21,523.3828735351562
2022-10-24,526.5596923828125
2022-10-25,530.469482421875
2022-10-27,527.4392700195312
2022-10-28,527.1949462890625
2022-10-31,526.4129638671875
2022-11-01,529.931884765625
2022-11-02,532.4243774414062
2022-11-03,538.7290649414062
2022-11-04,525.8754272460938
2022-11-07,510.626953125
2022-11-09,508.2810363769531
2022-11-10,504.9087829589844
2022-11-11,493.5213317871094
2022-11-14,481.1075439453125
2022-11-15,487.50994873046875
2022-11-16,507.3035888671875
2022-11-17,504.029052734375
2022-11-18,497.28460693359375
2022-11-21,479.9834289550781
2022-11-22,473.7276916503906
2022-11-23,485.8971252441406
2022-11-24,493.4724426269531
2022-11-25,492.0550842285156
2022-11-28,487.7054138183594
2022-11-29,481.54742431640625
2022-11-30,515.709716796875
2022-12-01,496.0138854980469
2022-12-02,496.4537048339844
2022-12-05,487.80316162109375
2022-12-06,485.16400146484375
2022-12-07,483.8444519042969
2022-12-08,476.4646301269531
2022-12-09,462.2913818359375
2022-12-12,477.6864013671875
2022-12-13,479.3970031738281
2022-12-14,478.1262512207031
2022-12-15,468.9381103515625
2022-12-16,459.1146240234375
2022-12-19,447.97149658203125
2022-12-20,460.23870849609375
2022-12-21,459.6521911621094
2022-12-22,463.9042053222656
2022-12-23,460.8251953125
2022-12-26,470.5020446777344
2022-12-27,473.9720458984375
2022-12-28,479.8857116699219
2022-12-29,487.65655517578125
2022-12-30,490.4911804199219
2023-01-02,490.0513610839844
2023-01-03,491.90850830078125
2023-01-04,483.0625
2023-01-05,478.1262512207031
2023-01-06,476.8555908203125
2023-01-09,484.4309387207031
2023-01-10,476.17132568359375
2023-01-11,472.212646484375
2023-01-12,472.79913330078125
2023-01-13,467.6185302734375
2023-01-16,470.15997314453125
2023-01-17,472.9945983886719
2023-01-18,476.12249755859375
2023-01-19,478.3706359863281
2023-01-20,476.4646301269531
2023-01-23,475.6337585449219
2023-01-24,469.1824951171875
2023-01-25,463.3665771484375
2023-01-27,455.5468444824219
2023-01-30,446.9940490722656
2023-01-31,459.4078674316406
2023-02-01,455.4980163574219
2023-02-02,446.9452209472656
2023-02-03,435.4599914550781
2023-02-06,420.4559326171875
2023-02-07,408.9707336425781
2023-02-08,405.9405822753906
2023-02-09,399.0006103515625
2023-02-10,398.2186279296875
2023-02-13,384.827392578125
2023-02-14,372.2669677734375
2023-02-15,368.8458251953125
2023-02-16,368.3082580566406
2023-02-17,371.045166015625
2023-02-20,361.1239013671875
2023-02-21,362.93218994140625
2023-02-22,370.2631530761719
2023-02-23,365.42474365234375
2023-02-24,367.868408203125
2023-02-27,365.6690979003906
2023-02-28,361.8570251464844
2023-03-01,362.0036315917969
2023-03-02,356.725341796875
2023-03-03,355.0147399902344
2023-03-06,358.09381103515625
2023-03-08,360.29302978515625
2023-03-09,358.3869934082031
2023-03-10,363.3232116699219
2023-03-13,353.9395446777344
2023-03-14,350.8605651855469
2023-03-15,357.89825439453125
2023-03-16,356.82305908203125
2023-03-17,358.338134765625
2023-03-20,362.78558349609375
2023-03-21,360.5862731933594
2023-03-22,360.6351623535156
2023-03-23,355.6011962890625
2023-03-24,350.32293701171875
2023-03-27,347.8303527832031
2023-03-28,344.8002624511719
2023-03-29,343.43182373046875
2023-03-31,346.3153076171875
2023-04-03,354.37939453125
2023-04-05,365.52252197265625
2023-04-06,371.2895202636719
2023-04-10,375.9324645996094
2023-04-11,371.43609619140625
2023-04-12,366.8909606933594
2023-04-13,368.1127624511719
2023-04-17,369.9699401855469
2023-04-18,368.9924621582031
2023-04-19,379.255859375
2023-04-20,372.4624938964844
2023-04-21,371.5339050292969
2023-04-24,366.59765625
2023-04-25,355.5523376464844
2023-04-26,360.7817687988281
2023-04-27,360.1952819824219
2023-04-28,361.5148620605469
2023-05-02,363.0299072265625
2023-05-03,363.3720703125
2023-05-04,364.05633544921875
2023-05-05,360.9772644042969
2023-05-08,360.3908386230469
2023-05-09,361.22161865234375
2023-05-10,357.4584045410156
2023-05-11,359.65771484375
2023-05-12,360.5862731933594
2023-05-15,359.9509582519531
2023-05-16,359.3155822753906
2023-05-17,353.2064514160156
2023-05-18,347.29278564453125
2023-05-19,348.8078918457031
2023-05-22,356.82305908203125
2023-05-23,356.43206787109375
2023-05-24,354.42828369140625
2023-05-25,356.52978515625
2023-05-26,353.6462707519531
2023-05-29,354.9170227050781
2023-05-30,355.7967224121094
2023-05-31,351.984619140625
2023-06-01,355.6011962890625
2023-06-02,356.7742004394531
2023-06-05,356.725341796875
2023-06-06,351.93572998046875
2023-06-07,353.841796875
2023-06-08,351.495849609375
2023-06-09,350.6650390625
2023-06-12,351.93572998046875
2023-06-13,352.57110595703125
2023-06-14,357.9959716796875
2023-06-15,360.4885559082031
2023-06-16,359.3155822753906
2023-06-19,360.6351623535156
2023-06-20,359.413330078125
2023-06-21,373.1466979980469
2023-06-22,377.447509765625
2023-06-23,376.2257080078125
2023-06-26,369.23687744140625
2023-06-27,369.7255859375
2023-06-28,369.9699401855469
2023-06-30,374.1730041503906
2023-07-03,372.120361328125
2023-07-04,372.3158264160156
2023-07-05,379.20697021484375
2023-07-06,376.6166687011719
2023-07-07,372.5602111816406
2023-07-10,369.7255859375
2023-07-11,372.4136047363281
2023-07-12,371.38726806640625
2023-07-13,367.868408203125
2023-07-14,375.71759033203125
2023-07-17,381.5689697265625
2023-07-18,392.8291931152344
2023-07-19,393.8126220703125
2023-07-20,401.6800231933594
2023-07-21,402.2209167480469
2023-07-24,391.452392578125
2023-07-25,370.2104187011719
2023-07-26,371.685546875
2023-07-27,363.1789245605469
2023-07-28,355.80322265625
2023-07-31,352.3612365722656
2023-08-01,357.5242004394531
2023-08-02,351.5744934082031
2023-08-03,354.3772888183594
2023-08-04,356.3441162109375
2023-08-07,354.0330505371094
2023-08-08,363.7198181152344
2023-08-09,363.8673095703125
2023-08-10,364.1131591796875
2023-08-11,366.3750305175781
2023-08-14,373.5540466308594
2023-08-16,373.6524353027344
2023-08-17,371.29217529296875
2023-08-18,368.5877380371094
2023-08-21,371.4397277832031
2023-08-22,373.11151123046875
2023-08-23,375.8651123046875
2023-08-24,375.6192626953125
2023-08-25,377.63525390625
2023-08-28,383.6341857910156
2023-08-29,384.666748046875
2023-08-30,383.5849914550781
2023-08-31,382.9949645996094
2023-09-01,387.2727966308594
2023-09-04,396.6153869628906
2023-09-05,400.5982666015625
2023-09-06,400.794921875
2023-09-07,404.33526611328125
2023-09-08,403.25347900390625
2023-09-11,408.9573974609375
2023-09-12,401.6800231933594
2023-09-13,406.5479431152344
2023-09-14,405.4170227050781
2023-09-15,400.4999084472656
2023-09-18,401.18829345703125
2023-09-20,395.8778076171875
2023-09-21,387.56787109375
2023-09-22,381.2247619628906
2023-09-25,385.7976989746094
2023-09-26,382.847412109375
2023-09-27,381.4706115722656
2023-09-28,374.8816833496094
2023-09-29,381.3231201171875
2023-10-03,381.7164611816406
2023-10-04,378.47119140625
2023-10-05,371.29217529296875
2023-10-06,363.6214599609375
2023-10-09,353.7872314453125
2023-10-10,346.3623962402344
2023-10-11,344.1988220214844
2023-10-12,348.6733703613281
2023-10-13,365.2441101074219
2023-10-16,384.5192565917969
2023-10-17,383.09326171875
2023-10-18,376.6026916503906
2023-10-19,374.48828125
2023-10-20,374.8816833496094
2023-10-23,362.8347473144531
2023-10-25,362.4413146972656
2023-10-26,349.7551574707031
2023-10-27,348.3292236328125
2023-10-30,344.3955078125
2023-10-31,344.0513000488281
2023-11-01,346.2148132324219
2023-11-02,344.3463439941406
2023-11-03,345.7231140136719
2023-11-06,357.868408203125
2023-11-07,358.50762939453125
2023-11-08,361.851318359375
2023-11-09,359.7369079589844
2023-11-10,353.1479797363281
2023-11-13,355.21319580078125
2023-11-15,354.8197937011719
2023-11-16,362.1463317871094
2023-11-17,360.4253234863281
2023-11-20,360.7203369140625
2023-11-21,362.1463317871094
2023-11-22,362.2938232421875
2023-11-23,355.21319580078125
2023-11-24,356.1966247558594
2023-11-28,353.39385986328125
2023-11-29,353.39385986328125
2023-11-30,352.4595642089844
2023-12-01,355.75408935546875
2023-12-04,359.2452087402344
2023-12-05,356.1966247558594
2023-12-06,353.98388671875
2023-12-07,353.9346923828125
2023-12-08,375.02923583984375
2023-12-11,371.1938781738281
2023-12-12,383.1424560546875
2023-12-13,380.536376953125
2023-12-14,391.1573791503906
2023-12-15,390.56732177734375
2023-12-18,395.7302551269531
2023-12-19,391.4032287597656
2023-12-20,376.6026916503906
2023-12-21,378.6186828613281
2023-12-22,382.6015319824219
2023-12-26,378.47119140625
2023-12-27,376.5043640136719
2023-12-28,376.3076477050781
2023-12-29,381.4214782714844
2024-01-01,384.9126281738281
2024-01-02,426.2656555175781
2024-01-03,437.2799987792969
2024-01-04,428.5766906738281
2024-01-05,440.47613525390625
2024-01-08,439.738525390625
2024-01-09,440.1811218261719
2024-01-10,441.1153564453125
2024-01-11,439.2960510253906
2024-01-12,430.6910705566406
2024-01-15,438.50927734375
2024-01-16,429.9535217285156
2024-01-17,430.29766845703125
2024-01-18,431.23193359375
2024-01-19,426.9048767089844
2024-01-23,409.7933044433594
2024-01-24,424.544677734375
2024-01-25,426.01983642578125
2024-01-29,430.29766845703125
2024-01-30,409.84246826171875
2024-01-31,406.5479431152344
2024-02-01,406.0071105957031
2024-02-02,397.15625
2024-02-05,393.1733703613281
2024-02-06,399.36895751953125
2024-02-07,396.5170593261719
2024-02-08,389.38720703125
2024-02-09,380.7330627441406
2024-02-12,370.0628662109375
2024-02-13,373.3081970214844
2024-02-14,369.0303039550781
2024-02-15,387.0761413574219
2024-02-16,381.6673278808594
2024-02-19,383.4866943359375
2024-02-20,394.9927062988281
2024-02-21,388.9938049316406
2024-02-22,383.4866943359375
2024-02-23,385.4043273925781
2024-02-26,398.13970947265625
2024-02-27,437.3291931152344
2024-02-28,419.4308166503906
2024-02-29,417.61151123046875
2024-03-01,429.658447265625
2024-03-04,421.98773193359375
2024-03-05,420.75848388671875
2024-03-06,411.5634460449219
2024-03-07,422.4794616699219
2024-03-11,413.23529052734375
2024-03-12,401.3358154296875
2024-03-13,388.0103759765625
2024-03-14,398.2380676269531
2024-03-15,411.6617736816406
2024-03-18,411.7109375
2024-03-19,408.5639953613281
2024-03-20,402.0242004394531
2024-03-21,403.49932861328125
2024-03-22,400.4507751464844
2024-03-26,402.8601379394531
2024-03-27,395.1894226074219
2024-03-28,402.07342529296875
2024-04-01,419.2341613769531
2024-04-02,421.3485412597656
2024-04-03,427.1507263183594
2024-04-04,426.1181335449219
2024-04-05,430.1501770019531
2024-04-08,462.3081970214844
2024-04-09,464.42254638671875
2024-04-10,458.96453857421875
2024-04-12,456.801025390625
2024-04-15,441.55792236328125
2024-04-16,442.04962158203125
2024-04-18,440.0827941894531
2024-04-19,447.1142578125
2024-04-22,435.9032287597656
2024-04-23,443.2789001464844
2024-04-24,458.7678527832031
2024-04-25,464.3241882324219
2024-04-26,463.9800109863281
2024-04-29,468.0612487792969
2024-04-30,463.48828125
2024-05-02,457.2435607910156
2024-05-03,455.6700439453125
2024-05-06,452.8672790527344
2024-05-07,436.83746337890625
2024-05-08,431.7236328125
2024-05-09,423.11871337890625
2024-05-10,426.41314697265625
2024-05-13,422.87286376953125
2024-05-14,433.8380126953125
2024-05-15,428.822509765625
2024-05-16,423.06951904296875
2024-05-17,433.1004638671875
2024-05-21,445.8358154296875
2024-05-22,439.64019775390625
2024-05-23,433.0021057128906
2024-05-24,433.88720703125
2024-05-27,432.313720703125
2024-05-28,424.9871826171875
2024-05-29,423.9054260253906
2024-05-30,429.2651062011719
2024-05-31,424.9380187988281
2024-06-03,430.3960266113281
2024-06-04,422.82366943359375
2024-06-05,423.51202392578125
2024-06-06,422.1844482421875
2024-06-07,436.7391357421875
2024-06-10,461.9639587402344
2024-06-11,457.1943664550781
2024-06-12,457.2926940917969
2024-06-13,455.0308532714844
2024-06-14,459.603759765625
2024-06-18,462.5048522949219
2024-06-19,462.6523742675781
2024-06-20,471.8966064453125
2024-06-21,468.2579040527344
2024-06-24,478.48553466796875
2024-06-25,482.4192199707031
2024-06-26,473.4700622558594
2024-06-27,481.5341796875
2024-06-28,516.347412109375
2024-07-01,528.9844360351562
2024-07-02,536.1634521484375
2024-07-03,528.5910034179688
2024-07-04,509.2175598144531
2024-07-05,511.626953125
2024-07-08,512.462890625
2024-07-09,520.1827392578125
2024-07-10,516.3965454101562
2024-07-11,529.9678344726562
2024-07-12,524.36962890625
2024-07-15,518.2464599609375
2024-07-16,527.8755493164062
2024-07-18,517.1600952148438
2024-07-19,506.34576416015625
2024-07-22,519.9746704101562
2024-07-23,511.3331604003906
2024-07-24,510.2962341308594
2024-07-25,508.91351318359375
2024-07-26,528.5175170898438
2024-07-29,524.0733032226562
2024-07-30,517.5056762695312
2024-07-31,507.8271789550781
2024-08-01,503.2841796875
2024-08-02,508.1728210449219
2024-08-05,478.7421569824219
2024-08-06,473.16217041015625
2024-08-07,484.8159484863281
2024-08-08,479.38409423828125
2024-08-09,481.5074462890625
2024-08-12,489.01324462890625
2024-08-13,472.8165283203125
2024-08-14,468.56982421875
2024-08-16,477.2607421875
2024-08-19,495.5314636230469
2024-08-20,489.9515075683594
2024-08-21,490.69219970703125
2024-08-22,505.9507141113281
2024-08-23,505.1606140136719
2024-08-26,495.03765869140625
2024-08-27,497.8523254394531
2024-08-28,487.28497314453125
2024-08-29,486.2479553222656
2024-08-30,491.9267272949219
2024-09-02,474.8410949707031
2024-09-03,473.35968017578125
2024-09-04,472.27337646484375
2024-09-05,471.6313781738281
2024-09-06,465.40948486328125
2024-09-09,454.4964294433594
2024-09-10,463.43426513671875
2024-09-11,463.2367248535156
2024-09-12,464.9650573730469
2024-09-13,463.2861328125
2024-09-16,474.6435852050781
2024-09-17,464.2737121582031
2024-09-18,461.36029052734375
2024-09-19,479.7791442871094
2024-09-20,495.03765869140625
2024-09-23,499.82757568359375
2024-09-24,493.0624694824219
2024-09-25,494.4944763183594
2024-09-26,492.1736145019531
2024-09-27,492.1242370605469
2024-09-30,474.8905029296875
2024-10-01,478.1002502441406
2024-10-03,477.85333251953125
2024-10-04,482.49505615234375
2024-10-07,467.38470458984375
2024-10-08,474.19915771484375
2024-10-09,483.1863708496094
2024-10-10,487.0380554199219
2024-10-11,494.54388427734375
2024-10-14,492.4698791503906
2024-10-15,488.766357421875
2024-10-16,492.2723693847656
2024-10-17,491.4822998046875
2024-10-18,481.606201171875
2024-10-21,485.3097229003906
2024-10-22,458.99005126953125
2024-10-23,438.54656982421875
2024-10-24,420.7696838378906
2024-10-25,404.3260192871094
2024-10-28,406.74566650390625
2024-10-29,404.7210693359375
2024-10-30,404.67169189453125
2024-10-31,405.06671142578125
2024-11-01,412.1280822753906
2024-11-04,407.5357360839844
2024-11-05,402.59771728515625
2024-11-06,405.90618896484375
2024-11-07,408.8690185546875
2024-11-08,394.59808349609375
2024-11-11,397.01776123046875
2024-11-12,397.85723876953125
2024-11-13,388.3268127441406
2024-11-14,386.894775390625
2024-11-18,385.018310546875
2024-11-19,397.3634033203125
2024-11-21,384.9195556640625
2024-11-22,383.9813232421875
2024-11-25,385.2652282714844
2024-11-26,384.4751281738281
2024-11-27,380.22845458984375
2024-11-28,382.99371337890625
2024-11-29,378.1544494628906
2024-12-02,380.32720947265625
2024-12-03,384.1788635253906
2024-12-04,385.3145751953125
2024-12-05,380.8210144042969
2024-12-06,383.2900390625
2024-12-09,382.25299072265625
2024-12-10,375.83355712890625
2024-12-11,383.5863037109375
2024-12-12,377.9075622558594
2024-12-13,382.25299072265625
2024-12-16,384.2282409667969
2024-12-17,379.9321594238281
2024-12-18,379.3889465332031
2024-12-19,375.83355712890625
2024-12-20,370.4511413574219
2024-12-23,366.500732421875
2024-12-24,367.3401794433594
2024-12-26,375.33978271484375
2024-12-27,379.8827819824219
2024-12-30,375.2904052734375
2024-12-31,375.43853759765625
2025-01-01,379.339599609375
2025-01-02,381.3147888183594
2025-01-03,380.6728515625
2025-01-06,367.9821472167969
2025-01-07,369.11785888671875
2025-01-08,366.4513244628906
2025-01-09,364.3279724121094
2025-01-10,359.78497314453125
2025-01-13,349.41510009765625
2025-01-14,352.4766845703125
2025-01-15,354.00750732421875
2025-01-16,359.58746337890625
2025-01-17,360.42694091796875
2025-01-20,366.6982116699219
2025-01-21,363.0934753417969
2025-01-22,357.1678161621094
2025-01-23,360.1800231933594
2025-01-24,354.2544250488281
2025-01-27,357.9579162597656
2025-01-28,349.6126403808594
2025-01-29,355.39013671875
2025-01-30,351.6866149902344
2025-01-31,364.8217468261719
2025-02-01,366.20440673828125
2025-02-03,362.1552429199219
2025-02-04,362.4515075683594
2025-02-05,357.31597900390625
2025-02-06,365.16741943359375
2025-02-07,361.9577331542969
2025-02-10,350.9952697753906
2025-02-11,343.68701171875
2025-02-12,334.452880859375
2025-02-13,332.1319885253906
2025-02-14,316.3302917480469
2025-02-17,301.1705627441406
2025-02-18,277.4186096191406
2025-02-19,284.1343688964844
2025-02-20,280.0357666015625
2025-02-21,275.7890625
2025-02-24,273.0731506347656
2025-02-25,267.690673828125
2025-02-27,259.1972961425781
2025-02-28,245.22265625
2025-03-03,241.97341918945312
2025-03-04,239.4550323486328
2025-03-05,251.859375
2025-03-06,253.91358947753906
2025-03-07,267.46356201171875
2025-03-10,258.1504211425781
2025-03-11,248.13607788085938
2025-03-12,242.48696899414062
2025-03-13,248.02745056152344
2025-03-17,250.86187744140625
2025-03-18,250.86187744140625
2025-03-19,266.4265441894531
2025-03-20,260.7576904296875
2025-03-21,265.27105712890625
2025-03-24,263.4834899902344
2025-03-25,261.1033630371094
2025-03-26,261.8539733886719
2025-03-27,262.4662780761719
2025-03-28,258.3578186035156
2025-04-01,262.9501647949219
2025-04-02,264.7278747558594
2025-04-03,273.27069091796875
2025-04-04,267.54254150390625
2025-04-07,260.530517578125
2025-04-08,267.3450622558594
2025-04-09,262.6045227050781
2025-04-11,269.1720886230469
2025-04-15,283.93682861328125
2025-04-16,287.294677734375
2025-04-17,294.5535888671875
2025-04-21,303.63958740234375
2025-04-22,312.182373046875
2025-04-23,309.0714111328125
2025-04-24,313.46624755859375
2025-04-25,299.5409851074219
2025-04-28,300.3804626464844
2025-04-29,301.96063232421875
2025-04-30,298.997802734375
2025-05-02,292.03521728515625
2025-05-05,299.5409851074219
2025-05-06,290.6031494140625
2025-05-07,292.4796142578125
2025-05-08,285.9613952636719
2025-05-09,284.0849304199219
2025-05-12,303.4420471191406
2025-05-13,300.6767578125
2025-05-14,308.47882080078125
2025-05-15,314.50323486328125
2025-05-16,324.6261901855469
2025-05-19,326.7001647949219
2025-05-20,318.84869384765625
2025-05-21,314.70074462890625
2025-05-22,318.65118408203125
2025-05-23,318.74993896484375
2025-05-26,318.35491943359375
2025-05-27,316.5771789550781
2025-05-28,317.66357421875
2025-05-29,312.7749328613281
2025-05-30,315.39208984375
2025-06-02,317.0710144042969
2025-06-03,320.0832214355469
2025-06-04,322.947265625
2025-06-05,322.0584411621094
2025-06-06,324.8236999511719
2025-06-09,331.1443786621094
2025-06-10,343.3413391113281
2025-06-11,342.6500244140625
2025-06-12,339.9341125488281
2025-06-13,334.8973083496094
2025-06-16,330.5518493652344
2025-06-17,325.8607177734375
2025-06-18,321.8115234375
2025-06-19,316.52783203125
2025-06-20,321.0708312988281
2025-06-23,318.1573486328125
2025-06-24,325.21875
2025-06-25,334.2059631347656
2025-06-26,333.1689758300781
2025-06-27,332.8726806640625
2025-06-30,332.181396484375
2025-07-01,341.3661193847656
2025-07-02,337.4156799316406
2025-07-03,342.89691162109375
2025-07-04,348.82257080078125
2025-07-07,350.9952697753906
2025-07-08,362.4021301269531
2025-07-09,375.7348327636719
2025-07-10,375.24102783203125
2025-07-11,376.4149169921875
2025-07-14,346.8681640625
2025-07-15,346.00677490234375
2025-07-16,353.3965759277344
2025-07-17,375.0673828125
2025-07-18,373.707275390625
2025-07-21,364.095947265625
2025-07-22,369.62701416015625
2025-07-23,355.79827880859375
2025-07-24,355.301513671875
2025-07-25,347.9987487792969
2025-07-28,351.6252746582031
2025-07-29,344.5708923339844
2025-07-30,347.70068359375
2025-07-31,333.8899841308594
2025-08-01,325.3453063964844
2025-08-04,319.4831848144531
2025-08-05,312.8262939453125
2025-08-06,310.8391418457031
2025-08-07,315.657958984375
2025-08-08,319.9303283691406
2025-08-11,330.21380615234375
2025-08-12,325.8917541503906
2025-08-13,332.200927734375
2025-08-14,320.1787109375
2025-08-18,322.46392822265625
2025-08-19,325.9911193847656
2025-08-20,319.33416748046875
2025-08-21,323.159423828125
2025-08-22,325.0968933105469
2025-08-25,324.3020324707031
2025-08-26,319.7812805175781
2025-08-28,312.0314025878906
2025-08-29,314.81341552734375
2025-09-01,314.416015625
2025-09-02,319.2845153808594
2025-09-03,317.84381103515625
2025-09-04,318.0921936035156
2025-09-05,318.638671875
2025-09-08,318.9864196777344
2025-09-09,320.82452392578125
2025-09-10,326.3885498046875
2025-09-11,327.1833801269531
2025-09-12,332.7474060058594
2025-09-15,348.6445617675781
2025-09-16,348.9923095703125
2025-09-17,353.1653137207031
2025-09-18,357.08990478515625
2025-09-19,360.51776123046875
2025-09-22,361.7597351074219
2025-09-23,356.8415222167969
2025-09-24,351.27752685546875
2025-09-25,353.7117919921875
2025-09-26,343.0308837890625
2025-09-29,343.0805358886719
2025-09-30,341.9876403808594
2025-10-01,345.9619140625
2025-10-03,350.3336486816406
2025-10-06,347.402587890625
2025-10-07,356.8912353515625
2025-10-08,355.84796142578125
2025-10-09,355.2021484375
2025-10-10,349.2903747558594
2025-10-13,349.93621826171875
2025-10-14,347.30322265625
2025-10-15,345.5148010253906
2025-10-16,348.7935791015625
2025-10-17,344.521240234375
2025-10-20,361.4616394042969
2025-10-21,362.3558654785156
2025-10-23,360.5674133300781
2025-10-24,354.00982666015625
2025-10-27,351.6749572753906
2025-10-28,343.57733154296875
2025-10-29,354.10919189453125
2025-10-30,361.5610046386719
2025-10-31,351.9233703613281
2025-11-03,338.46044921875
2025-11-04,341.9876403808594
2025-11-06,338.85784912109375
2025-11-07,339.7521057128906
2025-11-10,336.2248840332031
2025-11-11,330.21380615234375
2025-11-12,336.92041015625
2025-11-13,335.2313232421875
2025-11-14,338.5101318359375
2025-11-17,332.7970886230469
2025-11-18,325.44464111328125
2025-11-19,328.42535400390625
2025-11-20,327.1833801269531
2025-11-21,319.0857849121094
2025-11-24,313.57147216796875
2025-11-25,318.3902893066406
2025-11-26,324.4013977050781
2025-11-27,323.80523681640625
2025-11-28,322.8613586425781
2025-12-01,323.159423828125
2025-12-02,317.396728515625
2025-12-03,315.5089111328125
2025-12-04,316.8999328613281
2025-12-05,312.5281982421875
2025-12-08,303.536376953125
2025-12-09,323.5071716308594
2025-12-10,323.5071716308594
2025-12-11,319.8806457519531
2025-12-12,321.12261962890625
2025-12-15,319.9303283691406
2025-12-16,316.45281982421875
2025-12-17,311.93206787109375
2025-12-18,311.88238525390625
2025-12-19,313.02496337890625
2025-12-22,320.37744140625
2025-12-23,328.6737365722656
2025-12-24,326.5375671386719
2025-12-26,320.5761413574219
2025-12-29,317.2476501464844
2025-12-30,315.4095764160156
2025-12-31,314.5650329589844
2026-01-01,317.4960632324219
2026-01-02,315.1114807128906
2026-01-05,313.9192199707031
2026-01-06,313.02496337890625
2026-01-07,315.9063720703125
2026-01-08,309.1003723144531
2026-01-09,305.77191162109375
2026-01-12,303.3873291015625
2026-01-13,301.5492248535156
2026-01-14,303.0892639160156
2026-01-15,303.0892639160156
2026-01-16,297.7736511230469
2026-01-19,294.1968078613281
2026-01-20,277.7531433105469
2026-01-21,281.2803649902344
2026-01-22,289.5270080566406
2026-01-23,288.4340515136719
2026-01-27,293.50128173828125
2026-01-28,337.36749267578125
2026-01-29,342.3353576660156
2026-01-30,358.381591796875
2026-02-02,363.9952697753906
2026-02-03,359.62353515625
2026-02-04,353.9104919433594
2026-02-05,361.0145568847656
2026-02-06,360.31903076171875
2026-02-09,372.1425476074219
2026-02-10,396.1373291015625
2026-02-11,409.947998046875
2026-02-12,407.16595458984375
2026-02-13,399.76385498046875
2026-02-16,400.9561462402344
2026-02-17,420.3804931640625
2026-02-18,423.1128234863281
2026-02-19,403.4400634765625
2026-02-20,412.28289794921875
2026-02-23,411.7861022949219
2026-02-24,403.1916809082031
2026-02-25,398.6709289550781
2026-02-26,405.228515625
2026-02-27,411.090576171875
2026-03-02,397.1805725097656
2026-03-04,383.966064453125
2026-03-05,387.69195556640625
2026-03-06,389.5797424316406
2026-03-09,388.0893859863281
2026-03-10,394.547607421875
2026-03-11,392.41143798828125
2026-03-12,395.6405334472656
2026-03-13,366.47918701171875
2026-03-16,373.2354736328125
2026-03-17,372.8380432128906
2026-03-18,379.5446472167969
2026-03-19,355.40087890625
2026-03-20,363.3494567871094
2026-03-23,346.75677490234375
2026-03-24,356.7421569824219
2026-03-25,367.77081298828125
2026-03-27,346.65740966796875
2026-03-30,330.660888671875
2026-04-01,346.1606140136719
2026-04-02,345.7135314941406
2026-04-06,356.1957092285156
2026-04-07,352.61883544921875
2026-04-08,379.4453125
2026-04-09,379.1472473144531
2026-04-10,385.2080383300781
2026-04-13,386.847412109375
2026-04-15,406.7188720703125
2026-04-16,415.909423828125
2026-04-17,428.82586669921875
2026-04-20,429.571044921875
2026-04-21,423.2121887207031
2026-04-22,431.90594482421875
2026-04-23,439.8545227050781
2026-04-24,403.5394287109375
2026-04-27,408.30859375
2026-04-28,407.46405029296875
2026-04-29,406.4207763671875
2026-04-30,400.9064636230469
2026-05-01,400.9064636230469
2026-05-04,410.0473327636719
2026-05-05,391.7159118652344
2026-05-06,395.29278564453125
2026-05-07,398.27349853515625
2026-05-08,394.5972900390625
2026-05-11,382.624755859375
2026-05-12,372.44061279296875
2026-05-13,370.00634765625
2026-05-14,363.9952697753906
2026-05-15,358.72930908203125
2026-05-18,358.0338134765625
2026-05-19,353.8111572265625
2026-05-20,352.221435546875
2026-05-21,353.562744140625
2026-05-22,352.022705078125
2026-05-25,354.5066223144531
2026-05-26,351.5259094238281
2026-05-27,346.75677490234375
2026-05-28,346.75677490234375
2026-05-29,339.9508056640625
2026-06-01,345.16705322265625
2026-06-02,346.3593444824219
2026-06-03,348.14776611328125
2026-06-04,344.7696228027344
2026-06-05,346.70709228515625
2026-06-08,335.7778015136719
2026-06-09,343.0805358886719
2026-06-10,336.27459716796875
2026-06-11,329.96539306640625
2026-06-12,335.5294189453125
2026-06-15,345.9619140625
2026-06-16,342.38507080078125
2026-06-17,342.782470703125
2026-06-18,352.2710876464844
2026-06-19,352.6685485839844
2026-06-22,367.2740478515625
2026-06-23,381.1343688964844
2026-06-24,374.8748474121094
2026-06-25,365.6346435546875
2026-06-26,365.6346435546875
2026-06-29,370.00634765625
2026-06-30,371.4967346191406
2026-07-01,369.0127868652344
2026-07-02,383.9163818359375
2026-07-03,392.0636901855469
2026-07-06,396.73345947265625
2026-07-07,389.4803771972656
2026-07-08,380.04144287109375
2026-07-09,386.45001220703125
2026-07-10,387.20001220703125
2026-07-13,382.75
2026-07-14,393.70001220703125
2026-07-15,388.3999938964844
2026-07-16,388.6499938964844
2026-07-17,387.3500061035156
2026-07-20,393.04998779296875
2026-07-21,391.1499938964844
2026-07-22,402.1499938964844
2026-07-23,391.8500061035156
2026-07-24,416.3500061035156
2026-07-27,419.1000061035156
2026-07-28,410.3999938964844
2026-07-29,409.45001220703125
2026-07-30,402.6499938964844
2026-07-31,409.5
2026-08-03,416.29998779296875
2026-08-04,421.0
2026-08-05,413.5
2026-08-06,413.8999938964844
2026-08-07,402.70001220703125
2026-08-10,411.3500061035156
2026-08-11,409.3500061035156
2026-08-12,406.95001220703125
2026-08-13,406.0
2026-08-14,405.5
2026-08-17,404.95001220703125
2026-08-18,404.54998779296875
2026-08-19,406.25
2026-08-20,406.6499938964844
2026-08-21,401.1499938964844
2026-08-24,403.1000061035156
2026-08-25,399.70001220703125
2026-08-26,399.3999938964844
2026-08-27,391.6000061035156
2026-08-28,392.75
2026-08-31,391.45001220703125
2026-09-01,387.20001220703125
2026-09-02,392.45001220703125
2026-09-03,400.29998779296875
2026-09-04,405.3500061035156
2026-09-07,403.20001220703125
2026-09-08,408.8500061035156
2026-09-09,401.75
2026-09-10,400.1000061035156
2026-09-11,397.20001220703125
2026-09-14,397.20001220703125
2026-09-15,387.25
2026-09-16,386.79998779296875
2026-09-18,392.75
2026-09-21,399.25
