Date,MASFIN
2017-10-18,206.94017028808594
2017-10-19,206.94017028808594
2017-10-23,213.34381103515625
2017-10-24,211.87335205078125
2017-10-25,207.2880401611328
2017-10-26,208.7584991455078
2017-10-27,211.4148406982422
2017-10-30,208.47386169433594
2017-10-31,201.40615844726562
2017-11-01,208.15768432617188
2017-11-02,204.22059631347656
2017-11-03,203.0189208984375
2017-11-06,200.9634552001953
2017-11-07,195.99867248535156
2017-11-08,192.156494140625
2017-11-09,187.44467163085938
2017-11-10,183.4127655029297
2017-11-13,184.31398010253906
2017-11-14,192.97865295410156
2017-11-15,186.11654663085938
2017-11-16,186.4801788330078
2017-11-17,186.92404174804688
2017-11-20,186.74964904785156
2017-11-21,188.223876953125
2017-11-22,194.73892211914062
2017-11-23,194.70724487304688
2017-11-24,196.54605102539062
2017-11-27,195.4205780029297
2017-11-28,195.84854125976562
2017-11-29,205.97784423828125
2017-11-30,205.04258728027344
2017-12-01,202.79164123535156
2017-12-04,198.8128662109375
2017-12-05,206.31072998046875
2017-12-06,201.82467651367188
2017-12-07,202.4904327392578
2017-12-08,201.808837890625
2017-12-11,202.75994873046875
2017-12-12,194.80233764648438
2017-12-13,196.244873046875
2017-12-14,205.97784423828125
2017-12-15,202.07830810546875
2017-12-18,203.28305053710938
2017-12-19,203.48912048339844
2017-12-20,200.3029327392578
2017-12-21,199.1457061767578
2017-12-22,199.55787658691406
2017-12-26,197.52883911132812
2017-12-27,197.49717712402344
2017-12-28,198.16294860839844
2017-12-29,198.70188903808594
2018-01-01,198.2421875
2018-01-02,195.0877227783203
2018-01-03,194.70724487304688
2018-01-04,192.9318389892578
2018-01-05,193.13792419433594
2018-01-08,194.025634765625
2018-01-09,197.32278442382812
2018-01-10,198.84454345703125
2018-01-11,198.5116729736328
2018-01-12,204.7414093017578
2018-01-15,202.06246948242188
2018-01-16,197.6081085205078
2018-01-17,198.03607177734375
2018-01-18,197.6081085205078
2018-01-19,198.47994995117188
2018-01-22,202.4904327392578
2018-01-23,205.26451110839844
2018-01-24,203.93299865722656
2018-01-25,201.15890502929688
2018-01-29,202.9659881591797
2018-01-30,202.4112091064453
2018-01-31,199.3834991455078
2018-02-01,202.55386352539062
2018-02-02,195.94369506835938
2018-02-05,198.1470947265625
2018-02-06,192.53553771972656
2018-02-07,188.88961791992188
2018-02-08,189.999267578125
2018-02-09,194.92918395996094
2018-02-12,193.42324829101562
2018-02-14,196.3082275390625
2018-02-15,195.0559539794922
2018-02-16,195.43643188476562
2018-02-19,194.46946716308594
2018-02-20,195.81686401367188
2018-02-21,191.2198486328125
2018-02-22,190.47482299804688
2018-02-23,190.53819274902344
2018-02-26,190.17359924316406
2018-02-27,190.12606811523438
2018-02-28,188.01780700683594
2018-03-01,188.85792541503906
2018-03-05,187.35205078125
2018-03-06,187.19351196289062
2018-03-07,186.28994750976562
2018-03-08,187.06671142578125
2018-03-09,186.0204620361328
2018-03-12,183.76953125
2018-03-13,181.70880126953125
2018-03-14,180.42478942871094
2018-03-15,183.9121856689453
2018-03-16,181.1539764404297
2018-03-19,177.96778869628906
2018-03-20,176.57284545898438
2018-03-21,177.8726348876953
2018-03-22,179.31520080566406
2018-03-23,180.0126495361328
2018-03-26,182.42208862304688
2018-03-27,187.0825653076172
2018-03-28,188.01780700683594
2018-04-02,191.5052032470703
2018-04-03,191.8222198486328
2018-04-04,190.26876831054688
2018-04-05,195.18275451660156
2018-04-06,195.9595489501953
2018-04-09,196.2131805419922
2018-04-10,196.62530517578125
2018-04-11,195.18275451660156
2018-04-12,194.81820678710938
2018-04-13,192.44044494628906
2018-04-16,191.4259033203125
2018-04-17,191.04550170898438
2018-04-18,193.106201171875
2018-04-19,194.1524200439453
2018-04-20,194.5803985595703
2018-04-23,192.5989532470703
2018-04-24,195.9119873046875
2018-04-25,196.6411590576172
2018-04-26,197.25936889648438
2018-04-27,199.6688232421875
2018-04-30,198.4324188232422
2018-05-02,194.77069091796875
2018-05-03,196.6094512939453
2018-05-04,200.09683227539062
2018-05-07,196.79969787597656
2018-05-08,196.57777404785156
2018-05-09,193.4866485595703
2018-05-10,195.78515625
2018-05-11,197.6873779296875
2018-05-14,193.89878845214844
2018-05-15,189.33351135253906
2018-05-16,191.67953491210938
2018-05-17,190.11024475097656
2018-05-18,188.47750854492188
2018-05-21,185.2437286376953
2018-05-22,187.01910400390625
2018-05-23,186.81304931640625
2018-05-24,187.00331115722656
2018-05-25,189.42860412597656
2018-05-28,186.97158813476562
2018-05-29,183.8804931640625
2018-05-30,185.97296142578125
2018-05-31,192.8525848388672
2018-06-01,189.0006103515625
2018-06-04,190.1419219970703
2018-06-05,189.82489013671875
2018-06-06,189.55545043945312
2018-06-07,190.53819274902344
2018-06-08,189.34933471679688
2018-06-11,187.78004455566406
2018-06-12,188.04949951171875
2018-06-13,185.47531127929688
2018-06-14,184.6479949951172
2018-06-15,184.47300720214844
2018-06-18,184.55255126953125
2018-06-19,183.7888641357422
2018-06-20,185.45938110351562
2018-06-21,183.05706787109375
2018-06-22,185.1571044921875
2018-06-25,188.1322479248047
2018-06-26,184.6161651611328
2018-06-27,182.0706329345703
2018-06-28,179.2705078125
2018-06-29,176.3749542236328
2018-07-02,181.08421325683594
2018-07-03,179.2864227294922
2018-07-04,177.536376953125
2018-07-05,175.70672607421875
2018-07-06,176.58180236816406
2018-07-09,176.59768676757812
2018-07-10,178.9205322265625
2018-07-11,182.2615203857422
2018-07-12,185.93670654296875
2018-07-13,183.8365936279297
2018-07-16,177.71136474609375
2018-07-17,177.26588439941406
2018-07-18,176.34315490722656
2018-07-19,175.00668334960938
2018-07-20,175.00668334960938
2018-07-23,179.54098510742188
2018-07-24,179.84324645996094
2018-07-25,179.1273193359375
2018-07-26,179.1273193359375
2018-07-27,179.82733154296875
2018-07-30,181.8319854736328
2018-07-31,183.104736328125
2018-08-01,178.69773864746094
2018-08-02,177.85458374023438
2018-08-03,178.1886444091797
2018-08-06,177.55226135253906
2018-08-07,181.29104614257812
2018-08-08,180.65467834472656
2018-08-09,179.55691528320312
2018-08-10,180.7819061279297
2018-08-13,185.7616729736328
2018-08-14,183.5661163330078
2018-08-16,179.81146240234375
2018-08-17,183.3592987060547
2018-08-20,179.74783325195312
2018-08-21,181.3228759765625
2018-08-23,178.79322814941406
2018-08-24,177.45680236816406
2018-08-27,189.1504364013672
2018-08-28,196.42115783691406
2018-08-29,195.49839782714844
2018-08-30,191.2664337158203
2018-08-31,192.66647338867188
2018-09-03,193.76426696777344
2018-09-04,193.52560424804688
2018-09-05,192.93695068359375
2018-09-06,194.8302001953125
2018-09-07,193.4937744140625
2018-09-10,191.61647033691406
2018-09-11,185.25257873535156
2018-09-12,185.9525909423828
2018-09-14,179.84324645996094
2018-09-17,179.8909912109375
2018-09-18,177.05908203125
2018-09-19,172.41342163085938
2018-09-21,169.8201446533203
2018-09-24,167.6564483642578
2018-09-25,172.31797790527344
2018-09-26,172.36569213867188
2018-09-27,164.15628051757812
2018-09-28,166.5586700439453
2018-10-01,157.45831298828125
2018-10-03,163.13809204101562
2018-10-04,159.43113708496094
2018-10-05,157.06057739257812
2018-10-08,150.01258850097656
2018-10-09,146.44883728027344
2018-10-10,149.2012176513672
2018-10-11,148.67617797851562
2018-10-12,155.26278686523438
2018-10-15,158.12652587890625
2018-10-16,159.82884216308594
2018-10-17,153.75137329101562
2018-10-19,143.82371520996094
2018-10-22,122.85472106933594
2018-10-23,125.82980346679688
2018-10-24,129.95042419433594
2018-10-25,131.11183166503906
2018-10-26,132.20960998535156
2018-10-29,136.66433715820312
2018-10-30,137.71438598632812
2018-10-31,143.80780029296875
2018-11-01,151.87399291992188
2018-11-02,159.36746215820312
2018-11-05,158.28561401367188
2018-11-06,158.9856719970703
2018-11-07,158.79473876953125
2018-11-09,156.67874145507812
2018-11-12,165.1268310546875
2018-11-13,167.35415649414062
2018-11-14,169.9156036376953
2018-11-15,174.87945556640625
2018-11-16,176.07264709472656
2018-11-19,174.3385009765625
2018-11-20,175.99769592285156
2018-11-21,173.6365509033203
2018-11-22,178.18325805664062
2018-11-26,174.6735076904297
2018-11-27,170.3182373046875
2018-11-28,168.1326446533203
2018-11-29,165.77154541015625
2018-11-30,169.77586364746094
2018-12-03,173.62059020996094
2018-12-04,171.06808471679688
2018-12-05,174.49807739257812
2018-12-06,167.33502197265625
2018-12-07,168.4197998046875
2018-12-10,162.97970581054688
2018-12-11,167.6540069580078
2018-12-12,181.35800170898438
2018-12-13,184.83584594726562
2018-12-14,186.00042724609375
2018-12-17,184.22959899902344
2018-12-18,181.94825744628906
2018-12-19,179.63502502441406
2018-12-20,179.41168212890625
2018-12-21,182.09188842773438
2018-12-24,187.45216369628906
2018-12-26,180.59225463867188
2018-12-27,180.60818481445312
2018-12-28,186.43115234375
2018-12-31,191.24911499023438
2019-01-01,184.13388061523438
2019-01-02,181.10276794433594
2019-01-03,180.2572021484375
2019-01-04,177.09841918945312
2019-01-07,177.1462860107422
2019-01-08,175.05641174316406
2019-01-09,172.1050262451172
2019-01-10,171.24354553222656
2019-01-11,171.08401489257812
2019-01-14,172.9984130859375
2019-01-15,174.33851623535156
2019-01-16,175.9497833251953
2019-01-17,178.03968811035156
2019-01-18,175.4074249267578
2019-01-21,178.3906707763672
2019-01-22,175.47119140625
2019-01-23,173.66848754882812
2019-01-24,171.19570922851562
2019-01-25,169.9353790283203
2019-01-28,168.2762451171875
2019-01-29,172.2007293701172
2019-01-30,170.8606719970703
2019-01-31,168.59527587890625
2019-02-01,166.28204345703125
2019-02-04,166.66493225097656
2019-02-05,167.36688232421875
2019-02-06,171.5626220703125
2019-02-07,179.23619079589844
2019-02-08,174.45018005371094
2019-02-11,171.8338165283203
2019-02-12,170.98831176757812
2019-02-14,164.3357391357422
2019-02-15,166.56922912597656
2019-02-18,167.7338104248047
2019-02-19,165.9789276123047
2019-02-20,163.18707275390625
2019-02-21,171.25950622558594
2019-02-22,172.56765747070312
2019-02-25,172.39219665527344
2019-02-26,174.5299530029297
2019-02-27,175.008544921875
2019-02-28,175.23191833496094
2019-03-01,173.6046600341797
2019-03-05,171.1318817138672
2019-03-06,174.3544921875
2019-03-07,177.8641815185547
2019-03-08,178.02374267578125
2019-03-11,170.11085510253906
2019-03-12,171.211669921875
2019-03-13,169.9832305908203
2019-03-14,171.41905212402344
2019-03-15,178.58212280273438
2019-03-18,177.05056762695312
2019-03-19,178.18325805664062
2019-03-20,174.91285705566406
2019-03-22,171.41905212402344
2019-03-25,174.97662353515625
2019-03-26,179.491455078125
2019-03-27,178.8373565673828
2019-03-28,179.01283264160156
2019-04-01,189.7015838623047
2019-04-02,187.7393341064453
2019-04-03,186.09616088867188
2019-04-04,187.19692993164062
2019-04-05,187.2288360595703
2019-04-08,189.6856689453125
2019-04-09,191.90316772460938
2019-04-10,194.9183807373047
2019-04-11,189.38259887695312
2019-04-12,190.08447265625
2019-04-15,188.5689239501953
2019-04-16,190.51524353027344
2019-04-18,191.2012176513672
2019-04-22,191.1214599609375
2019-04-23,191.07362365722656
2019-04-24,191.3926239013672
2019-04-25,191.32882690429688
2019-04-26,189.8611602783203
2019-04-30,190.65884399414062
2019-05-02,187.29261779785156
2019-05-03,186.11212158203125
2019-05-06,181.72491455078125
2019-05-07,181.48565673828125
2019-05-08,178.5342254638672
2019-05-09,172.42413330078125
2019-05-10,170.7170867919922
2019-05-13,165.94700622558594
2019-05-14,171.5785675048828
2019-05-15,171.67431640625
2019-05-16,169.0260009765625
2019-05-17,166.36178588867188
2019-05-20,172.6634063720703
2019-05-21,172.34434509277344
2019-05-22,170.477783203125
2019-05-23,170.03109741210938
2019-05-24,174.96067810058594
2019-05-27,174.7532958984375
2019-05-28,172.12098693847656
2019-05-29,172.2964630126953
2019-05-30,171.6583251953125
2019-05-31,169.36105346679688
2019-06-03,170.70111083984375
2019-06-04,187.21286010742188
2019-06-06,191.9669952392578
2019-06-07,192.3817901611328
2019-06-10,191.61599731445312
2019-06-11,198.98646545410156
2019-06-12,200.58181762695312
2019-06-13,194.85455322265625
2019-06-14,191.1693115234375
2019-06-17,187.86697387695312
2019-06-18,197.0002899169922
2019-06-19,194.2715301513672
2019-06-20,195.44329833984375
2019-06-21,192.28114318847656
2019-06-24,191.18960571289062
2019-06-25,191.91195678710938
2019-06-26,189.84129333496094
2019-06-27,191.59092712402344
2019-06-28,195.94088745117188
2019-07-01,196.6632080078125
2019-07-02,197.0002899169922
2019-07-03,196.37425231933594
2019-07-04,197.20895385742188
2019-07-05,195.90878295898438
2019-07-08,185.52345275878906
2019-07-09,183.01939392089844
2019-07-10,183.00335693359375
2019-07-11,193.0997772216797
2019-07-12,196.00506591796875
2019-07-15,191.0291290283203
2019-07-16,192.5540008544922
2019-07-17,195.42724609375
2019-07-18,191.43040466308594
2019-07-19,188.71768188476562
2019-07-22,185.0579376220703
2019-07-23,184.09486389160156
2019-07-24,183.54910278320312
2019-07-25,190.6599578857422
2019-07-26,200.94895935058594
2019-07-29,198.58938598632812
2019-07-30,192.65032958984375
2019-07-31,188.54115295410156
2019-08-01,189.5363311767578
2019-08-02,192.4576873779297
2019-08-05,187.81881713867188
2019-08-06,189.2473907470703
2019-08-07,194.22337341308594
2019-08-08,192.6021728515625
2019-08-09,196.21377563476562
2019-08-13,198.156005859375
2019-08-14,198.97462463378906
2019-08-16,197.9312744140625
2019-08-19,196.2940216064453
2019-08-20,198.9585723876953
2019-08-21,195.79641723632812
2019-08-22,195.07411193847656
2019-08-23,191.89588928222656
2019-08-26,196.53480529785156
2019-08-27,190.22654724121094
2019-08-28,188.0595703125
2019-08-29,188.18797302246094
2019-08-30,187.99539184570312
2019-09-03,191.83172607421875
2019-09-04,192.65032958984375
2019-09-05,199.6808624267578
2019-09-06,198.55731201171875
2019-09-09,196.245849609375
2019-09-11,197.81890869140625
2019-09-12,200.3389892578125
2019-09-13,198.9425048828125
2019-09-16,206.69541931152344
2019-09-17,210.05020141601562
2019-09-18,210.53172302246094
2019-09-19,202.4899139404297
2019-09-20,211.76768493652344
2019-09-23,221.6072998046875
2019-09-24,227.0647735595703
2019-09-25,218.5093231201172
2019-09-26,224.35208129882812
2019-09-27,224.9459991455078
2019-09-30,221.52700805664062
2019-10-01,230.8047637939453
2019-10-03,226.35850524902344
2019-10-04,224.89784240722656
2019-10-07,218.81431579589844
2019-10-09,225.82879638671875
2019-10-10,224.67312622070312
2019-10-11,223.80633544921875
2019-10-14,224.30392456054688
2019-10-15,223.61370849609375
2019-10-16,221.7838134765625
2019-10-17,215.84475708007812
2019-10-18,213.67779541015625
2019-10-22,218.46116638183594
2019-10-23,234.96214294433594
2019-10-24,235.79678344726562
2019-10-25,233.7582550048828
2019-10-27,235.36343383789062
2019-10-29,233.77432250976562
2019-10-30,234.44851684570312
2019-10-31,232.0568084716797
2019-11-01,230.3713836669922
2019-11-04,233.0680694580078
2019-11-05,227.11293029785156
2019-11-06,229.1675262451172
2019-11-07,228.41311645507812
2019-11-08,231.52708435058594
2019-11-11,232.24942016601562
2019-11-13,227.9957733154297
2019-11-14,231.27024841308594
2019-11-15,230.91714477539062
2019-11-18,228.3167724609375
2019-11-19,232.44204711914062
2019-11-20,232.5865020751953
2019-11-21,232.31288146972656
2019-11-22,230.46185302734375
2019-11-25,229.5765838623047
2019-11-26,229.06149291992188
2019-11-27,230.83203125
2019-11-28,230.18821716308594
2019-11-29,229.68923950195312
2019-12-02,231.91046142578125
2019-12-03,230.86424255371094
2019-12-04,231.31492614746094
2019-12-05,243.35470581054688
2019-12-06,251.1612091064453
2019-12-09,252.64205932617188
2019-12-10,258.275634765625
2019-12-11,262.3800964355469
2019-12-12,261.5270080566406
2019-12-13,260.6256408691406
2019-12-16,262.9435119628906
2019-12-17,260.7061462402344
2019-12-18,256.939697265625
2019-12-19,266.903076171875
2019-12-20,267.402099609375
2019-12-23,263.233154296875
2019-12-24,260.1910705566406
2019-12-26,278.7175598144531
2019-12-27,282.14593505859375
2019-12-30,285.7835998535156
2019-12-31,279.24871826171875
2020-01-01,278.3955383300781
2020-01-02,278.0415344238281
2020-01-03,277.8000183105469
2020-01-06,271.6513366699219
2020-01-07,278.2668762207031
2020-01-08,276.3513488769531
2020-01-09,280.8099670410156
2020-01-10,281.32501220703125
2020-01-13,277.381591796875
2020-01-14,287.55419921875
2020-01-15,279.6833190917969
2020-01-16,282.14593505859375
2020-01-17,282.0332336425781
2020-01-20,293.5579528808594
2020-01-21,295.6343688964844
2020-01-22,289.6144714355469
2020-01-23,283.707275390625
2020-01-24,286.3147277832031
2020-01-27,293.4130859375
2020-01-28,295.8757629394531
2020-01-29,297.0830383300781
2020-01-30,311.74639892578125
2020-01-31,317.1867370605469
2020-02-03,317.3638916015625
2020-02-04,335.3752746582031
2020-02-05,349.12115478515625
2020-02-06,351.7770690917969
2020-02-07,359.3743896484375
2020-02-10,362.8188171386719
2020-02-11,374.3596496582031
2020-02-12,379.864501953125
2020-02-13,396.0248107910156
2020-02-14,363.2534484863281
2020-02-17,315.75433349609375
2020-02-18,327.166259765625
2020-02-19,333.07354736328125
2020-02-20,350.4571228027344
2020-02-24,361.3218688964844
2020-02-25,345.59619140625
2020-02-26,356.9438781738281
2020-02-27,352.69451904296875
2020-02-28,334.71533203125
2020-03-02,330.42510986328125
2020-03-03,345.2870178222656
2020-03-04,331.2669677734375
2020-03-05,337.5808410644531
2020-03-06,349.3666687011719
2020-03-09,342.09771728515625
2020-03-11,342.98809814453125
2020-03-12,318.2183532714844
2020-03-13,343.2632751464844
2020-03-16,328.3691101074219
2020-03-17,308.68280029296875
2020-03-18,254.30270385742188
2020-03-19,203.45188903808594
2020-03-20,186.3882598876953
2020-03-23,168.11048889160156
2020-03-24,151.30587768554688
2020-03-25,151.30587768554688
2020-03-26,155.96844482421875
2020-03-27,163.70693969726562
2020-03-30,164.38694763183594
2020-03-31,169.76177978515625
2020-04-01,171.13787841796875
2020-04-03,164.3383331298828
2020-04-07,171.25119018554688
2020-04-08,179.7991943359375
2020-04-09,188.7843017578125
2020-04-13,198.20652770996094
2020-04-15,191.19650268554688
2020-04-16,185.09312438964844
2020-04-17,194.33724975585938
2020-04-20,204.05088806152344
2020-04-21,205.1841583251953
2020-04-22,208.68101501464844
2020-04-23,206.4307098388672
2020-04-24,196.11807250976562
2020-04-27,186.32351684570312
2020-04-28,192.20025634765625
2020-04-29,198.7569580078125
2020-04-30,201.2663116455078
2020-05-04,191.21270751953125
2020-05-05,182.89138793945312
2020-05-06,183.5227508544922
2020-05-07,182.4866485595703
2020-05-08,180.62486267089844
2020-05-11,181.38575744628906
2020-05-12,182.27615356445312
2020-05-13,184.07318115234375
2020-05-14,183.65225219726562
2020-05-15,181.17529296875
2020-05-18,178.68212890625
2020-05-19,178.97352600097656
2020-05-20,175.36331176757812
2020-05-21,177.35458374023438
2020-05-22,180.3334503173828
2020-05-26,179.1840057373047
2020-05-27,179.7344512939453
2020-05-28,184.13795471191406
2020-05-29,185.5788116455078
2020-06-01,193.33352661132812
2020-06-02,202.36720275878906
2020-06-03,205.39459228515625
2020-06-04,196.0047607421875
2020-06-05,201.25010681152344
2020-06-08,220.2240753173828
2020-06-09,213.23023986816406
2020-06-10,222.74960327148438
2020-06-11,223.0086212158203
2020-06-12,219.9326629638672
2020-06-15,217.64993286132812
2020-06-16,212.5341033935547
2020-06-17,210.38092041015625
2020-06-18,215.4158172607422
2020-06-19,209.4257354736328
2020-06-22,214.1044921875
2020-06-23,215.6424560546875
2020-06-24,210.38092041015625
2020-06-25,217.3099822998047
2020-06-26,217.8118438720703
2020-06-29,215.62628173828125
2020-06-30,214.36351013183594
2020-07-01,206.5278778076172
2020-07-02,200.9586944580078
2020-07-03,205.8802947998047
2020-07-06,207.59634399414062
2020-07-07,223.5752716064453
2020-07-08,220.1754913330078
2020-07-09,222.60391235351562
2020-07-10,218.5079803466797
2020-07-13,216.04722595214844
2020-07-14,226.0360565185547
2020-07-15,216.95379638671875
2020-07-16,210.3647003173828
2020-07-17,219.7060089111328
2020-07-20,219.2850799560547
2020-07-21,219.7383575439453
2020-07-22,218.02230834960938
2020-07-23,218.23277282714844
2020-07-24,216.031005859375
2020-07-27,212.69601440429688
2020-07-28,213.6835479736328
2020-07-29,209.63621520996094
2020-07-30,205.23269653320312
2020-07-31,207.92013549804688
2020-08-03,203.07952880859375
2020-08-04,204.03466796875
2020-08-05,203.24139404296875
2020-08-06,203.354736328125
2020-08-07,210.3647003173828
2020-08-10,209.4257354736328
2020-08-11,209.87904357910156
2020-08-12,215.77198791503906
2020-08-13,214.3473358154297
2020-08-14,211.02850341796875
2020-08-17,214.5901641845703
2020-08-18,211.30372619628906
2020-08-19,222.08583068847656
2020-08-20,260.60040283203125
2020-08-21,270.6701354980469
2020-08-24,258.94903564453125
2020-08-25,256.48828125
2020-08-26,264.04876708984375
2020-08-27,265.05242919921875
2020-08-28,278.31158447265625
2020-08-31,265.05242919921875
2020-09-01,271.5443420410156
2020-09-02,272.79095458984375
2020-09-03,271.3339538574219
2020-09-04,268.69500732421875
2020-09-07,267.9341125488281
2020-09-08,266.3962097167969
2020-09-09,260.3736572265625
2020-09-10,262.70501708984375
2020-09-11,262.18695068359375
2020-09-14,275.1707763671875
2020-09-15,275.30035400390625
2020-09-16,270.7835388183594
2020-09-17,277.9229736328125
2020-09-18,278.6514892578125
2020-09-21,269.731201171875
2020-09-22,259.7585144042969
2020-09-23,262.9316711425781
2020-09-24,254.28648376464844
2020-09-25,254.93409729003906
2020-09-28,260.8108215332031
2020-09-29,259.2889709472656
2020-09-30,257.11968994140625
2020-10-01,266.12091064453125
2020-10-05,269.14837646484375
2020-10-06,270.3948669433594
2020-10-07,268.19317626953125
2020-10-08,267.86944580078125
2020-10-09,267.85321044921875
2020-10-12,266.59039306640625
2020-10-13,263.9192199707031
2020-10-14,262.6564636230469
2020-10-15,265.9428405761719
2020-10-16,264.7610168457031
2020-10-19,270.9130554199219
2020-10-20,267.85321044921875
2020-10-21,269.9902038574219
2020-10-22,267.9341125488281
2020-10-23,269.32647705078125
2020-10-26,267.9503479003906
2020-10-27,267.238037109375
2020-10-28,264.2753601074219
2020-10-29,267.0760803222656
2020-10-30,266.94659423828125
2020-11-02,267.3028564453125
2020-11-03,268.74359130859375
2020-11-04,266.36376953125
2020-11-05,264.7286071777344
2020-11-06,269.0835876464844
2020-11-09,267.3512878417969
2020-11-10,268.1122741699219
2020-11-11,271.7224426269531
2020-11-12,272.6938171386719
2020-11-13,300.00531005859375
2020-11-14,322.99420166015625
2020-11-17,347.61822509765625
2020-11-18,337.2732849121094
2020-11-19,338.9569396972656
2020-11-20,344.6556091308594
2020-11-23,338.68170166015625
2020-11-24,339.39404296875
2020-11-25,329.5023498535156
2020-11-26,328.126220703125
2020-11-27,338.9892883300781
2020-12-01,335.63812255859375
2020-12-02,334.553466796875
2020-12-03,333.40399169921875
2020-12-04,325.2769470214844
2020-12-07,322.2333068847656
2020-12-08,322.18475341796875
2020-12-09,322.5085144042969
2020-12-10,324.66168212890625
2020-12-11,324.88836669921875
2020-12-14,323.5931396484375
2020-12-15,322.0228576660156
2020-12-16,328.6443176269531
2020-12-17,325.0826416015625
2020-12-18,321.8447265625
2020-12-21,299.859619140625
2020-12-22,296.03887939453125
2020-12-23,295.5370178222656
2020-12-24,298.726318359375
2020-12-28,301.0899353027344
2020-12-29,303.1136169433594
2020-12-30,303.2755126953125
2020-12-31,300.2805480957031
2021-01-01,300.2481384277344
2021-01-04,298.74249267578125
2021-01-05,302.20703125
2021-01-06,300.4100646972656
2021-01-07,300.68524169921875
2021-01-08,297.4635925292969
2021-01-11,293.9504699707031
2021-01-12,295.3913269042969
2021-01-13,291.2630615234375
2021-01-14,292.1372985839844
2021-01-15,288.8831787109375
2021-01-18,282.2779235839844
2021-01-19,287.53948974609375
2021-01-20,288.3813171386719
2021-01-21,288.1384582519531
2021-01-22,283.2978515625
2021-01-25,274.3451232910156
2021-01-27,286.11480712890625
2021-01-28,290.2754821777344
2021-01-29,287.1671447753906
2021-02-01,287.9927673339844
2021-02-02,286.4385986328125
2021-02-03,291.6677551269531
2021-02-04,296.0875244140625
2021-02-05,292.5257873535156
2021-02-08,290.0973815917969
2021-02-09,286.2605285644531
2021-02-10,284.64154052734375
2021-02-11,277.4858703613281
2021-02-12,274.4422302246094
2021-02-15,273.0986022949219
2021-02-16,271.04248046875
2021-02-17,273.989013671875
2021-02-18,279.0562438964844
2021-02-19,273.3251647949219
2021-02-22,269.3587341308594
2021-02-23,271.4310607910156
2021-02-24,273.8594055175781
2021-02-25,270.37872314453125
2021-02-26,283.67022705078125
2021-03-01,304.3764343261719
2021-03-02,297.2369079589844
2021-03-03,298.4187316894531
2021-03-04,299.1472473144531
2021-03-05,292.44488525390625
2021-03-08,288.3813171386719
2021-03-09,285.17584228515625
2021-03-10,280.4161682128906
2021-03-12,286.2119445800781
2021-03-15,280.642822265625
2021-03-16,279.23431396484375
2021-03-17,278.9590759277344
2021-03-18,279.23431396484375
2021-03-19,280.8047180175781
2021-03-22,285.88818359375
2021-03-23,285.7100830078125
2021-03-24,278.6514892578125
2021-03-25,277.77728271484375
2021-03-26,281.2094421386719
2021-03-30,280.35137939453125
2021-03-31,276.2230529785156
2021-04-01,278.11724853515625
2021-04-05,266.8494873046875
2021-04-06,260.0175476074219
2021-04-07,261.3612976074219
2021-04-08,265.10101318359375
2021-04-09,262.8020935058594
2021-04-12,254.4484100341797
2021-04-13,263.0611877441406
2021-04-15,256.42352294921875
2021-04-16,262.1059875488281
2021-04-19,249.4458770751953
2021-04-20,247.68124389648438
2021-04-22,261.8631591796875
2021-04-23,265.5866394042969
2021-04-26,260.64892578125
2021-04-27,259.2242431640625
2021-04-28,264.21063232421875
2021-04-29,264.58294677734375
2021-04-30,258.0100402832031
2021-05-03,255.3874053955078
2021-05-04,256.9577941894531
2021-05-05,259.4994812011719
2021-05-06,264.6153869628906
2021-05-07,267.70751953125
2021-05-10,265.9753112792969
2021-05-11,260.2603454589844
2021-05-12,270.3464050292969
2021-05-14,281.2256774902344
2021-05-17,280.2381286621094
2021-05-18,277.4535217285156
2021-05-19,283.9940185546875
2021-05-20,277.74493408203125
2021-05-21,284.57684326171875
2021-05-24,288.6726989746094
2021-05-25,291.4249572753906
2021-05-26,293.2867126464844
2021-05-27,307.9219055175781
2021-05-28,298.726318359375
2021-05-31,301.39764404296875
2021-06-01,299.2606201171875
2021-06-02,294.306640625
2021-06-03,295.61798095703125
2021-06-04,297.28546142578125
2021-06-07,289.33648681640625
2021-06-08,283.49212646484375
2021-06-09,284.8682556152344
2021-06-10,294.63043212890625
2021-06-11,292.3476867675781
2021-06-14,288.65655517578125
2021-06-15,290.8582763671875
2021-06-16,282.4559631347656
2021-06-17,275.60791015625
2021-06-18,277.5020446777344
2021-06-21,282.5693664550781
2021-06-22,279.7685852050781
2021-06-23,279.0724792480469
2021-06-24,280.4647521972656
2021-06-25,281.41986083984375
2021-06-28,282.4559631347656
2021-06-29,279.02386474609375
2021-06-30,277.5182800292969
2021-07-01,280.3837890625
2021-07-02,273.2119140625
2021-07-05,273.0823974609375
2021-07-06,274.2965393066406
2021-07-07,277.4535217285156
2021-07-08,274.55560302734375
2021-07-09,274.9603576660156
2021-07-12,284.5606689453125
2021-07-13,288.5108642578125
2021-07-14,283.6540222167969
2021-07-15,283.5569152832031
2021-07-16,284.5606689453125
2021-07-19,281.3389587402344
2021-07-20,279.299072265625
2021-07-22,270.7187194824219
2021-07-23,266.4932861328125
2021-07-26,257.993896484375
2021-07-27,259.06231689453125
2021-07-28,255.37120056152344
2021-07-29,263.9353942871094
2021-07-30,263.4334716796875
2021-08-02,263.2068786621094
2021-08-03,262.1708068847656
2021-08-04,258.3662109375
2021-08-05,258.10723876953125
2021-08-06,256.0835266113281
2021-08-09,252.99136352539062
2021-08-10,250.0287322998047
2021-08-11,249.4944610595703
2021-08-12,249.4134979248047
2021-08-13,250.33628845214844
2021-08-16,236.23533630371094
2021-08-17,239.41500854492188
2021-08-18,245.40122985839844
2021-08-20,239.7719268798828
2021-08-23,238.65255737304688
2021-08-24,238.0198974609375
2021-08-25,237.2574005126953
2021-08-26,243.2598114013672
2021-08-27,247.33169555664062
2021-08-30,249.52178955078125
2021-08-31,249.6515655517578
2021-09-01,250.2193603515625
2021-09-02,251.760498046875
2021-09-03,252.60409545898438
2021-09-06,248.97021484375
2021-09-07,246.63412475585938
2021-09-08,245.70944213867188
2021-09-09,246.06631469726562
2021-09-13,249.31088256835938
2021-09-14,254.8590545654297
2021-09-15,256.7733459472656
2021-09-16,254.6805877685547
2021-09-17,257.7304992675781
2021-09-20,260.48834228515625
2021-09-21,253.3341064453125
2021-09-22,254.7941436767578
2021-09-23,256.903076171875
2021-09-24,249.5055389404297
2021-09-27,253.82081604003906
2021-09-28,252.6852264404297
2021-09-29,249.0513153076172
2021-09-30,253.0745086669922
2021-10-01,250.39779663085938
2021-10-04,255.68638610839844
2021-10-05,257.4222412109375
2021-10-06,258.8173522949219
2021-10-07,260.01788330078125
2021-10-08,258.4766845703125
2021-10-11,255.70265197753906
2021-10-12,255.2970733642578
2021-10-13,257.17889404296875
2021-10-14,259.3527526855469
2021-10-18,256.027099609375
2021-10-19,256.027099609375
2021-10-20,244.3304901123047
2021-10-21,248.1266326904297
2021-10-22,240.40460205078125
2021-10-25,240.38836669921875
2021-10-26,245.88787841796875
2021-10-27,243.292236328125
2021-10-28,242.5784454345703
2021-10-29,243.4058074951172
2021-11-01,242.15664672851562
2021-11-02,244.42782592773438
2021-11-03,237.51693725585938
2021-11-04,247.59127807617188
2021-11-08,246.89369201660156
2021-11-09,249.06752014160156
2021-11-10,248.0454864501953
2021-11-11,246.94235229492188
2021-11-12,253.62611389160156
2021-11-15,247.25057983398438
2021-11-16,246.40699768066406
2021-11-17,245.07675170898438
2021-11-18,236.8031768798828
2021-11-22,228.30245971679688
2021-11-23,225.54458618164062
2021-11-24,231.62808227539062
2021-11-25,230.76829528808594
2021-11-26,236.7869110107422
2021-11-29,227.57241821289062
2021-11-30,222.94894409179688
2021-12-01,229.8760528564453
2021-12-02,230.81695556640625
2021-12-03,236.17047119140625
2021-12-06,230.0382843017578
2021-12-07,231.35231018066406
2021-12-08,231.8389892578125
2021-12-09,229.827392578125
2021-12-10,230.57363891601562
2021-12-13,227.13441467285156
2021-12-14,225.31747436523438
2021-12-15,227.06951904296875
2021-12-16,228.09153747558594
2021-12-17,223.8411865234375
2021-12-20,215.5675811767578
2021-12-21,218.45526123046875
2021-12-22,220.3208770751953
2021-12-23,219.8017120361328
2021-12-24,217.3520965576172
2021-12-27,215.3242645263672
2021-12-28,211.12255859375
2021-12-29,210.1978759765625
2021-12-30,207.19668579101562
2021-12-31,204.99041748046875
2022-01-03,204.2603759765625
2022-01-04,202.4272003173828
2022-01-05,200.52914428710938
2022-01-06,198.07949829101562
2022-01-07,195.4027557373047
2022-01-10,193.61825561523438
2022-01-11,194.5591583251953
2022-01-12,192.92068481445312
2022-01-13,194.51046752929688
2022-01-14,194.5267333984375
2022-01-17,195.0945281982422
2022-01-18,194.16983032226562
2022-01-19,189.88705444335938
2022-01-20,188.24850463867188
2022-01-21,182.9599151611328
2022-01-24,171.27955627441406
2022-01-25,166.5587615966797
2022-01-27,163.52508544921875
2022-01-28,162.03260803222656
2022-01-31,159.03138732910156
2022-02-01,153.5968017578125
2022-02-02,152.96409606933594
2022-02-03,183.5439453125
2022-02-04,213.99400329589844
2022-02-07,220.8075408935547
2022-02-08,202.89764404296875
2022-02-09,207.19668579101562
2022-02-10,208.12315368652344
2022-02-11,201.1824951171875
2022-02-14,186.1307830810547
2022-02-15,195.4771728515625
2022-02-16,201.03619384765625
2022-02-17,198.41921997070312
2022-02-18,195.5421600341797
2022-02-21,186.89474487304688
2022-02-22,190.0481414794922
2022-02-23,188.9265594482422
2022-02-24,175.02891540527344
2022-02-25,186.17955017089844
2022-02-28,184.53782653808594
2022-03-02,182.0509033203125
2022-03-03,181.01060485839844
2022-03-04,180.57171630859375
2022-03-07,178.5074005126953
2022-03-08,177.85723876953125
2022-03-09,206.7252960205078
2022-03-10,193.94923400878906
2022-03-11,189.43045043945312
2022-03-14,189.1378936767578
2022-03-15,188.06507873535156
2022-03-16,186.4233856201172
2022-03-17,186.3258514404297
2022-03-21,181.6932830810547
2022-03-22,179.72650146484375
2022-03-23,178.78370666503906
2022-03-24,178.637451171875
2022-03-25,176.37806701660156
2022-03-28,175.35401916503906
2022-03-29,170.0550537109375
2022-03-30,173.33847045898438
2022-03-31,174.2974395751953
2022-04-01,176.6868896484375
2022-04-04,187.57745361328125
2022-04-05,201.99522399902344
2022-04-06,200.84117126464844
2022-04-07,191.86863708496094
2022-04-08,201.166259765625
2022-04-11,199.42701721191406
2022-04-12,199.8983917236328
2022-04-13,201.99522399902344
2022-04-18,207.32669067382812
2022-04-19,203.29559326171875
2022-04-20,204.3521270751953
2022-04-21,204.59593200683594
2022-04-22,208.64332580566406
2022-04-25,206.23765563964844
2022-04-26,207.73306274414062
2022-04-27,208.51332092285156
2022-04-28,212.5281524658203
2022-04-29,208.09068298339844
2022-05-02,215.04762268066406
2022-05-04,215.03134155273438
2022-05-05,203.66944885253906
2022-05-06,195.7534637451172
2022-05-09,198.92311096191406
2022-05-10,193.51036071777344
2022-05-11,183.2537384033203
2022-05-12,177.56463623046875
2022-05-13,183.3675079345703
2022-05-16,190.64956665039062
2022-05-17,195.5259246826172
2022-05-18,189.70677185058594
2022-05-19,191.21847534179688
2022-05-20,193.54286193847656
2022-05-23,193.72166442871094
2022-05-24,191.9336395263672
2022-05-25,187.44740295410156
2022-05-26,182.99365234375
2022-05-27,186.26084899902344
2022-05-30,188.4064178466797
2022-05-31,176.4755859375
2022-06-01,178.76748657226562
2022-06-02,179.77525329589844
2022-06-03,178.19857788085938
2022-06-06,178.36111450195312
2022-06-07,175.35401916503906
2022-06-08,165.11366271972656
2022-06-09,175.33778381347656
2022-06-10,171.42042541503906
2022-06-13,169.87625122070312
2022-06-14,169.2748260498047
2022-06-15,171.3554229736328
2022-06-16,164.43096923828125
2022-06-17,162.61045837402344
2022-06-20,160.44859313964844
2022-06-21,161.58642578125
2022-06-22,160.23731994628906
2022-06-23,160.1722869873047
2022-06-24,160.156005859375
2022-06-27,162.83804321289062
2022-06-28,161.52139282226562
2022-06-29,162.20408630371094
2022-06-30,160.6111297607422
2022-07-01,159.94471740722656
2022-07-04,165.5687713623047
2022-07-05,163.03306579589844
2022-07-06,159.7821807861328
2022-07-07,159.48959350585938
2022-07-08,162.5941925048828
2022-07-11,163.35816955566406
2022-07-12,162.28538513183594
2022-07-13,162.13906860351562
2022-07-14,158.56309509277344
2022-07-15,160.2860565185547
2022-07-18,162.22035217285156
2022-07-19,167.25926208496094
2022-07-20,169.33984375
2022-07-21,169.9412841796875
2022-07-22,175.77664184570312
2022-07-25,173.32220458984375
2022-07-26,170.380126953125
2022-07-27,171.2416229248047
2022-07-28,174.8988800048828
2022-07-29,175.54910278320312
2022-08-01,180.0353546142578
2022-08-02,185.65939331054688
2022-08-03,184.34278869628906
2022-08-04,183.6438751220703
2022-08-05,189.089111328125
2022-08-08,200.23973083496094
2022-08-10,202.4990997314453
2022-08-11,201.60511779785156
2022-08-12,207.42442321777344
2022-08-16,217.38404846191406
2022-08-17,211.5321502685547
2022-08-18,216.30821228027344
2022-08-19,213.7164306640625
2022-08-22,215.11825561523438
2022-08-23,230.97869873046875
2022-08-24,233.45639038085938
2022-08-25,237.41738891601562
2022-08-26,240.46560668945312
2022-08-29,235.16793823242188
2022-08-30,245.19277954101562
2022-09-01,238.23243713378906
2022-09-02,245.518798828125
2022-09-05,245.24168395996094
2022-09-06,237.9227294921875
2022-09-07,240.33522033691406
2022-09-08,240.88943481445312
2022-09-09,245.94259643554688
2022-09-12,259.1949462890625
2022-09-13,255.80438232421875
2022-09-14,249.93624877929688
2022-09-15,243.1226043701172
2022-09-16,239.91139221191406
2022-09-19,244.7363739013672
2022-09-20,249.43093872070312
2022-09-21,247.54005432128906
2022-09-22,245.48619079589844
2022-09-23,246.64352416992188
2022-09-26,243.9376220703125
2022-09-27,241.248046875
2022-09-28,236.6349639892578
2022-09-29,233.83126831054688
2022-09-30,240.8568115234375
2022-10-03,234.14102172851562
2022-10-04,248.1594696044922
2022-10-06,257.6463928222656
2022-10-07,260.98797607421875
2022-10-10,249.28421020507812
2022-10-11,248.25726318359375
2022-10-12,245.518798828125
2022-10-13,246.17080688476562
2022-10-14,245.92630004882812
2022-10-17,255.13609313964844
2022-10-18,262.61810302734375
2022-10-19,274.0283508300781
2022-10-20,281.7386169433594
2022-10-21,275.5444030761719
2022-10-24,274.1914367675781
2022-10-25,271.2410583496094
2022-10-27,263.12335205078125
2022-10-28,259.4068298339844
2022-10-31,249.5939178466797
2022-11-01,256.9454345703125
2022-11-02,260.759765625
2022-11-03,294.779052734375
2022-11-04,289.4324035644531
2022-11-07,303.1086120605469
2022-11-09,284.2977600097656
2022-11-10,286.8569641113281
2022-11-11,285.29217529296875
2022-11-14,279.8965759277344
2022-11-15,280.01068115234375
2022-11-16,275.0064697265625
2022-11-17,274.0610046386719
2022-11-18,269.52947998046875
2022-11-21,282.8633117675781
2022-11-22,286.1071472167969
2022-11-23,289.2042236328125
2022-11-24,280.01068115234375
2022-11-25,275.9681701660156
2022-11-28,275.0228271484375
2022-11-29,277.19073486328125
2022-11-30,277.5982971191406
2022-12-01,278.7229919433594
2022-12-02,276.3267822265625
2022-12-05,269.6598815917969
2022-12-06,268.2417297363281
2022-12-07,264.9979553222656
2022-12-08,276.45721435546875
2022-12-09,274.01214599609375
2022-12-12,286.0908508300781
2022-12-13,291.763427734375
2022-12-14,284.6238098144531
2022-12-15,280.6300964355469
2022-12-16,276.3267822265625
2022-12-19,274.0610046386719
2022-12-20,269.4805603027344
2022-12-21,264.7207946777344
2022-12-22,257.5649108886719
2022-12-23,233.76611328125
2022-12-26,245.64920043945312
2022-12-27,258.2169189453125
2022-12-28,261.5748291015625
2022-12-29,258.49395751953125
2022-12-30,264.29705810546875
2023-01-02,270.1163024902344
2023-01-03,270.5075378417969
2023-01-04,268.4373474121094
2023-01-05,267.1658630371094
2023-01-06,265.3891296386719
2023-01-09,263.4167785644531
2023-01-10,264.7535095214844
2023-01-11,262.2757568359375
2023-01-12,269.3338928222656
2023-01-13,275.26727294921875
2023-01-16,269.9533386230469
2023-01-17,267.49188232421875
2023-01-18,265.4705810546875
2023-01-19,263.5960998535156
2023-01-20,266.6443176269531
2023-01-23,265.7477722167969
2023-01-24,265.7640686035156
2023-01-25,265.50323486328125
2023-01-27,257.9072265625
2023-01-30,251.598876953125
2023-01-31,258.868896484375
2023-02-01,259.30902099609375
2023-02-02,258.6896057128906
2023-02-03,254.84268188476562
2023-02-06,269.7088317871094
2023-02-07,273.49053955078125
2023-02-08,272.21905517578125
2023-02-09,265.3728332519531
2023-02-10,272.2832336425781
2023-02-13,264.1312561035156
2023-02-14,265.2421569824219
2023-02-15,266.6144104003906
2023-02-16,266.30401611328125
2023-02-17,266.2713317871094
2023-02-20,263.52679443359375
2023-02-21,263.24908447265625
2023-02-22,263.3797607421875
2023-02-23,276.334716796875
2023-02-24,270.84564208984375
2023-02-27,264.1802673339844
2023-02-28,266.369384765625
2023-03-01,265.8793029785156
2023-03-02,263.73919677734375
2023-03-03,265.78125
2023-03-06,265.2095031738281
2023-03-08,265.013427734375
2023-03-09,264.3109436035156
2023-03-10,258.9035339355469
2023-03-13,248.02330017089844
2023-03-14,240.1653594970703
2023-03-15,248.0559844970703
2023-03-16,246.2916259765625
2023-03-17,243.23663330078125
2023-03-20,253.46343994140625
2023-03-21,266.85943603515625
2023-03-22,272.6753234863281
2023-03-23,271.27032470703125
2023-03-24,262.4485778808594
2023-03-27,258.9851989746094
2023-03-28,251.3232879638672
2023-03-29,256.9267883300781
2023-03-31,261.8767395019531
2023-04-03,254.08416748046875
2023-04-05,250.96388244628906
2023-04-06,244.42922973632812
2023-04-10,241.1292266845703
2023-04-11,235.05198669433594
2023-04-12,234.87228393554688
2023-04-13,234.80691528320312
2023-04-17,231.768310546875
2023-04-18,224.5965118408203
2023-04-19,229.1381072998047
2023-04-20,231.196533203125
2023-04-21,228.23959350585938
2023-04-24,227.2103729248047
2023-04-25,227.76583862304688
2023-04-26,225.5767059326172
2023-04-27,226.9490203857422
2023-04-28,228.69700622558594
2023-05-02,231.6702880859375
2023-05-03,233.4673309326172
2023-05-04,236.5222930908203
2023-05-05,236.58763122558594
2023-05-08,240.3287353515625
2023-05-09,238.9564666748047
2023-05-10,238.43365478515625
2023-05-11,238.35198974609375
2023-05-12,240.4267578125
2023-05-15,238.874755859375
2023-05-16,238.6787109375
2023-05-17,239.52822875976562
2023-05-18,240.1326904296875
2023-05-19,240.230712890625
2023-05-22,238.4990234375
2023-05-23,241.81533813476562
2023-05-24,239.20150756835938
2023-05-25,239.0218048095703
2023-05-26,240.0019989013672
2023-05-29,240.90048217773438
2023-05-30,241.40695190429688
2023-05-31,240.55743408203125
2023-06-01,241.17822265625
2023-06-02,247.38616943359375
2023-06-05,250.4574432373047
2023-06-06,255.68519592285156
2023-06-07,256.14263916015625
2023-06-08,257.00848388671875
2023-06-09,252.40151977539062
2023-06-12,248.66041564941406
2023-06-13,251.79708862304688
2023-06-14,250.83319091796875
2023-06-15,249.3139190673828
2023-06-16,249.46092224121094
2023-06-19,252.30349731445312
2023-06-20,255.99557495117188
2023-06-21,258.0539855957031
2023-06-22,257.6455993652344
2023-06-23,253.8064727783203
2023-06-26,251.0292510986328
2023-06-27,252.25448608398438
2023-06-28,252.41786193847656
2023-06-30,254.0188446044922
2023-07-03,251.82972717285156
2023-07-04,250.96388244628906
2023-07-05,250.76785278320312
2023-07-06,251.04559326171875
2023-07-07,247.2391357421875
2023-07-10,244.67428588867188
2023-07-11,248.51339721679688
2023-07-12,246.38963317871094
2023-07-13,248.85647583007812
2023-07-14,250.11439514160156
2023-07-17,250.42478942871094
2023-07-18,250.98023986816406
2023-07-19,252.69970703125
2023-07-20,254.05897521972656
2023-07-21,251.0784912109375
2023-07-24,252.9290008544922
2023-07-25,248.8840789794922
2023-07-26,251.61892700195312
2023-07-27,258.5950927734375
2023-07-28,261.444580078125
2023-07-31,257.9727783203125
2023-08-01,257.26861572265625
2023-08-02,258.9881286621094
2023-08-03,248.5074462890625
2023-08-04,249.75201416015625
2023-08-07,251.52064514160156
2023-08-08,249.9649200439453
2023-08-09,265.89886474609375
2023-08-10,268.37164306640625
2023-08-11,268.94482421875
2023-08-14,276.3140869140625
2023-08-16,274.88934326171875
2023-08-17,269.74725341796875
2023-08-18,273.0552062988281
2023-08-21,270.1239013671875
2023-08-22,269.76361083984375
2023-08-23,269.63262939453125
2023-08-24,267.43817138671875
2023-08-25,270.418701171875
2023-08-28,267.7493591308594
2023-08-29,268.2242736816406
2023-08-30,266.8158874511719
2023-08-31,267.4546203613281
2023-09-01,267.9949951171875
2023-09-04,265.505859375
2023-09-05,286.1069641113281
2023-09-06,287.8592529296875
2023-09-07,290.9216003417969
2023-09-08,288.841796875
2023-09-11,293.23052978515625
2023-09-12,293.9183654785156
2023-09-13,291.7567138671875
2023-09-14,290.9216003417969
2023-09-15,288.4488525390625
2023-09-18,286.9093933105469
2023-09-20,288.9400634765625
2023-09-21,287.8428649902344
2023-09-22,287.9574890136719
2023-09-25,293.18145751953125
2023-09-26,293.16510009765625
2023-09-27,299.3388366699219
2023-09-28,295.7197265625
2023-09-29,295.7852478027344
2023-10-03,301.0746765136719
2023-10-04,298.1434020996094
2023-10-05,298.3235778808594
2023-10-06,299.1751403808594
2023-10-09,293.08319091796875
2023-10-10,299.4534606933594
2023-10-11,297.2263488769531
2023-10-12,300.7144470214844
2023-10-13,300.3705749511719
2023-10-16,301.4513854980469
2023-10-17,302.3357238769531
2023-10-18,300.6490173339844
2023-10-19,303.2691650390625
2023-10-20,300.8290710449219
2023-10-23,294.00030517578125
2023-10-25,288.36688232421875
2023-10-26,285.3372802734375
2023-10-27,294.9500732421875
2023-10-30,294.68804931640625
2023-10-31,287.1714172363281
2023-11-01,299.78106689453125
2023-11-02,297.81591796875
2023-11-03,299.6500549316406
2023-11-06,296.7514343261719
2023-11-07,293.967529296875
2023-11-08,292.44451904296875
2023-11-09,294.7208251953125
2023-11-10,298.40545654296875
2023-11-13,298.4545593261719
2023-11-15,296.89886474609375
2023-11-16,299.51904296875
2023-11-17,300.8127136230469
2023-11-20,298.74932861328125
2023-11-21,295.7852478027344
2023-11-22,294.9500732421875
2023-11-23,275.9210510253906
2023-11-24,278.80328369140625
2023-11-28,278.4429626464844
2023-11-29,273.39910888671875
2023-11-30,276.2813720703125
2023-12-01,273.1371154785156
2023-12-04,277.21478271484375
2023-12-05,275.8555603027344
2023-12-06,273.3827209472656
2023-12-07,279.2126159667969
2023-12-08,275.4952697753906
2023-12-11,277.10015869140625
2023-12-12,278.4593505859375
2023-12-13,282.20947265625
2023-12-14,288.4488525390625
2023-12-15,295.89990234375
2023-12-18,293.2469787597656
2023-12-19,295.5724182128906
2023-12-20,288.1212158203125
2023-12-21,291.77313232421875
2023-12-22,286.9749755859375
2023-12-26,280.88299560546875
2023-12-27,281.73455810546875
2023-12-28,275.3806457519531
2023-12-29,284.8623962402344
2024-01-01,285.25543212890625
2024-01-02,287.5480651855469
2024-01-03,291.7895202636719
2024-01-04,289.5295715332031
2024-01-05,294.70440673828125
2024-01-08,299.0277404785156
2024-01-09,296.0473327636719
2024-01-10,292.8211669921875
2024-01-11,289.5132141113281
2024-01-12,286.2215881347656
2024-01-15,310.1470947265625
2024-01-16,314.47039794921875
2024-01-17,318.5152587890625
2024-01-18,317.8602600097656
2024-01-19,320.7915954589844
2024-01-23,334.09698486328125
2024-01-24,319.1653747558594
2024-01-25,323.3212585449219
2024-01-29,325.1281433105469
2024-01-30,329.59613037109375
2024-01-31,327.4771423339844
2024-02-01,324.8817443847656
2024-02-02,330.95953369140625
2024-02-05,335.37823486328125
2024-02-06,329.661865234375
2024-02-07,332.01080322265625
2024-02-08,330.77886962890625
2024-02-09,327.41143798828125
2024-02-12,325.9330749511719
2024-02-13,319.8388366699219
2024-02-14,324.53680419921875
2024-02-15,329.7275390625
2024-02-16,329.0705261230469
2024-02-19,334.6883544921875
2024-02-20,330.3353271484375
2024-02-21,323.156982421875
2024-02-22,333.4728088378906
2024-02-23,326.5244140625
2024-02-26,321.9906921386719
2024-02-27,317.50628662109375
2024-02-28,319.6745910644531
2024-02-29,332.3393859863281
2024-03-01,325.5881042480469
2024-03-04,315.92938232421875
2024-03-05,307.2562255859375
2024-03-06,292.9159851074219
2024-03-07,289.66351318359375
2024-03-11,283.35577392578125
2024-03-12,280.79327392578125
2024-03-13,273.69708251953125
2024-03-14,274.1898498535156
2024-03-15,280.0540466308594
2024-03-18,281.6309814453125
2024-03-19,281.8281555175781
2024-03-20,284.43994140625
2024-03-21,284.8834533691406
2024-03-22,286.11541748046875
2024-03-26,279.2655944824219
2024-03-27,275.5696716308594
2024-03-28,280.2511901855469
2024-04-01,290.4519958496094
2024-04-02,290.64910888671875
2024-04-03,289.9098815917969
2024-04-04,295.5770568847656
2024-04-05,296.9075927734375
2024-04-08,296.119140625
2024-04-09,292.9159851074219
2024-04-10,292.07818603515625
2024-04-12,293.40875244140625
2024-04-15,282.764404296875
2024-04-16,283.35577392578125
2024-04-18,283.2572021484375
2024-04-19,284.14422607421875
2024-04-22,288.38226318359375
2024-04-23,292.472412109375
2024-04-24,294.0493469238281
2024-04-25,304.25018310546875
2024-04-26,300.4557189941406
2024-04-29,299.9136047363281
2024-04-30,294.19720458984375
2024-05-02,297.055419921875
2024-05-03,296.2669677734375
2024-05-06,291.9796447753906
2024-05-07,285.9675598144531
2024-05-08,283.2572021484375
2024-05-09,288.23443603515625
2024-05-10,284.58770751953125
2024-05-13,279.95550537109375
2024-05-14,281.8774108886719
2024-05-15,283.0600891113281
2024-05-16,290.0577392578125
2024-05-17,286.60821533203125
2024-05-21,287.5937805175781
2024-05-22,290.59979248046875
2024-05-23,288.67791748046875
2024-05-24,287.24884033203125
2024-05-27,281.3353271484375
2024-05-28,282.02520751953125
2024-05-29,281.2860412597656
2024-05-30,278.920654296875
2024-05-31,284.48919677734375
2024-06-03,283.70074462890625
2024-06-04,278.230712890625
2024-06-05,285.8690185546875
2024-06-06,289.36785888671875
2024-06-07,289.7620544433594
2024-06-10,294.2464904785156
2024-06-11,296.8089904785156
2024-06-12,298.09027099609375
2024-06-13,307.1083679199219
2024-06-14,302.91961669921875
2024-06-18,301.4905700683594
2024-06-19,308.43896484375
2024-06-20,309.9173278808594
2024-06-21,307.3055114746094
2024-06-24,313.268310546875
2024-06-25,309.62158203125
2024-06-26,295.6263122558594
2024-06-27,290.64910888671875
2024-06-28,289.959228515625
2024-07-01,290.2548522949219
2024-07-02,289.9098815917969
2024-07-03,297.54815673828125
2024-07-04,287.00244140625
2024-07-05,291.6346435546875
2024-07-08,294.9364013671875
2024-07-09,289.4664001464844
2024-07-10,289.22003173828125
2024-07-11,291.4375915527344
2024-07-12,290.8955383300781
2024-07-15,287.7416687011719
2024-07-16,287.938720703125
2024-07-18,285.8690185546875
2024-07-19,284.0950012207031
2024-07-22,277.19586181640625
2024-07-23,282.8629455566406
2024-07-24,286.11541748046875
2024-07-25,286.1647033691406
2024-07-26,285.4255065917969
2024-07-29,285.3761901855469
2024-07-30,285.4255065917969
2024-07-31,283.79925537109375
2024-08-01,287.4459533691406
2024-08-02,285.1297912597656
2024-08-05,283.2572021484375
2024-08-06,276.65380859375
2024-08-07,271.82440185546875
2024-08-08,271.7258605957031
2024-08-09,278.4278259277344
2024-08-12,274.3869323730469
2024-08-13,272.6129150390625
2024-08-14,273.6477355957031
2024-08-16,275.66827392578125
2024-08-19,274.0419921875
2024-08-20,272.16937255859375
2024-08-21,280.4482727050781
2024-08-22,273.4999084472656
2024-08-23,276.1117248535156
2024-08-26,276.9987487792969
2024-08-27,281.9266357421875
2024-08-28,283.79925537109375
2024-08-29,282.9615478515625
2024-08-30,286.06610107421875
2024-09-02,284.390625
2024-09-03,278.03363037109375
2024-09-04,280.4625244140625
2024-09-05,283.4246520996094
2024-09-06,283.12847900390625
2024-09-09,281.1043395996094
2024-09-10,280.80810546875
2024-09-11,275.9206848144531
2024-09-12,276.3155822753906
2024-09-13,279.2283020019531
2024-09-16,282.9309387207031
2024-09-17,293.3970642089844
2024-09-18,292.2122802734375
2024-09-19,291.1755065917969
2024-09-20,294.48321533203125
2024-09-23,296.35919189453125
2024-09-24,296.6060485839844
2024-09-25,293.6933288574219
2024-09-26,296.5566711425781
2024-09-27,284.1158142089844
2024-09-30,288.3121643066406
2024-10-01,285.201904296875
2024-10-03,278.7346496582031
2024-10-04,276.2662353515625
2024-10-07,271.3787536621094
2024-10-08,278.29034423828125
2024-10-09,279.0308837890625
2024-10-10,286.04119873046875
2024-10-11,290.08941650390625
2024-10-14,290.87933349609375
2024-10-15,292.06414794921875
2024-10-16,292.2615966796875
2024-10-17,296.1617431640625
2024-10-18,296.2110900878906
2024-10-21,292.5084533691406
2024-10-22,285.3006896972656
2024-10-23,290.43499755859375
2024-10-24,282.2891845703125
2024-10-25,278.6852722167969
2024-10-28,276.5130310058594
2024-10-29,273.156005859375
2024-10-30,281.89422607421875
2024-10-31,283.86895751953125
2024-11-01,288.5096130371094
2024-11-04,285.89306640625
2024-11-05,289.0032958984375
2024-11-06,296.9516296386719
2024-11-07,296.8529052734375
2024-11-08,294.5819396972656
2024-11-11,293.2489929199219
2024-11-12,295.2731018066406
2024-11-13,282.2397766113281
2024-11-14,289.6451110839844
2024-11-18,282.58538818359375
2024-11-19,287.9172058105469
2024-11-21,273.7977294921875
2024-11-22,275.4763488769531
2024-11-25,274.5876770019531
2024-11-26,275.4763488769531
2024-11-27,278.6358947753906
2024-11-28,274.4889221191406
2024-11-29,274.2421569824219
2024-12-02,271.9217834472656
2024-12-03,278.5865478515625
2024-12-04,277.0561218261719
2024-12-05,274.2914733886719
2024-12-06,273.84716796875
2024-12-09,273.4522399902344
2024-12-10,272.85980224609375
2024-12-11,270.7369689941406
2024-12-12,264.12152099609375
2024-12-13,262.294921875
2024-12-16,261.1100769042969
2024-12-17,267.1330261230469
2024-12-18,262.9367370605469
2024-12-19,262.8380126953125
2024-12-20,259.1847229003906
2024-12-23,262.9367370605469
2024-12-24,266.73809814453125
2024-12-26,267.42926025390625
2024-12-27,267.8242492675781
2024-12-30,264.8127136230469
2024-12-31,271.82305908203125
2025-01-01,268.071044921875
2025-01-02,266.63934326171875
2025-01-03,263.6278991699219
2025-01-06,254.198486328125
2025-01-07,260.1720886230469
2025-01-08,258.5923156738281
2025-01-09,254.44534301757812
2025-01-10,247.08944702148438
2025-01-13,244.81846618652344
2025-01-14,241.56015014648438
2025-01-15,243.92984008789062
2025-01-16,244.3247833251953
2025-01-17,240.0791015625
2025-01-20,239.9309844970703
2025-01-21,241.16522216796875
2025-01-22,237.2650909423828
2025-01-23,240.9677276611328
2025-01-24,238.69677734375
2025-01-27,237.41317749023438
2025-01-28,239.0917205810547
2025-01-29,257.4074401855469
2025-01-30,253.6060791015625
2025-01-31,250.59458923339844
2025-02-01,247.9287109375
2025-02-03,248.5211181640625
2025-02-04,249.0641632080078
2025-02-05,252.186767578125
2025-02-06,255.70587158203125
2025-02-07,259.2745361328125
2025-02-10,249.65895080566406
2025-02-11,241.28244018554688
2025-02-12,242.47203063964844
2025-02-13,242.7198486328125
2025-02-14,239.20074462890625
2025-02-17,236.4746551513672
2025-02-18,234.59117126464844
2025-02-19,235.53292846679688
2025-02-20,239.59725952148438
2025-02-21,238.2094268798828
2025-02-24,234.93812561035156
2025-02-25,231.71641540527344
2025-02-27,237.4659423828125
2025-02-28,231.5181427001953
2025-03-03,227.8305206298828
2025-03-04,229.5751953125
2025-03-05,246.5660858154297
2025-03-06,249.8671112060547
2025-03-07,251.28468322753906
2025-03-10,239.62698364257812
2025-03-11,238.27880859375
2025-03-12,243.78053283691406
2025-03-13,239.66664123535156
2025-03-17,239.755859375
2025-03-18,239.755859375
2025-03-19,242.47203063964844
2025-03-20,248.59823608398438
2025-03-21,252.75180053710938
2025-03-24,256.5484619140625
2025-03-25,260.166748046875
2025-03-26,253.57456970214844
2025-03-27,252.9401397705078
2025-03-28,243.9193115234375
2025-04-01,255.2003173828125
2025-04-02,253.58450317382812
2025-04-03,253.61422729492188
2025-04-04,252.88067626953125
2025-04-07,243.7606964111328
2025-04-08,252.70223999023438
2025-04-09,253.77284240722656
2025-04-11,257.539794921875
2025-04-15,264.1814880371094
2025-04-16,262.97210693359375
2025-04-17,269.03887939453125
2025-04-21,274.5108337402344
2025-04-22,276.9593811035156
2025-04-23,273.78717041015625
2025-04-24,281.8167419433594
2025-04-25,274.9073791503906
2025-04-28,270.5852966308594
2025-04-29,272.2507019042969
2025-04-30,265.36114501953125
2025-05-02,258.8780212402344
2025-05-05,264.7266845703125
2025-05-06,259.9189147949219
2025-05-07,265.42059326171875
2025-05-08,262.9423828125
2025-05-09,257.29193115234375
2025-05-12,266.0649719238281
2025-05-13,264.3301696777344
2025-05-14,270.4266662597656
2025-05-15,267.84930419921875
2025-05-16,272.8058166503906
2025-05-19,275.8292541503906
2025-05-20,269.2866516113281
2025-05-21,286.68402099609375
2025-05-22,286.2378845214844
2025-05-23,286.4857482910156
2025-05-26,289.5091857910156
2025-05-27,290.0544128417969
2025-05-28,289.0135498046875
2025-05-29,289.0631408691406
2025-05-30,291.9378662109375
2025-06-02,291.5413818359375
2025-06-03,289.4101257324219
2025-06-04,284.602294921875
2025-06-05,282.22314453125
2025-06-06,292.18572998046875
2025-06-09,299.27349853515625
2025-06-10,299.2239685058594
2025-06-11,298.7778625488281
2025-06-12,291.4917907714844
2025-06-13,287.87353515625
2025-06-16,288.3692321777344
2025-06-17,294.2674560546875
2025-06-18,290.450927734375
2025-06-19,285.8414001464844
2025-06-20,287.3778991699219
2025-06-23,287.87353515625
2025-06-24,297.9848327636719
2025-06-25,306.3117370605469
2025-06-26,306.26220703125
2025-06-27,308.64129638671875
2025-06-30,305.3699951171875
2025-07-01,306.90655517578125
2025-07-02,304.9734802246094
2025-07-03,304.7256774902344
2025-07-04,307.5508728027344
2025-07-07,306.46044921875
2025-07-08,308.8891296386719
2025-07-09,309.8308410644531
2025-07-10,312.40826416015625
2025-07-11,307.40216064453125
2025-07-14,304.6265563964844
2025-07-15,312.80474853515625
2025-07-16,343.1881103515625
2025-07-17,340.4620361328125
2025-07-18,336.199462890625
2025-07-21,335.5550842285156
2025-07-22,331.09423828125
2025-07-23,330.9951171875
2025-07-24,329.8551025390625
2025-07-25,317.9099426269531
2025-07-28,314.1925964355469
2025-07-29,309.28564453125
2025-07-30,305.3204345703125
2025-07-31,305.3699951171875
2025-08-01,302.3465270996094
2025-08-04,301.256103515625
2025-08-05,299.4222106933594
2025-08-06,303.7343444824219
2025-08-07,300.3143615722656
2025-08-08,299.7691345214844
2025-08-11,298.3318176269531
2025-08-12,302.3465270996094
2025-08-13,305.0726318359375
2025-08-14,297.88568115234375
2025-08-18,304.130859375
2025-08-19,310.6239013671875
2025-08-20,311.31781005859375
2025-08-21,309.5830078125
2025-08-22,311.1690979003906
2025-08-25,310.5247802734375
2025-08-26,305.35845947265625
2025-08-28,304.5636291503906
2025-08-29,308.09063720703125
2025-09-01,308.04095458984375
2025-09-02,304.9610900878906
2025-09-03,310.47509765625
2025-09-04,308.6370849609375
2025-09-05,308.7364501953125
2025-09-08,308.3390197753906
2025-09-09,317.0323181152344
2025-09-10,312.36279296875
2025-09-11,313.8530578613281
2025-09-12,320.65869140625
2025-09-15,317.8271179199219
2025-09-16,317.5787658691406
2025-09-17,314.3001403808594
2025-09-18,312.06475830078125
2025-09-19,313.306640625
2025-09-22,312.80987548828125
2025-09-23,312.36279296875
2025-09-24,314.1014404296875
2025-09-25,306.799072265625
2025-09-26,300.6889343261719
2025-09-29,298.25482177734375
2025-09-30,299.9437561035156
2025-10-01,304.8616943359375
2025-10-03,301.8314514160156
2025-10-06,306.15325927734375
2025-10-07,307.24615478515625
2025-10-08,302.0301818847656
2025-10-09,299.2483215332031
2025-10-10,302.8249816894531
2025-10-13,299.8941345214844
2025-10-14,297.65869140625
2025-10-15,299.1489562988281
2025-10-16,300.88763427734375
2025-10-17,295.4729309082031
2025-10-20,301.53338623046875
2025-10-21,306.1036376953125
2025-10-23,305.1100769042969
2025-10-24,306.2029724121094
2025-10-27,299.447021484375
2025-10-28,299.7450866699219
2025-10-29,301.4340515136719
2025-10-30,306.40167236328125
2025-10-31,303.4707946777344
2025-11-03,318.1252136230469
2025-11-04,310.77313232421875
2025-11-06,302.2288818359375
2025-11-07,305.35845947265625
2025-11-10,303.023681640625
2025-11-11,300.490234375
2025-11-12,306.0042419433594
2025-11-13,304.2655944824219
2025-11-14,307.24615478515625
2025-11-17,310.5247497558594
2025-11-18,315.2439880371094
2025-11-19,312.0150451660156
2025-11-20,316.2872009277344
2025-11-21,314.99560546875
2025-11-24,307.5939025878906
2025-11-25,305.6565246582031
2025-11-26,305.50750732421875
2025-11-27,302.4275817871094
2025-11-28,306.799072265625
2025-12-01,312.3131103515625
2025-12-02,316.1878356933594
2025-12-03,317.9761657714844
2025-12-04,306.9481201171875
2025-12-05,318.5226135253906
2025-12-08,309.03448486328125
2025-12-09,314.9459228515625
2025-12-10,317.28070068359375
2025-12-11,317.8768310546875
2025-12-12,320.95672607421875
2025-12-15,324.3843688964844
2025-12-16,315.44268798828125
2025-12-17,313.008544921875
2025-12-18,310.47509765625
2025-12-19,313.90277099609375
2025-12-22,313.90277099609375
2025-12-23,320.9070739746094
2025-12-24,319.0690612792969
2025-12-26,313.8033752441406
2025-12-29,310.5247497558594
2025-12-30,312.4124755859375
2025-12-31,321.503173828125
2026-01-01,317.5290832519531
2026-01-02,323.1921691894531
2026-01-05,318.4729309082031
2026-01-06,335.90924072265625
2026-01-07,332.97833251953125
2026-01-08,319.16839599609375
2026-01-09,308.58740234375
2026-01-12,311.7170104980469
2026-01-13,310.2763671875
2026-01-14,309.1338195800781
2026-01-15,309.1338195800781
2026-01-16,309.3325500488281
2026-01-19,308.5377197265625
2026-01-20,301.68243408203125
2026-01-21,298.3541259765625
2026-01-22,304.7623596191406
2026-01-23,299.9437561035156
2026-01-27,312.36279296875
2026-01-28,315.1446533203125
2026-01-29,318.870361328125
2026-01-30,323.1921691894531
2026-02-02,306.8487548828125
2026-02-03,316.2872009277344
2026-02-04,310.5020446777344
2026-02-05,312.74627685546875
2026-02-06,323.6183776855469
2026-02-09,331.1490173339844
2026-02-10,334.7397766113281
2026-02-11,328.9546203613281
2026-02-12,335.1885986328125
2026-02-13,334.889404296875
2026-02-16,342.46990966796875
2026-02-17,336.9341125488281
2026-02-18,336.1361999511719
2026-02-19,329.9022216796875
2026-02-20,331.5479736328125
2026-02-23,340.2256774902344
2026-02-24,337.2832336425781
2026-02-25,339.0786437988281
2026-02-26,338.03131103515625
2026-02-27,323.51861572265625
2026-03-02,314.54168701171875
2026-03-04,305.21563720703125
2026-03-05,302.273193359375
2026-03-06,300.12872314453125
2026-03-09,300.4778137207031
2026-03-10,308.55706787109375
2026-03-11,302.622314453125
2026-03-12,303.2706298828125
2026-03-13,300.8269348144531
2026-03-16,293.6453857421875
2026-03-17,293.8947448730469
2026-03-18,299.4803771972656
2026-03-19,292.14923095703125
2026-03-20,301.77447509765625
2026-03-23,292.5481872558594
2026-03-24,297.13641357421875
2026-03-25,300.9765319824219
2026-03-27,291.4510192871094
2026-03-30,278.9331970214844
2026-04-01,292.4983215332031
2026-04-02,294.8423156738281
2026-04-06,302.3729553222656
2026-04-07,298.5328063964844
2026-04-08,310.75140380859375
2026-04-09,309.3550109863281
2026-04-10,307.6593933105469
2026-04-13,305.76422119140625
2026-04-15,312.89593505859375
2026-04-16,316.88568115234375
2026-04-17,316.3370666503906
2026-04-20,314.09283447265625
2026-04-21,315.09027099609375
2026-04-22,322.221923828125
2026-04-23,318.9802551269531
2026-04-24,319.52886962890625
2026-04-27,321.07489013671875
2026-04-28,317.8332214355469
2026-04-29,325.06463623046875
2026-04-30,339.02874755859375
2026-05-01,339.02874755859375
2026-05-04,346.0606994628906
2026-05-05,344.86376953125
2026-05-06,342.02105712890625
2026-05-07,346.35992431640625
2026-05-08,345.8612060546875
2026-05-11,346.509521484375
2026-05-12,330.6502990722656
2026-05-13,324.2666931152344
2026-05-14,324.216796875
2026-05-15,318.581298828125
2026-05-18,312.3473205566406
2026-05-19,311.7987365722656
2026-05-20,308.90618896484375
2026-05-21,305.21563720703125
2026-05-22,307.0110168457031
2026-05-25,304.4675598144531
2026-05-26,305.4151611328125
2026-05-27,314.591552734375
2026-05-28,314.591552734375
2026-05-29,308.1581115722656
2026-06-01,303.719482421875
2026-06-02,308.60693359375
2026-06-03,306.0135803222656
2026-06-04,305.0660400390625
2026-06-05,305.3652648925781
2026-06-08,295.59039306640625
2026-06-09,302.4726867675781
2026-06-10,296.23870849609375
2026-06-11,290.4535827636719
2026-06-12,299.6300048828125
2026-06-15,310.3025817871094
2026-06-16,311.89849853515625
2026-06-17,311.4994812011719
2026-06-18,319.2296142578125
2026-06-19,318.232177734375
2026-06-22,316.7859191894531
2026-06-23,309.90362548828125
2026-06-24,313.4943542480469
2026-06-25,311.1504211425781
2026-06-26,311.1504211425781
2026-06-29,309.0557861328125
2026-06-30,308.8064270019531
2026-07-01,309.0557861328125
2026-07-02,317.88311767578125
2026-07-03,321.2244873046875
2026-07-06,318.3818359375
2026-07-07,322.920166015625
2026-07-08,312.9956359863281
2026-07-09,312.4969177246094
2026-07-10,321.6235046386719
2026-07-13,329.70269775390625
2026-07-14,317.73345947265625
2026-07-15,322.72064208984375
2026-07-16,315.9380798339844
2026-07-17,312.9956359863281
2026-07-20,317.4342346191406
2026-07-21,320.1273498535156
2026-07-22,314.9406433105469
2026-07-23,314.19256591796875
2026-07-24,312.74627685546875
2026-07-27,317.4841003417969
2026-07-28,313.9432067871094
2026-07-29,324.4661560058594
2026-07-30,318.6810302734375
2026-07-31,318.9802551269531
2026-08-03,316.8357849121094
2026-08-04,309.9534606933594
2026-08-05,306.41259765625
2026-08-06,309.1555480957031
2026-08-07,301.3755187988281
2026-08-10,299.8793640136719
2026-08-11,299.3307800292969
2026-08-12,302.07373046875
2026-08-13,302.8716735839844
2026-08-14,300.7271728515625
2026-08-17,304.5174255371094
2026-08-18,302.1734924316406
2026-08-19,299.6799011230469
2026-08-20,299.4803771972656
2026-08-21,301.724609375
2026-08-24,291.8500061035156
2026-08-25,299.6000061035156
2026-08-26,297.25
2026-08-27,295.5
2026-08-28,294.3999938964844
2026-08-31,304.54998779296875
2026-09-01,304.5
2026-09-02,294.45001220703125
2026-09-03,292.70001220703125
2026-09-04,295.0
2026-09-07,295.25
2026-09-08,290.1499938964844
2026-09-09,288.8999938964844
2026-09-10,294.45001220703125
2026-09-11,295.95001220703125
2026-09-15,294.8999938964844
2026-09-16,288.04998779296875
2026-09-18,288.95001220703125
2026-09-21,292.20001220703125
