Date,NTPCGREEN
2024-11-27,121.6500015258789
2024-11-28,127.75
2024-11-29,124.83999633789062
2024-12-02,129.1999969482422
2024-12-03,142.1199951171875
2024-12-04,147.64999389648438
2024-12-05,141.10000610351562
2024-12-06,143.99000549316406
2024-12-09,144.69000244140625
2024-12-10,146.64999389648438
2024-12-11,148.61000061035156
2024-12-12,143.38999938964844
2024-12-13,144.1300048828125
2024-12-16,141.72999572753906
2024-12-17,139.74000549316406
2024-12-18,135.49000549316406
2024-12-19,134.8300018310547
2024-12-20,131.6699981689453
2024-12-23,134.50999450683594
2024-12-24,133.00999450683594
2024-12-26,126.02999877929688
2024-12-27,129.83999633789062
2024-12-30,128.35000610351562
2024-12-31,127.19000244140625
2025-01-01,127.62000274658203
2025-01-02,127.94999694824219
2025-01-03,128.1699981689453
2025-01-06,124.26000213623047
2025-01-07,123.93000030517578
2025-01-08,125.44999694824219
2025-01-09,120.91999816894531
2025-01-10,116.31999969482422
2025-01-13,109.98999786376953
2025-01-14,120.9800033569336
2025-01-15,119.94000244140625
2025-01-16,122.91999816894531
2025-01-17,120.98999786376953
2025-01-20,119.80000305175781
2025-01-21,117.41000366210938
2025-01-22,113.95999908447266
2025-01-23,113.16999816894531
2025-01-24,112.31999969482422
2025-01-27,108.12000274658203
2025-01-28,110.11000061035156
2025-01-29,114.94000244140625
2025-01-30,113.95999908447266
2025-01-31,114.91000366210938
2025-02-01,114.91999816894531
2025-02-03,111.12999725341797
2025-02-04,111.12999725341797
2025-02-05,111.9800033569336
2025-02-06,111.41000366210938
2025-02-07,112.08999633789062
2025-02-10,110.01000213623047
2025-02-11,107.69999694824219
2025-02-12,107.4800033569336
2025-02-13,108.16999816894531
2025-02-14,106.8499984741211
2025-02-17,104.83000183105469
2025-02-18,104.79000091552734
2025-02-19,104.62000274658203
2025-02-20,105.9800033569336
2025-02-21,105.55000305175781
2025-02-24,98.4000015258789
2025-02-25,98.08000183105469
2025-02-27,93.02999877929688
2025-02-28,87.2699966430664
2025-03-03,87.91999816894531
2025-03-04,87.08000183105469
2025-03-05,91.06999969482422
2025-03-06,94.44999694824219
2025-03-07,97.23999786376953
2025-03-10,95.11000061035156
2025-03-11,95.58000183105469
2025-03-12,97.51000213623047
2025-03-13,96.25
2025-03-17,94.23999786376953
2025-03-18,94.23999786376953
2025-03-19,99.62999725341797
2025-03-20,99.16999816894531
2025-03-21,102.44000244140625
2025-03-24,103.86000061035156
2025-03-25,100.25
2025-03-26,99.9800033569336
2025-03-27,103.0999984741211
2025-03-28,100.61000061035156
2025-04-01,99.30000305175781
2025-04-02,98.52999877929688
2025-04-03,100.08999633789062
2025-04-04,96.69000244140625
2025-04-07,94.81999969482422
2025-04-08,96.41999816894531
2025-04-09,95.05000305175781
2025-04-11,95.79000091552734
2025-04-15,98.91999816894531
2025-04-16,105.76000213623047
2025-04-17,108.25
2025-04-21,107.44000244140625
2025-04-22,107.94000244140625
2025-04-23,107.26000213623047
2025-04-24,107.29000091552734
2025-04-25,103.37999725341797
2025-04-28,103.19999694824219
2025-04-29,103.86000061035156
2025-04-30,100.55000305175781
2025-05-02,100.5199966430664
2025-05-05,101.18000030517578
2025-05-06,97.80999755859375
2025-05-07,99.27999877929688
2025-05-08,97.91999816894531
2025-05-09,97.31999969482422
2025-05-12,101.76000213623047
2025-05-13,102.05999755859375
2025-05-14,102.0999984741211
2025-05-15,102.16000366210938
2025-05-16,104.70999908447266
2025-05-19,104.91999816894531
2025-05-20,103.13999938964844
2025-05-21,106.16000366210938
2025-05-22,112.18000030517578
2025-05-23,111.23999786376953
2025-05-26,112.58000183105469
2025-05-27,113.27999877929688
2025-05-28,116.6500015258789
2025-05-29,112.83000183105469
2025-05-30,111.26000213623047
2025-06-02,109.41999816894531
2025-06-03,107.56999969482422
2025-06-04,107.91000366210938
2025-06-05,109.06999969482422
2025-06-06,108.73999786376953
2025-06-09,112.58999633789062
2025-06-10,112.5199966430664
2025-06-11,111.95999908447266
2025-06-12,108.6500015258789
2025-06-13,107.44000244140625
2025-06-16,108.3499984741211
2025-06-17,107.22000122070312
2025-06-18,106.68000030517578
2025-06-19,104.01000213623047
2025-06-20,110.26000213623047
2025-06-23,108.30999755859375
2025-06-24,107.30000305175781
2025-06-25,107.23999786376953
2025-06-26,106.75
2025-06-27,105.93000030517578
2025-06-30,104.69000244140625
2025-07-01,107.55999755859375
2025-07-02,105.51000213623047
2025-07-03,106.43000030517578
2025-07-04,106.55000305175781
2025-07-07,106.93000030517578
2025-07-08,107.0199966430664
2025-07-09,107.37000274658203
2025-07-10,108.23999786376953
2025-07-11,112.18000030517578
2025-07-14,110.01000213623047
2025-07-15,110.08999633789062
2025-07-16,111.9800033569336
2025-07-17,112.0
2025-07-18,110.66000366210938
2025-07-21,109.52999877929688
2025-07-22,108.43000030517578
2025-07-23,107.95999908447266
2025-07-24,106.93000030517578
2025-07-25,105.77999877929688
2025-07-28,107.27999877929688
2025-07-29,105.97000122070312
2025-07-30,105.95999908447266
2025-07-31,104.2699966430664
2025-08-01,104.52999877929688
2025-08-04,105.08999633789062
2025-08-05,105.06999969482422
2025-08-06,104.3499984741211
2025-08-07,102.44999694824219
2025-08-08,101.83999633789062
2025-08-11,102.20999908447266
2025-08-12,102.68000030517578
2025-08-13,100.63999938964844
2025-08-14,100.80000305175781
2025-08-18,100.91999816894531
2025-08-19,103.05000305175781
2025-08-20,105.18000030517578
2025-08-21,103.51000213623047
2025-08-22,103.30999755859375
2025-08-25,101.76000213623047
2025-08-26,102.6500015258789
2025-08-28,103.20999908447266
2025-08-29,102.94999694824219
2025-09-01,104.2300033569336
2025-09-02,105.97000122070312
2025-09-03,105.0999984741211
2025-09-04,103.44000244140625
2025-09-05,104.05999755859375
2025-09-08,102.88999938964844
2025-09-09,103.1500015258789
2025-09-10,102.94000244140625
2025-09-11,102.37000274658203
2025-09-12,103.26000213623047
2025-09-15,103.55999755859375
2025-09-16,105.3499984741211
2025-09-17,104.08000183105469
2025-09-18,103.79000091552734
2025-09-19,104.02999877929688
2025-09-22,103.83000183105469
2025-09-23,103.01000213623047
2025-09-24,102.33000183105469
2025-09-25,101.72000122070312
2025-09-26,99.37999725341797
2025-09-29,97.12000274658203
2025-09-30,97.20999908447266
2025-10-01,98.1500015258789
2025-10-03,97.5999984741211
2025-10-06,98.16999816894531
2025-10-07,98.52999877929688
2025-10-08,98.55000305175781
2025-10-09,98.16999816894531
2025-10-10,99.58000183105469
2025-10-13,98.69999694824219
2025-10-14,98.75
2025-10-15,99.5999984741211
2025-10-16,99.95999908447266
2025-10-17,100.01000213623047
2025-10-20,99.9800033569336
2025-10-21,100.55000305175781
2025-10-23,100.77999877929688
2025-10-24,101.4800033569336
2025-10-27,101.01000213623047
2025-10-28,101.58999633789062
2025-10-29,105.04000091552734
2025-10-30,104.5999984741211
2025-10-31,103.13999938964844
2025-11-03,103.0
2025-11-04,100.73999786376953
2025-11-06,99.62999725341797
2025-11-07,98.95999908447266
2025-11-10,97.91999816894531
2025-11-11,98.01000213623047
2025-11-12,98.83000183105469
2025-11-13,99.11000061035156
2025-11-14,98.4800033569336
2025-11-17,99.18000030517578
2025-11-18,98.26000213623047
2025-11-19,98.18000030517578
2025-11-20,97.5
2025-11-21,97.12999725341797
2025-11-24,95.30000305175781
2025-11-25,94.75
2025-11-26,94.55000305175781
2025-11-27,95.0
2025-11-28,94.94999694824219
2025-12-01,94.83000183105469
2025-12-02,92.87999725341797
2025-12-03,91.73999786376953
2025-12-04,91.18000030517578
2025-12-05,91.20999908447266
2025-12-08,90.2699966430664
2025-12-09,90.83000183105469
2025-12-10,90.7699966430664
2025-12-11,90.87999725341797
2025-12-12,91.52999877929688
2025-12-15,90.47000122070312
2025-12-16,90.2699966430664
2025-12-17,90.3499984741211
2025-12-18,90.05999755859375
2025-12-19,89.91999816894531
2025-12-22,90.61000061035156
2025-12-23,90.4800033569336
2025-12-24,93.2699966430664
2025-12-26,92.9800033569336
2025-12-29,95.04000091552734
2025-12-30,93.69999694824219
2025-12-31,94.55000305175781
2026-01-01,95.20999908447266
2026-01-02,97.11000061035156
2026-01-05,96.01000213623047
2026-01-06,93.94999694824219
2026-01-07,94.06999969482422
2026-01-08,92.45999908447266
2026-01-09,90.76000213623047
2026-01-12,90.30999755859375
2026-01-13,91.66000366210938
2026-01-14,91.75
2026-01-15,91.75
2026-01-16,92.4000015258789
2026-01-19,92.1500015258789
2026-01-20,90.58999633789062
2026-01-21,89.3499984741211
2026-01-22,91.16999816894531
2026-01-23,90.30000305175781
2026-01-27,90.05999755859375
2026-01-28,93.56999969482422
2026-01-29,92.33000183105469
2026-01-30,86.16999816894531
2026-02-02,85.18000030517578
2026-02-03,86.91000366210938
2026-02-04,87.58000183105469
2026-02-05,86.38999938964844
2026-02-06,87.0999984741211
2026-02-09,88.01000213623047
2026-02-10,89.47000122070312
2026-02-11,88.98999786376953
2026-02-12,89.08000183105469
2026-02-13,89.01000213623047
2026-02-16,89.52999877929688
2026-02-17,89.91000366210938
2026-02-18,89.54000091552734
2026-02-19,90.51000213623047
2026-02-20,90.29000091552734
2026-02-23,90.33999633789062
2026-02-24,89.9000015258789
2026-02-25,90.22000122070312
2026-02-26,90.19000244140625
2026-02-27,90.13999938964844
2026-03-02,87.7300033569336
2026-03-04,85.88999938964844
2026-03-05,87.33000183105469
2026-03-06,87.94000244140625
2026-03-09,86.33999633789062
2026-03-10,86.70999908447266
2026-03-11,86.7300033569336
2026-03-12,97.6500015258789
2026-03-13,98.1500015258789
2026-03-16,98.5
2026-03-17,96.12000274658203
2026-03-18,97.8499984741211
2026-03-19,98.87999725341797
2026-03-20,101.0999984741211
2026-03-23,96.87999725341797
2026-03-24,95.69999694824219
2026-03-25,96.68000030517578
2026-03-27,95.05999755859375
2026-03-30,92.31999969482422
2026-04-01,98.20999908447266
2026-04-02,97.22000122070312
2026-04-06,98.05000305175781
2026-04-07,96.70999908447266
2026-04-08,97.16999816894531
2026-04-09,96.1500015258789
2026-04-10,97.16999816894531
2026-04-13,104.2300033569336
2026-04-15,107.27999877929688
2026-04-16,108.79000091552734
2026-04-17,111.95999908447266
2026-04-20,113.0
2026-04-21,111.69000244140625
2026-04-22,113.55999755859375
2026-04-23,113.79000091552734
2026-04-24,110.30999755859375
2026-04-27,118.86000061035156
2026-04-28,115.80999755859375
2026-04-29,110.52999877929688
2026-04-30,109.8499984741211
2026-05-01,109.8499984741211
2026-05-04,111.29000091552734
2026-05-05,109.22000122070312
2026-05-06,108.19000244140625
2026-05-07,109.26000213623047
2026-05-08,107.52999877929688
2026-05-11,107.93000030517578
2026-05-12,107.16999816894531
2026-05-13,111.25
2026-05-14,109.51000213623047
2026-05-15,107.98999786376953
2026-05-18,106.97000122070312
2026-05-19,107.66000366210938
2026-05-20,105.93000030517578
2026-05-21,105.37999725341797
2026-05-22,104.38999938964844
2026-05-25,102.0199966430664
2026-05-26,103.04000091552734
2026-05-27,104.33000183105469
2026-05-28,104.33000183105469
2026-05-29,103.5199966430664
2026-06-01,99.61000061035156
2026-06-02,101.33999633789062
2026-06-03,101.05999755859375
2026-06-04,100.83999633789062
2026-06-05,100.86000061035156
2026-06-08,99.77999877929688
2026-06-09,100.41000366210938
2026-06-10,98.31999969482422
2026-06-11,97.06999969482422
2026-06-12,98.33000183105469
2026-06-15,98.7300033569336
2026-06-16,98.13999938964844
2026-06-17,96.98999786376953
2026-06-18,95.83999633789062
2026-06-19,96.04000091552734
2026-06-22,97.18000030517578
2026-06-23,95.7300033569336
2026-06-24,94.66999816894531
2026-06-25,95.72000122070312
2026-06-26,95.72000122070312
2026-06-29,94.47000122070312
2026-06-30,95.5
2026-07-01,95.08000183105469
2026-07-02,96.47000122070312
2026-07-03,95.44000244140625
2026-07-06,95.02999877929688
2026-07-07,92.66999816894531
2026-07-08,92.69999694824219
2026-07-09,92.98999786376953
2026-07-10,94.0999984741211
2026-07-13,94.55000305175781
2026-07-14,94.1500015258789
2026-07-15,92.9800033569336
2026-07-16,93.05000305175781
2026-07-17,91.97000122070312
2026-07-20,91.9800033569336
2026-07-21,92.54000091552734
2026-07-22,91.30000305175781
2026-07-23,97.22000122070312
2026-07-24,96.31999969482422
2026-07-27,93.69000244140625
2026-07-28,92.2699966430664
2026-07-29,91.4800033569336
2026-07-30,90.61000061035156
2026-07-31,90.02999877929688
2026-08-03,90.69999694824219
2026-08-04,90.72000122070312
2026-08-05,90.66000366210938
2026-08-06,91.33000183105469
2026-08-07,91.5
2026-08-10,91.87999725341797
2026-08-11,93.01000213623047
2026-08-12,92.45999908447266
2026-08-13,92.36000061035156
2026-08-14,91.93000030517578
2026-08-17,92.13999938964844
2026-08-18,92.16999816894531
2026-08-19,91.69999694824219
2026-08-20,91.87999725341797
2026-08-21,91.43000030517578
2026-08-24,91.44000244140625
2026-08-25,91.6500015258789
2026-08-26,91.2699966430664
2026-08-27,90.98999786376953
2026-08-28,90.81999969482422
2026-08-31,89.51000213623047
2026-09-01,89.20999908447266
2026-09-02,88.12000274658203
2026-09-03,88.7300033569336
2026-09-04,89.36000061035156
2026-09-07,88.16000366210938
2026-09-08,88.44000244140625
2026-09-09,88.02999877929688
2026-09-10,87.72000122070312
2026-09-11,86.94000244140625
2026-09-14,86.94000244140625
2026-09-15,85.86000061035156
2026-09-16,87.58999633789062
2026-09-17,87.58000183105469
2026-09-18,88.55000305175781
2026-09-21,91.33999633789062
