Date,SCHNEIDER
2012-03-20,61.446372985839844
2012-03-21,64.48137664794922
2012-03-22,66.57105255126953
2012-03-23,68.41195678710938
2012-03-26,69.25777435302734
2012-03-27,66.81982421875
2012-03-28,63.48629379272461
2012-03-29,63.23752212524414
2012-03-30,66.37203216552734
2012-04-02,69.65580749511719
2012-04-03,76.1736068725586
2012-04-04,84.23377227783203
2012-04-09,80.15393829345703
2012-04-10,81.04950714111328
2012-04-11,82.24360656738281
2012-04-12,87.41803741455078
2012-04-13,88.46287536621094
2012-04-16,90.3535385131836
2012-04-17,90.05500793457031
2012-04-18,85.32836151123047
2012-04-19,92.9905014038086
2012-04-20,93.78656768798828
2012-04-23,90.30377960205078
2012-04-24,89.80623626708984
2012-04-25,89.95550537109375
2012-04-26,89.15943145751953
2012-04-27,87.4677963256836
2012-04-30,89.30870056152344
2012-05-02,92.14468383789062
2012-05-03,91.49787902832031
2012-05-04,88.26385498046875
2012-05-07,89.60722351074219
2012-05-08,87.06976318359375
2012-05-09,86.57221984863281
2012-05-10,83.78598022460938
2012-05-11,81.64656066894531
2012-05-14,81.5968017578125
2012-05-15,82.39287567138672
2012-05-16,81.5968017578125
2012-05-17,81.5968017578125
2012-05-18,80.50221252441406
2012-05-21,82.19385528564453
2012-05-22,80.50221252441406
2012-05-23,81.39778900146484
2012-05-24,82.64164733886719
2012-05-25,87.21902465820312
2012-05-28,88.01508331298828
2012-05-29,86.8707504272461
2012-05-30,83.33819580078125
2012-05-31,79.35786437988281
2012-06-01,76.12384796142578
2012-06-04,76.52188110351562
2012-06-05,76.671142578125
2012-06-06,77.96475219726562
2012-06-07,77.66622924804688
2012-06-08,76.91991424560547
2012-06-11,77.71598052978516
2012-06-12,78.16377258300781
2012-06-13,77.26819610595703
2012-06-14,75.62630462646484
2012-06-15,74.18344116210938
2012-06-18,74.28294372558594
2012-06-19,72.88983154296875
2012-06-20,72.59130096435547
2012-06-21,77.4174575805664
2012-06-22,76.82040405273438
2012-06-25,75.8253173828125
2012-06-26,76.96966552734375
2012-06-27,75.1287612915039
2012-06-28,74.43221282958984
2012-06-29,74.5317153930664
2012-07-02,73.63613891601562
2012-07-03,75.17852020263672
2012-07-04,77.26819610595703
2012-07-05,81.79581451416016
2012-07-06,80.2534408569336
2012-07-09,80.10417938232422
2012-07-10,82.84066009521484
2012-07-11,81.94508361816406
2012-07-12,81.29827880859375
2012-07-13,81.6963119506836
2012-07-16,80.20368957519531
2012-07-17,79.75590515136719
2012-07-18,80.94999694824219
2012-07-19,80.1500015258789
2012-07-20,82.25
2012-07-23,80.55000305175781
2012-07-24,79.25
2012-07-25,76.94999694824219
2012-07-26,75.75
2012-07-27,74.0
2012-07-30,75.94999694824219
2012-07-31,76.9000015258789
2012-08-01,79.0
2012-08-02,82.75
2012-08-03,86.4000015258789
2012-08-06,85.05000305175781
2012-08-07,84.5
2012-08-08,81.9000015258789
2012-08-09,80.44999694824219
2012-08-10,80.19999694824219
2012-08-13,84.0999984741211
2012-08-14,83.8499984741211
2012-08-16,83.80000305175781
2012-08-17,83.55000305175781
2012-08-21,85.30000305175781
2012-08-22,86.69999694824219
2012-08-23,89.9000015258789
2012-08-24,89.0
2012-08-27,88.75
2012-08-28,87.0
2012-08-29,88.05000305175781
2012-08-30,88.44999694824219
2012-08-31,86.8499984741211
2012-09-03,85.44999694824219
2012-09-04,89.1500015258789
2012-09-05,87.0999984741211
2012-09-06,88.30000305175781
2012-09-07,88.1500015258789
2012-09-10,90.5999984741211
2012-09-11,91.05000305175781
2012-09-12,90.0999984741211
2012-09-13,90.69999694824219
2012-09-14,92.80000305175781
2012-09-17,90.75
2012-09-18,97.94999694824219
2012-09-20,97.0999984741211
2012-09-21,94.80000305175781
2012-09-24,99.5
2012-09-25,97.55000305175781
2012-09-26,96.44999694824219
2012-09-27,94.94999694824219
2012-09-28,93.6500015258789
2012-10-01,93.80000305175781
2012-10-03,93.5999984741211
2012-10-04,93.4000015258789
2012-10-05,92.0999984741211
2012-10-08,91.0999984741211
2012-10-09,89.9000015258789
2012-10-10,90.0999984741211
2012-10-11,92.75
2012-10-12,91.19999694824219
2012-10-15,91.19999694824219
2012-10-16,89.69999694824219
2012-10-17,92.25
2012-10-18,94.25
2012-10-19,94.5
2012-10-22,93.6500015258789
2012-10-23,93.6500015258789
2012-10-25,93.4000015258789
2012-10-29,92.80000305175781
2012-10-30,91.25
2012-10-31,91.4000015258789
2012-11-01,91.05000305175781
2012-11-02,90.69999694824219
2012-11-05,87.8499984741211
2012-11-06,88.5
2012-11-07,88.44999694824219
2012-11-08,88.8499984741211
2012-11-09,87.5
2012-11-12,84.8499984741211
2012-11-15,92.75
2012-11-16,88.0
2012-11-19,87.6500015258789
2012-11-20,87.69999694824219
2012-11-21,87.5
2012-11-22,87.0
2012-11-23,88.1500015258789
2012-11-26,87.55000305175781
2012-11-27,88.05000305175781
2012-11-29,87.8499984741211
2012-11-30,99.05000305175781
2012-12-03,97.5999984741211
2012-12-04,95.44999694824219
2012-12-05,94.1500015258789
2012-12-06,95.1500015258789
2012-12-07,93.69999694824219
2012-12-10,92.8499984741211
2012-12-11,92.9000015258789
2012-12-12,93.0999984741211
2012-12-13,91.9000015258789
2012-12-14,93.0
2012-12-17,92.0
2012-12-18,92.0
2012-12-19,90.9000015258789
2012-12-20,88.94999694824219
2012-12-21,88.69999694824219
2012-12-24,87.0999984741211
2012-12-26,86.25
2012-12-27,85.1500015258789
2012-12-28,84.69999694824219
2012-12-31,84.55000305175781
2013-01-01,85.75
2013-01-02,84.69999694824219
2013-01-03,83.69999694824219
2013-01-04,84.6500015258789
2013-01-07,85.44999694824219
2013-01-08,86.94999694824219
2013-01-09,88.05000305175781
2013-01-10,86.55000305175781
2013-01-11,85.19999694824219
2013-01-14,85.5
2013-01-15,85.3499984741211
2013-01-16,85.4000015258789
2013-01-17,85.6500015258789
2013-01-18,84.55000305175781
2013-01-21,84.3499984741211
2013-01-22,84.69999694824219
2013-01-23,83.3499984741211
2013-01-24,82.30000305175781
2013-01-25,84.8499984741211
2013-01-28,84.69999694824219
2013-01-29,85.3499984741211
2013-01-30,86.5999984741211
2013-01-31,86.1500015258789
2013-02-01,86.0
2013-02-04,87.4000015258789
2013-02-05,87.0999984741211
2013-02-06,86.80000305175781
2013-02-07,86.55000305175781
2013-02-08,84.25
2013-02-11,84.4000015258789
2013-02-12,82.8499984741211
2013-02-13,81.19999694824219
2013-02-14,78.8499984741211
2013-02-15,77.5
2013-02-18,77.9000015258789
2013-02-19,78.1500015258789
2013-02-20,79.05000305175781
2013-02-21,79.0
2013-02-22,77.0999984741211
2013-02-25,78.0
2013-02-26,75.05000305175781
2013-02-27,77.94999694824219
2013-02-28,79.05000305175781
2013-03-01,80.5999984741211
2013-03-04,78.0
2013-03-05,75.8499984741211
2013-03-06,76.30000305175781
2013-03-07,74.69999694824219
2013-03-08,74.6500015258789
2013-03-11,75.80000305175781
2013-03-12,77.0
2013-03-13,77.0
2013-03-14,75.5999984741211
2013-03-15,75.4000015258789
2013-03-18,73.3499984741211
2013-03-19,75.0
2013-03-20,74.6500015258789
2013-03-21,75.0
2013-03-22,74.1500015258789
2013-03-25,73.25
2013-03-26,72.80000305175781
2013-03-28,72.80000305175781
2013-04-01,73.19999694824219
2013-04-02,75.75
2013-04-03,75.80000305175781
2013-04-04,74.1500015258789
2013-04-05,75.5
2013-04-08,74.80000305175781
2013-04-09,74.3499984741211
2013-04-10,74.0
2013-04-11,74.0
2013-04-12,74.0999984741211
2013-04-15,73.30000305175781
2013-04-16,74.19999694824219
2013-04-17,73.80000305175781
2013-04-18,74.8499984741211
2013-04-22,75.75
2013-04-23,75.8499984741211
2013-04-25,74.3499984741211
2013-04-26,74.75
2013-04-29,75.94999694824219
2013-04-30,76.44999694824219
2013-05-02,74.75
2013-05-03,74.19999694824219
2013-05-06,74.8499984741211
2013-05-07,74.30000305175781
2013-05-08,74.8499984741211
2013-05-09,76.75
2013-05-10,77.0
2013-05-13,76.9000015258789
2013-05-14,78.75
2013-05-15,76.80000305175781
2013-05-16,78.19999694824219
2013-05-17,84.0999984741211
2013-05-20,81.1500015258789
2013-05-21,80.25
2013-05-22,80.69999694824219
2013-05-23,77.0
2013-05-24,76.69999694824219
2013-05-27,75.19999694824219
2013-05-28,74.94999694824219
2013-05-29,73.80000305175781
2013-05-30,73.25
2013-05-31,73.4000015258789
2013-06-03,73.4000015258789
2013-06-04,72.25
2013-06-05,72.5999984741211
2013-06-06,72.80000305175781
2013-06-07,71.69999694824219
2013-06-10,70.5
2013-06-11,70.0
2013-06-12,69.55000305175781
2013-06-13,69.55000305175781
2013-06-14,69.5999984741211
2013-06-17,69.75
2013-06-18,69.0999984741211
2013-06-19,68.9000015258789
2013-06-20,68.05000305175781
2013-06-21,68.5999984741211
2013-06-24,65.8499984741211
2013-06-25,65.25
2013-06-26,65.05000305175781
2013-06-27,65.69999694824219
2013-06-28,65.6500015258789
2013-07-01,70.4000015258789
2013-07-02,69.75
2013-07-03,68.69999694824219
2013-07-04,68.9000015258789
2013-07-05,68.0999984741211
2013-07-08,66.9000015258789
2013-07-09,67.94999694824219
2013-07-10,67.0999984741211
2013-07-11,71.30000305175781
2013-07-12,71.25
2013-07-15,70.94999694824219
2013-07-16,70.25
2013-07-17,69.25
2013-07-18,73.0
2013-07-19,72.6500015258789
2013-07-22,70.3499984741211
2013-07-23,70.25
2013-07-24,68.5999984741211
2013-07-25,67.5999984741211
2013-07-26,66.3499984741211
2013-07-29,65.80000305175781
2013-07-30,65.30000305175781
2013-07-31,63.349998474121094
2013-08-01,63.29999923706055
2013-08-02,61.95000076293945
2013-08-05,60.20000076293945
2013-08-06,57.150001525878906
2013-08-07,56.849998474121094
2013-08-08,60.20000076293945
2013-08-12,62.20000076293945
2013-08-13,60.900001525878906
2013-08-14,61.650001525878906
2013-08-16,58.0
2013-08-19,58.0
2013-08-20,57.0
2013-08-21,56.04999923706055
2013-08-22,55.849998474121094
2013-08-23,58.0
2013-08-26,57.95000076293945
2013-08-27,56.099998474121094
2013-08-28,55.0
2013-08-29,57.150001525878906
2013-08-30,58.45000076293945
2013-09-02,58.650001525878906
2013-09-03,58.900001525878906
2013-09-04,58.75
2013-09-05,66.3499984741211
2013-09-06,69.8499984741211
2013-09-10,67.5999984741211
2013-09-11,66.9000015258789
2013-09-12,66.1500015258789
2013-09-13,66.80000305175781
2013-09-16,64.05000305175781
2013-09-17,63.45000076293945
2013-09-18,63.099998474121094
2013-09-19,63.0
2013-09-20,61.900001525878906
2013-09-23,61.650001525878906
2013-09-24,61.20000076293945
2013-09-25,58.54999923706055
2013-09-26,58.599998474121094
2013-09-27,59.25
2013-09-30,58.25
2013-10-01,58.650001525878906
2013-10-03,58.650001525878906
2013-10-04,59.0
2013-10-07,58.75
2013-10-08,58.75
2013-10-09,59.29999923706055
2013-10-10,62.150001525878906
2013-10-11,61.25
2013-10-14,59.900001525878906
2013-10-15,58.650001525878906
2013-10-17,59.20000076293945
2013-10-18,59.75
2013-10-21,62.0
2013-10-22,64.25
2013-10-23,63.5
2013-10-24,64.55000305175781
2013-10-25,63.79999923706055
2013-10-28,65.4000015258789
2013-10-29,64.5
2013-10-30,63.900001525878906
2013-10-31,64.3499984741211
2013-11-01,63.70000076293945
2013-11-05,63.349998474121094
2013-11-06,67.55000305175781
2013-11-07,64.4000015258789
2013-11-08,63.599998474121094
2013-11-11,63.0
2013-11-12,61.900001525878906
2013-11-13,61.5
2013-11-14,61.900001525878906
2013-11-18,61.849998474121094
2013-11-19,62.0
2013-11-20,62.45000076293945
2013-11-21,63.849998474121094
2013-11-22,65.94999694824219
2013-11-25,68.3499984741211
2013-11-26,66.69999694824219
2013-11-27,65.1500015258789
2013-11-28,66.05000305175781
2013-11-29,67.0
2013-12-02,66.55000305175781
2013-12-03,69.19999694824219
2013-12-04,68.69999694824219
2013-12-05,67.5999984741211
2013-12-06,67.5
2013-12-09,66.55000305175781
2013-12-10,66.55000305175781
2013-12-11,66.75
2013-12-12,68.5999984741211
2013-12-13,68.8499984741211
2013-12-16,66.55000305175781
2013-12-17,66.9000015258789
2013-12-18,66.80000305175781
2013-12-19,66.25
2013-12-20,69.0
2013-12-23,69.69999694824219
2013-12-24,71.19999694824219
2013-12-26,70.5999984741211
2013-12-27,71.05000305175781
2013-12-30,72.94999694824219
2013-12-31,72.19999694824219
2014-01-01,72.80000305175781
2014-01-02,73.8499984741211
2014-01-03,73.3499984741211
2014-01-06,71.19999694824219
2014-01-07,70.80000305175781
2014-01-08,70.5999984741211
2014-01-09,69.05000305175781
2014-01-10,66.94999694824219
2014-01-13,74.30000305175781
2014-01-14,76.4000015258789
2014-01-15,73.0
2014-01-16,71.55000305175781
2014-01-17,69.05000305175781
2014-01-20,71.30000305175781
2014-01-21,73.5999984741211
2014-01-22,72.75
2014-01-23,71.69999694824219
2014-01-24,69.75
2014-01-27,66.55000305175781
2014-01-28,66.55000305175781
2014-01-29,65.05000305175781
2014-01-30,63.849998474121094
2014-01-31,64.6500015258789
2014-02-03,66.1500015258789
2014-02-04,67.19999694824219
2014-02-05,67.0999984741211
2014-02-06,67.44999694824219
2014-02-07,69.0
2014-02-10,68.69999694824219
2014-02-11,67.4000015258789
2014-02-12,66.25
2014-02-13,67.05000305175781
2014-02-14,66.55000305175781
2014-02-17,65.8499984741211
2014-02-18,67.05000305175781
2014-02-19,69.0
2014-02-20,67.3499984741211
2014-02-21,67.8499984741211
2014-02-24,67.30000305175781
2014-02-25,67.25
2014-02-26,68.05000305175781
2014-02-28,67.5999984741211
2014-03-03,68.5
2014-03-04,69.55000305175781
2014-03-05,72.30000305175781
2014-03-06,76.0
2014-03-07,76.1500015258789
2014-03-10,78.05000305175781
2014-03-11,81.30000305175781
2014-03-12,80.0
2014-03-13,81.75
2014-03-14,81.6500015258789
2014-03-18,81.0
2014-03-19,80.1500015258789
2014-03-20,79.25
2014-03-21,80.44999694824219
2014-03-24,81.0999984741211
2014-03-25,86.0999984741211
2014-03-26,84.75
2014-03-27,83.69999694824219
2014-03-28,83.6500015258789
2014-03-31,86.30000305175781
2014-04-01,85.80000305175781
2014-04-02,88.69999694824219
2014-04-03,87.19999694824219
2014-04-04,88.05000305175781
2014-04-07,86.55000305175781
2014-04-09,92.5999984741211
2014-04-10,92.80000305175781
2014-04-11,90.5999984741211
2014-04-15,89.9000015258789
2014-04-16,90.0999984741211
2014-04-17,91.8499984741211
2014-04-21,90.8499984741211
2014-04-22,89.4000015258789
2014-04-23,91.05000305175781
2014-04-24,91.05000305175781
2014-04-25,96.0
2014-04-28,92.94999694824219
2014-04-29,92.9000015258789
2014-04-30,92.19999694824219
2014-05-02,92.0
2014-05-05,91.8499984741211
2014-05-06,92.5
2014-05-07,93.0999984741211
2014-05-08,93.0
2014-05-09,94.0
2014-05-12,94.30000305175781
2014-05-13,94.9000015258789
2014-05-14,96.55000305175781
2014-05-15,93.94999694824219
2014-05-16,104.0999984741211
2014-05-19,113.80000305175781
2014-05-20,115.30000305175781
2014-05-21,118.9000015258789
2014-05-22,115.4000015258789
2014-05-23,119.44999694824219
2014-05-26,115.5
2014-05-27,112.19999694824219
2014-05-28,118.55000305175781
2014-05-29,120.30000305175781
2014-05-30,119.44999694824219
2014-06-02,118.55000305175781
2014-06-03,122.44999694824219
2014-06-04,122.55000305175781
2014-06-05,124.5
2014-06-06,125.30000305175781
2014-06-09,126.30000305175781
2014-06-10,124.3499984741211
2014-06-11,127.80000305175781
2014-06-12,130.0500030517578
2014-06-13,125.6500015258789
2014-06-16,123.4000015258789
2014-06-17,125.55000305175781
2014-06-18,124.75
2014-06-19,122.9000015258789
2014-06-20,121.75
2014-06-23,120.3499984741211
2014-06-24,126.3499984741211
2014-06-25,126.3499984741211
2014-06-26,123.30000305175781
2014-06-27,125.75
2014-06-30,132.0
2014-07-01,138.60000610351562
2014-07-02,144.4499969482422
2014-07-03,138.75
2014-07-04,138.39999389648438
2014-07-07,134.64999389648438
2014-07-08,132.25
2014-07-09,130.5
2014-07-10,131.89999389648438
2014-07-11,130.0
2014-07-14,130.10000610351562
2014-07-15,135.4499969482422
2014-07-16,135.35000610351562
2014-07-17,137.85000610351562
2014-07-18,144.25
2014-07-21,147.10000610351562
2014-07-22,140.5500030517578
2014-07-23,140.14999389648438
2014-07-24,139.14999389648438
2014-07-25,140.0500030517578
2014-07-28,139.4499969482422
2014-07-30,139.25
2014-07-31,140.0
2014-08-01,136.25
2014-08-04,135.14999389648438
2014-08-05,135.3000030517578
2014-08-06,135.5
2014-08-07,129.75
2014-08-08,128.6999969482422
2014-08-11,131.9499969482422
2014-08-12,129.35000610351562
2014-08-13,123.75
2014-08-14,121.25
2014-08-18,126.8499984741211
2014-08-19,130.1999969482422
2014-08-20,130.5
2014-08-21,127.4000015258789
2014-08-22,125.3499984741211
2014-08-25,123.75
2014-08-26,125.9000015258789
2014-08-27,128.25
2014-08-28,134.39999389648438
2014-09-01,130.3000030517578
2014-09-02,135.0500030517578
2014-09-03,136.0
2014-09-04,132.89999389648438
2014-09-05,137.9499969482422
2014-09-08,143.1999969482422
2014-09-09,171.64999389648438
2014-09-10,162.14999389648438
2014-09-11,162.4499969482422
2014-09-12,157.9499969482422
2014-09-15,156.89999389648438
2014-09-16,155.89999389648438
2014-09-17,154.75
2014-09-18,154.0
2014-09-19,168.60000610351562
2014-09-22,165.6999969482422
2014-09-23,162.6999969482422
2014-09-24,162.0
2014-09-25,160.85000610351562
2014-09-26,161.9499969482422
2014-09-29,163.75
2014-09-30,160.10000610351562
2014-10-01,156.39999389648438
2014-10-07,153.75
2014-10-08,150.64999389648438
2014-10-09,148.6999969482422
2014-10-10,145.64999389648438
2014-10-13,155.85000610351562
2014-10-14,155.89999389648438
2014-10-15,155.89999389648438
2014-10-16,147.1999969482422
2014-10-17,149.75
2014-10-20,146.5
2014-10-21,147.9499969482422
2014-10-22,149.4499969482422
2014-10-27,147.5
2014-10-28,148.4499969482422
2014-10-29,151.1999969482422
2014-10-30,154.3000030517578
2014-10-31,154.0
2014-11-03,150.60000610351562
2014-11-05,153.1999969482422
2014-11-07,150.25
2014-11-10,149.4499969482422
2014-11-11,148.25
2014-11-12,146.35000610351562
2014-11-13,150.64999389648438
2014-11-14,152.14999389648438
2014-11-17,149.0500030517578
2014-11-18,153.10000610351562
2014-11-19,150.8000030517578
2014-11-20,147.39999389648438
2014-11-21,150.85000610351562
2014-11-24,149.8000030517578
2014-11-25,145.25
2014-11-26,146.25
2014-11-27,145.4499969482422
2014-11-28,143.75
2014-12-01,143.4499969482422
2014-12-02,144.25
2014-12-03,147.39999389648438
2014-12-04,154.0500030517578
2014-12-05,154.6999969482422
2014-12-08,149.39999389648438
2014-12-09,144.5
2014-12-10,165.75
2014-12-11,157.8000030517578
2014-12-12,155.8000030517578
2014-12-15,156.75
2014-12-16,146.8000030517578
2014-12-17,143.8000030517578
2014-12-18,151.3000030517578
2014-12-19,153.39999389648438
2014-12-22,149.60000610351562
2014-12-23,151.0500030517578
2014-12-24,150.0500030517578
2014-12-26,151.39999389648438
2014-12-29,150.5500030517578
2014-12-30,155.4499969482422
2014-12-31,155.0
2015-01-01,154.1999969482422
2015-01-02,151.8000030517578
2015-01-05,153.10000610351562
2015-01-06,148.14999389648438
2015-01-07,150.39999389648438
2015-01-08,155.0
2015-01-09,153.89999389648438
2015-01-12,155.10000610351562
2015-01-13,154.14999389648438
2015-01-14,151.1999969482422
2015-01-15,151.75
2015-01-16,150.9499969482422
2015-01-19,151.8000030517578
2015-01-20,151.25
2015-01-21,149.8000030517578
2015-01-22,150.1999969482422
2015-01-23,149.10000610351562
2015-01-27,158.4499969482422
2015-01-28,164.9499969482422
2015-01-29,159.6999969482422
2015-01-30,157.8000030517578
2015-02-02,157.1999969482422
2015-02-03,156.5500030517578
2015-02-04,159.8000030517578
2015-02-05,154.75
2015-02-06,154.10000610351562
2015-02-09,153.60000610351562
2015-02-10,150.0500030517578
2015-02-11,156.0
2015-02-12,159.89999389648438
2015-02-13,164.4499969482422
2015-02-16,163.5500030517578
2015-02-18,167.35000610351562
2015-02-19,179.3000030517578
2015-02-20,179.0500030517578
2015-02-23,179.1999969482422
2015-02-24,182.0500030517578
2015-02-25,177.10000610351562
2015-02-26,179.85000610351562
2015-02-27,191.9499969482422
2015-03-02,185.89999389648438
2015-03-03,190.3000030517578
2015-03-04,186.85000610351562
2015-03-05,192.35000610351562
2015-03-09,186.39999389648438
2015-03-10,183.1999969482422
2015-03-11,183.39999389648438
2015-03-12,185.60000610351562
2015-03-13,199.14999389648438
2015-03-16,189.64999389648438
2015-03-17,194.14999389648438
2015-03-18,193.60000610351562
2015-03-19,193.10000610351562
2015-03-20,192.14999389648438
2015-03-23,195.9499969482422
2015-03-24,192.0500030517578
2015-03-25,188.0
2015-03-26,187.9499969482422
2015-03-27,193.60000610351562
2015-03-30,210.1999969482422
2015-03-31,217.3000030517578
2015-04-01,225.25
2015-04-06,227.4499969482422
2015-04-07,226.0500030517578
2015-04-08,228.39999389648438
2015-04-09,225.64999389648438
2015-04-10,221.75
2015-04-13,222.14999389648438
2015-04-15,214.89999389648438
2015-04-16,208.35000610351562
2015-04-17,207.0
2015-04-20,200.5500030517578
2015-04-21,201.64999389648438
2015-04-22,202.4499969482422
2015-04-23,202.60000610351562
2015-04-24,191.6999969482422
2015-04-27,183.35000610351562
2015-04-28,186.64999389648438
2015-04-29,191.89999389648438
2015-04-30,188.8000030517578
2015-05-04,196.8000030517578
2015-05-05,195.4499969482422
2015-05-06,187.1999969482422
2015-05-07,179.89999389648438
2015-05-08,183.3000030517578
2015-05-11,186.35000610351562
2015-05-12,184.6999969482422
2015-05-13,190.14999389648438
2015-05-14,191.8000030517578
2015-05-15,192.75
2015-05-18,201.1999969482422
2015-05-19,199.5500030517578
2015-05-20,197.75
2015-05-21,202.75
2015-05-22,203.60000610351562
2015-05-25,198.6999969482422
2015-05-26,201.6999969482422
2015-05-27,202.14999389648438
2015-05-28,203.89999389648438
2015-05-29,218.89999389648438
2015-06-01,212.10000610351562
2015-06-02,207.1999969482422
2015-06-03,203.39999389648438
2015-06-04,205.5
2015-06-05,204.8000030517578
2015-06-08,202.85000610351562
2015-06-09,208.4499969482422
2015-06-10,214.35000610351562
2015-06-11,207.39999389648438
2015-06-12,206.8000030517578
2015-06-15,208.64999389648438
2015-06-16,206.60000610351562
2015-06-17,207.4499969482422
2015-06-18,222.60000610351562
2015-06-19,219.35000610351562
2015-06-22,216.8000030517578
2015-06-23,220.10000610351562
2015-06-24,226.3000030517578
2015-06-25,221.10000610351562
2015-06-26,219.0
2015-06-29,212.14999389648438
2015-06-30,210.64999389648438
2015-07-01,214.14999389648438
2015-07-02,215.60000610351562
2015-07-03,217.25
2015-07-06,218.60000610351562
2015-07-07,222.3000030517578
2015-07-08,217.3000030517578
2015-07-09,215.60000610351562
2015-07-10,214.39999389648438
2015-07-13,213.75
2015-07-14,215.0
2015-07-15,212.9499969482422
2015-07-16,215.10000610351562
2015-07-17,213.5
2015-07-20,216.60000610351562
2015-07-21,210.75
2015-07-22,212.6999969482422
2015-07-23,210.14999389648438
2015-07-24,206.0
2015-07-27,197.8000030517578
2015-07-28,195.75
2015-07-29,198.9499969482422
2015-07-30,201.5500030517578
2015-07-31,199.35000610351562
2015-08-03,198.14999389648438
2015-08-04,197.85000610351562
2015-08-05,223.60000610351562
2015-08-06,220.8000030517578
2015-08-07,212.25
2015-08-10,219.25
2015-08-11,211.3000030517578
2015-08-12,201.3000030517578
2015-08-13,195.8000030517578
2015-08-14,203.64999389648438
2015-08-17,197.75
2015-08-18,199.64999389648438
2015-08-19,203.60000610351562
2015-08-20,202.4499969482422
2015-08-21,199.10000610351562
2015-08-24,184.85000610351562
2015-08-25,178.6999969482422
2015-08-26,175.89999389648438
2015-08-27,187.60000610351562
2015-08-28,184.85000610351562
2015-08-31,184.14999389648438
2015-09-01,177.39999389648438
2015-09-02,171.85000610351562
2015-09-03,172.5500030517578
2015-09-04,167.5
2015-09-07,161.64999389648438
2015-09-08,164.39999389648438
2015-09-09,168.35000610351562
2015-09-10,166.6999969482422
2015-09-11,166.4499969482422
2015-09-14,168.6999969482422
2015-09-15,166.39999389648438
2015-09-16,166.0500030517578
2015-09-18,165.85000610351562
2015-09-21,168.0500030517578
2015-09-22,165.6999969482422
2015-09-23,166.1999969482422
2015-09-24,165.10000610351562
2015-09-28,162.8000030517578
2015-09-29,163.25
2015-09-30,166.75
2015-10-01,167.1999969482422
2015-10-05,168.10000610351562
2015-10-06,168.14999389648438
2015-10-07,168.85000610351562
2015-10-08,166.4499969482422
2015-10-09,169.6999969482422
2015-10-12,168.35000610351562
2015-10-13,166.64999389648438
2015-10-14,165.5500030517578
2015-10-15,166.5
2015-10-16,166.9499969482422
2015-10-19,168.64999389648438
2015-10-20,176.64999389648438
2015-10-21,174.1999969482422
2015-10-23,170.5
2015-10-26,166.25
2015-10-27,167.0500030517578
2015-10-28,167.5
2015-10-29,166.6999969482422
2015-10-30,167.3000030517578
2015-11-02,166.9499969482422
2015-11-03,167.5
2015-11-04,169.5
2015-11-05,168.39999389648438
2015-11-06,167.0500030517578
2015-11-09,163.5500030517578
2015-11-10,164.35000610351562
2015-11-13,171.0500030517578
2015-11-16,174.1999969482422
2015-11-17,172.35000610351562
2015-11-18,170.5500030517578
2015-11-19,170.5500030517578
2015-11-20,171.14999389648438
2015-11-23,170.25
2015-11-24,168.35000610351562
2015-11-26,168.6999969482422
2015-11-27,168.35000610351562
2015-11-30,171.0
2015-12-01,174.39999389648438
2015-12-02,171.5
2015-12-03,170.5500030517578
2015-12-04,168.9499969482422
2015-12-07,166.25
2015-12-08,162.1999969482422
2015-12-09,155.5
2015-12-10,158.5500030517578
2015-12-11,153.4499969482422
2015-12-14,161.5500030517578
2015-12-15,165.5
2015-12-16,164.4499969482422
2015-12-17,166.60000610351562
2015-12-18,163.89999389648438
2015-12-21,163.0
2015-12-22,162.9499969482422
2015-12-23,165.0
2015-12-24,163.35000610351562
2015-12-28,163.4499969482422
2015-12-29,164.64999389648438
2015-12-30,165.5500030517578
2015-12-31,164.3000030517578
2016-01-01,171.0
2016-01-04,165.75
2016-01-05,170.25
2016-01-06,173.64999389648438
2016-01-07,167.25
2016-01-08,177.9499969482422
2016-01-11,182.8000030517578
2016-01-12,173.25
2016-01-13,169.6999969482422
2016-01-14,168.0500030517578
2016-01-15,156.9499969482422
2016-01-18,147.0
2016-01-19,149.8000030517578
2016-01-20,144.64999389648438
2016-01-21,146.3000030517578
2016-01-22,151.60000610351562
2016-01-25,150.35000610351562
2016-01-27,152.0
2016-01-28,158.25
2016-01-29,160.3000030517578
2016-02-01,158.1999969482422
2016-02-02,153.4499969482422
2016-02-03,148.64999389648438
2016-02-04,147.0
2016-02-05,155.5500030517578
2016-02-08,149.3000030517578
2016-02-09,148.75
2016-02-10,145.6999969482422
2016-02-11,138.5
2016-02-12,136.5
2016-02-15,142.14999389648438
2016-02-16,139.39999389648438
2016-02-17,137.35000610351562
2016-02-18,143.0
2016-02-19,146.5
2016-02-22,145.5
2016-02-23,139.0500030517578
2016-02-24,138.35000610351562
2016-02-25,138.35000610351562
2016-02-26,136.4499969482422
2016-02-29,132.4499969482422
2016-03-01,142.0500030517578
2016-03-02,144.0500030517578
2016-03-03,149.8000030517578
2016-03-04,148.85000610351562
2016-03-08,149.0
2016-03-09,147.3000030517578
2016-03-10,146.25
2016-03-11,144.0500030517578
2016-03-14,141.6999969482422
2016-03-15,143.0500030517578
2016-03-16,146.75
2016-03-17,145.10000610351562
2016-03-18,143.89999389648438
2016-03-21,153.89999389648438
2016-03-22,151.1999969482422
2016-03-23,148.85000610351562
2016-03-28,144.39999389648438
2016-03-29,142.9499969482422
2016-03-30,144.64999389648438
2016-03-31,146.0500030517578
2016-04-01,143.9499969482422
2016-04-04,145.89999389648438
2016-04-05,143.5500030517578
2016-04-06,141.3000030517578
2016-04-07,140.5
2016-04-08,139.5
2016-04-11,139.3000030517578
2016-04-12,144.1999969482422
2016-04-13,147.9499969482422
2016-04-18,149.75
2016-04-20,148.60000610351562
2016-04-21,146.60000610351562
2016-04-22,145.35000610351562
2016-04-25,142.85000610351562
2016-04-26,143.89999389648438
2016-04-27,143.3000030517578
2016-04-28,141.75
2016-04-29,140.4499969482422
2016-05-02,138.39999389648438
2016-05-03,138.25
2016-05-04,136.0500030517578
2016-05-05,138.0500030517578
2016-05-06,139.8000030517578
2016-05-09,139.85000610351562
2016-05-10,137.64999389648438
2016-05-11,135.9499969482422
2016-05-12,135.3000030517578
2016-05-13,136.35000610351562
2016-05-16,134.9499969482422
2016-05-17,134.5
2016-05-18,134.10000610351562
2016-05-19,136.0500030517578
2016-05-20,133.6999969482422
2016-05-23,131.0500030517578
2016-05-24,129.64999389648438
2016-05-25,132.60000610351562
2016-05-26,129.5
2016-05-27,131.10000610351562
2016-05-30,131.64999389648438
2016-05-31,129.89999389648438
2016-06-01,135.39999389648438
2016-06-02,137.5500030517578
2016-06-03,137.85000610351562
2016-06-06,137.5
2016-06-07,135.5500030517578
2016-06-08,137.75
2016-06-09,143.9499969482422
2016-06-10,141.89999389648438
2016-06-13,138.5500030517578
2016-06-14,140.14999389648438
2016-06-15,141.5500030517578
2016-06-16,139.3000030517578
2016-06-17,137.6999969482422
2016-06-20,138.35000610351562
2016-06-21,140.5
2016-06-22,138.85000610351562
2016-06-23,137.9499969482422
2016-06-24,134.60000610351562
2016-06-27,136.5500030517578
2016-06-28,136.60000610351562
2016-06-29,138.39999389648438
2016-06-30,138.5500030517578
2016-07-01,147.39999389648438
2016-07-04,150.14999389648438
2016-07-05,147.1999969482422
2016-07-07,151.4499969482422
2016-07-08,147.0
2016-07-11,146.5
2016-07-12,147.75
2016-07-13,146.6999969482422
2016-07-14,144.75
2016-07-15,142.75
2016-07-18,141.85000610351562
2016-07-19,141.14999389648438
2016-07-20,142.64999389648438
2016-07-21,141.60000610351562
2016-07-22,142.10000610351562
2016-07-25,143.5500030517578
2016-07-26,143.89999389648438
2016-07-27,142.75
2016-07-28,142.25
2016-07-29,144.4499969482422
2016-08-01,141.5
2016-08-02,141.5
2016-08-03,140.39999389648438
2016-08-04,139.9499969482422
2016-08-05,139.4499969482422
2016-08-08,137.39999389648438
2016-08-09,134.3000030517578
2016-08-10,132.5
2016-08-11,133.85000610351562
2016-08-12,133.75
2016-08-16,131.64999389648438
2016-08-17,133.5
2016-08-18,135.1999969482422
2016-08-19,134.0
2016-08-22,133.14999389648438
2016-08-23,137.1999969482422
2016-08-24,137.89999389648438
2016-08-25,138.0
2016-08-26,135.9499969482422
2016-08-29,133.0500030517578
2016-08-30,132.5
2016-08-31,134.5
2016-09-01,131.75
2016-09-02,134.64999389648438
2016-09-06,136.0
2016-09-07,139.8000030517578
2016-09-08,137.5500030517578
2016-09-09,135.39999389648438
2016-09-12,132.64999389648438
2016-09-14,132.9499969482422
2016-09-15,132.85000610351562
2016-09-16,132.0500030517578
2016-09-19,132.35000610351562
2016-09-20,137.85000610351562
2016-09-21,137.0
2016-09-22,136.35000610351562
2016-09-23,145.1999969482422
2016-09-26,144.0
2016-09-27,141.85000610351562
2016-09-28,141.10000610351562
2016-09-29,134.5
2016-09-30,137.5
2016-10-03,141.4499969482422
2016-10-04,139.75
2016-10-05,144.75
2016-10-06,156.85000610351562
2016-10-07,158.4499969482422
2016-10-10,155.89999389648438
2016-10-13,157.6999969482422
2016-10-14,164.0
2016-10-17,165.4499969482422
2016-10-18,163.8000030517578
2016-10-19,159.85000610351562
2016-10-20,158.75
2016-10-21,161.85000610351562
2016-10-24,161.3000030517578
2016-10-25,159.9499969482422
2016-10-26,159.35000610351562
2016-10-27,156.85000610351562
2016-10-28,156.4499969482422
2016-11-01,168.35000610351562
2016-11-02,166.5
2016-11-03,161.6999969482422
2016-11-04,157.25
2016-11-07,158.60000610351562
2016-11-08,156.5
2016-11-09,152.75
2016-11-10,155.14999389648438
2016-11-11,148.5500030517578
2016-11-15,141.1999969482422
2016-11-16,136.8000030517578
2016-11-17,135.64999389648438
2016-11-18,136.4499969482422
2016-11-21,132.3000030517578
2016-11-22,130.60000610351562
2016-11-23,141.0
2016-11-24,140.25
2016-11-25,141.1999969482422
2016-11-28,142.75
2016-11-29,145.6999969482422
2016-11-30,150.75
2016-12-01,142.85000610351562
2016-12-02,139.85000610351562
2016-12-05,141.4499969482422
2016-12-06,142.39999389648438
2016-12-07,141.39999389648438
2016-12-08,142.35000610351562
2016-12-09,142.10000610351562
2016-12-12,141.8000030517578
2016-12-13,145.6999969482422
2016-12-14,141.5500030517578
2016-12-15,141.4499969482422
2016-12-16,139.1999969482422
2016-12-19,138.5
2016-12-20,138.89999389648438
2016-12-21,139.9499969482422
2016-12-22,137.64999389648438
2016-12-23,138.5500030517578
2016-12-26,133.64999389648438
2016-12-27,134.6999969482422
2016-12-28,134.5
2016-12-29,134.5
2016-12-30,135.60000610351562
2017-01-02,137.89999389648438
2017-01-03,147.1999969482422
2017-01-04,145.9499969482422
2017-01-05,146.35000610351562
2017-01-06,143.75
2017-01-09,141.25
2017-01-10,141.25
2017-01-11,141.6999969482422
2017-01-12,142.3000030517578
2017-01-13,142.25
2017-01-16,143.39999389648438
2017-01-17,141.5
2017-01-18,143.39999389648438
2017-01-19,143.6999969482422
2017-01-20,145.5
2017-01-23,145.25
2017-01-24,147.0
2017-01-25,151.5500030517578
2017-01-27,147.85000610351562
2017-01-30,145.10000610351562
2017-01-31,142.89999389648438
2017-02-01,145.14999389648438
2017-02-02,143.4499969482422
2017-02-03,145.1999969482422
2017-02-06,143.6999969482422
2017-02-07,142.14999389648438
2017-02-08,141.89999389648438
2017-02-09,144.85000610351562
2017-02-10,143.3000030517578
2017-02-13,141.0
2017-02-14,141.35000610351562
2017-02-15,136.6999969482422
2017-02-16,136.8000030517578
2017-02-17,136.75
2017-02-20,137.64999389648438
2017-02-21,137.5
2017-02-22,137.5
2017-02-23,135.89999389648438
2017-02-27,135.0
2017-02-28,134.85000610351562
2017-03-01,134.60000610351562
2017-03-02,132.75
2017-03-03,132.6999969482422
2017-03-06,132.5
2017-03-07,132.35000610351562
2017-03-08,132.35000610351562
2017-03-09,132.4499969482422
2017-03-10,130.85000610351562
2017-03-14,129.85000610351562
2017-03-15,133.85000610351562
2017-03-16,134.64999389648438
2017-03-17,132.6999969482422
2017-03-20,131.35000610351562
2017-03-21,130.8000030517578
2017-03-22,135.5500030517578
2017-03-23,137.85000610351562
2017-03-24,141.85000610351562
2017-03-27,138.14999389648438
2017-03-28,144.10000610351562
2017-03-29,141.9499969482422
2017-03-30,140.5500030517578
2017-03-31,141.89999389648438
2017-04-03,142.5500030517578
2017-04-05,144.14999389648438
2017-04-06,143.89999389648438
2017-04-07,145.14999389648438
2017-04-10,145.64999389648438
2017-04-11,147.0
2017-04-12,143.4499969482422
2017-04-13,143.75
2017-04-17,145.9499969482422
2017-04-18,146.0
2017-04-19,146.85000610351562
2017-04-20,154.60000610351562
2017-04-21,155.14999389648438
2017-04-24,156.85000610351562
2017-04-25,158.3000030517578
2017-04-26,152.85000610351562
2017-04-27,150.5500030517578
2017-04-28,150.8000030517578
2017-05-02,146.4499969482422
2017-05-03,148.5500030517578
2017-05-04,147.39999389648438
2017-05-05,145.0
2017-05-08,147.6999969482422
2017-05-09,153.89999389648438
2017-05-10,150.9499969482422
2017-05-11,148.60000610351562
2017-05-12,147.0500030517578
2017-05-15,150.3000030517578
2017-05-16,152.60000610351562
2017-05-17,149.0
2017-05-18,145.85000610351562
2017-05-19,142.60000610351562
2017-05-22,138.9499969482422
2017-05-23,134.5
2017-05-24,133.64999389648438
2017-05-25,136.8000030517578
2017-05-26,141.0
2017-05-29,138.64999389648438
2017-05-30,138.9499969482422
2017-05-31,134.1999969482422
2017-06-01,133.5500030517578
2017-06-02,134.8000030517578
2017-06-05,130.9499969482422
2017-06-06,127.44999694824219
2017-06-07,129.5500030517578
2017-06-08,131.0500030517578
2017-06-09,132.25
2017-06-12,130.64999389648438
2017-06-13,132.39999389648438
2017-06-14,134.85000610351562
2017-06-15,132.10000610351562
2017-06-16,132.5500030517578
2017-06-19,131.0
2017-06-20,129.0
2017-06-21,131.25
2017-06-22,129.1999969482422
2017-06-23,128.39999389648438
2017-06-27,125.9000015258789
2017-06-28,126.0
2017-06-29,127.55000305175781
2017-06-30,127.5999984741211
2017-07-03,127.5
2017-07-04,128.89999389648438
2017-07-05,131.5500030517578
2017-07-06,132.4499969482422
2017-07-07,131.85000610351562
2017-07-10,131.89999389648438
2017-07-11,130.5
2017-07-12,130.60000610351562
2017-07-13,131.8000030517578
2017-07-14,129.5
2017-07-17,129.60000610351562
2017-07-18,129.14999389648438
2017-07-19,130.14999389648438
2017-07-20,129.60000610351562
2017-07-21,129.10000610351562
2017-07-24,125.44999694824219
2017-07-25,125.69999694824219
2017-07-26,133.0
2017-07-27,129.8000030517578
2017-07-28,132.85000610351562
2017-07-31,131.60000610351562
2017-08-01,129.75
2017-08-02,130.3000030517578
2017-08-03,128.89999389648438
2017-08-04,128.5
2017-08-07,128.8000030517578
2017-08-08,126.5999984741211
2017-08-09,124.6500015258789
2017-08-10,118.25
2017-08-11,119.05000305175781
2017-08-14,119.30000305175781
2017-08-16,121.1500015258789
2017-08-17,120.3499984741211
2017-08-18,118.94999694824219
2017-08-21,118.3499984741211
2017-08-22,115.80000305175781
2017-08-23,116.69999694824219
2017-08-24,122.9000015258789
2017-08-28,122.8499984741211
2017-08-29,120.25
2017-08-30,120.30000305175781
2017-08-31,123.0999984741211
2017-09-01,125.0
2017-09-04,123.3499984741211
2017-09-05,131.3000030517578
2017-09-06,129.9499969482422
2017-09-07,127.55000305175781
2017-09-08,126.75
2017-09-11,124.5999984741211
2017-09-12,123.8499984741211
2017-09-13,122.5
2017-09-14,122.30000305175781
2017-09-15,122.75
2017-09-18,130.6999969482422
2017-09-19,143.39999389648438
2017-09-20,137.3000030517578
2017-09-21,141.39999389648438
2017-09-22,132.9499969482422
2017-09-25,127.19999694824219
2017-09-26,125.55000305175781
2017-09-27,121.0
2017-09-28,121.05000305175781
2017-09-29,118.9000015258789
2017-10-03,121.0
2017-10-04,122.9000015258789
2017-10-05,124.1500015258789
2017-10-06,124.44999694824219
2017-10-09,124.44999694824219
2017-10-10,124.30000305175781
2017-10-11,119.9000015258789
2017-10-12,121.94999694824219
2017-10-13,119.94999694824219
2017-10-16,119.75
2017-10-17,125.1500015258789
2017-10-18,123.8499984741211
2017-10-19,123.05000305175781
2017-10-23,123.75
2017-10-24,121.6500015258789
2017-10-25,125.8499984741211
2017-10-26,125.9000015258789
2017-10-27,125.94999694824219
2017-10-30,126.75
2017-10-31,124.1500015258789
2017-11-01,126.3499984741211
2017-11-02,127.80000305175781
2017-11-03,131.10000610351562
2017-11-06,132.60000610351562
2017-11-07,126.0999984741211
2017-11-08,127.30000305175781
2017-11-09,127.5
2017-11-10,127.94999694824219
2017-11-13,124.8499984741211
2017-11-14,126.0
2017-11-15,122.4000015258789
2017-11-16,124.94999694824219
2017-11-17,125.5
2017-11-20,125.44999694824219
2017-11-21,124.5999984741211
2017-11-22,125.69999694824219
2017-11-23,129.39999389648438
2017-11-24,128.60000610351562
2017-11-27,128.64999389648438
2017-11-28,127.3499984741211
2017-11-29,126.94999694824219
2017-11-30,128.35000610351562
2017-12-01,126.69999694824219
2017-12-04,125.0
2017-12-05,123.9000015258789
2017-12-06,122.69999694824219
2017-12-07,123.75
2017-12-08,124.30000305175781
2017-12-11,125.30000305175781
2017-12-12,122.9000015258789
2017-12-13,121.05000305175781
2017-12-14,121.9000015258789
2017-12-15,123.4000015258789
2017-12-18,123.3499984741211
2017-12-19,125.55000305175781
2017-12-20,126.75
2017-12-21,127.1500015258789
2017-12-22,126.3499984741211
2017-12-26,126.75
2017-12-27,127.0999984741211
2017-12-28,127.44999694824219
2017-12-29,126.3499984741211
2018-01-01,131.5500030517578
2018-01-02,129.0
2018-01-03,129.64999389648438
2018-01-04,129.4499969482422
2018-01-05,129.35000610351562
2018-01-08,130.0500030517578
2018-01-09,129.1999969482422
2018-01-10,128.85000610351562
2018-01-11,129.0
2018-01-12,129.39999389648438
2018-01-15,128.85000610351562
2018-01-16,127.5
2018-01-17,127.80000305175781
2018-01-18,122.6500015258789
2018-01-19,122.3499984741211
2018-01-22,122.0
2018-01-23,120.6500015258789
2018-01-24,120.44999694824219
2018-01-25,120.55000305175781
2018-01-29,121.9000015258789
2018-01-30,120.55000305175781
2018-01-31,119.0999984741211
2018-02-01,122.9000015258789
2018-02-02,117.5
2018-02-05,114.8499984741211
2018-02-06,110.19999694824219
2018-02-07,111.30000305175781
2018-02-08,112.19999694824219
2018-02-09,111.4000015258789
2018-02-12,113.55000305175781
2018-02-14,110.4000015258789
2018-02-15,108.69999694824219
2018-02-16,105.75
2018-02-19,102.55000305175781
2018-02-20,102.4000015258789
2018-02-21,111.30000305175781
2018-02-22,111.80000305175781
2018-02-23,113.75
2018-02-26,113.1500015258789
2018-02-27,108.4000015258789
2018-02-28,110.05000305175781
2018-03-01,107.8499984741211
2018-03-05,105.0999984741211
2018-03-06,111.0999984741211
2018-03-07,111.1500015258789
2018-03-08,111.5999984741211
2018-03-09,109.3499984741211
2018-03-12,109.19999694824219
2018-03-13,115.25
2018-03-14,117.0999984741211
2018-03-15,117.30000305175781
2018-03-16,116.05000305175781
2018-03-19,115.0
2018-03-20,116.30000305175781
2018-03-21,117.05000305175781
2018-03-22,117.0
2018-03-23,117.19999694824219
2018-03-26,114.55000305175781
2018-03-27,115.3499984741211
2018-03-28,111.4000015258789
2018-04-02,114.55000305175781
2018-04-03,120.80000305175781
2018-04-04,118.0999984741211
2018-04-05,117.8499984741211
2018-04-06,116.6500015258789
2018-04-09,116.4000015258789
2018-04-10,116.8499984741211
2018-04-11,116.5999984741211
2018-04-12,115.5999984741211
2018-04-13,115.6500015258789
2018-04-16,114.5999984741211
2018-04-17,114.69999694824219
2018-04-18,114.0999984741211
2018-04-19,115.19999694824219
2018-04-20,118.0999984741211
2018-04-23,116.80000305175781
2018-04-24,115.94999694824219
2018-04-25,114.05000305175781
2018-04-26,113.9000015258789
2018-04-27,113.6500015258789
2018-04-30,112.6500015258789
2018-05-02,126.05000305175781
2018-05-03,122.8499984741211
2018-05-04,123.80000305175781
2018-05-07,121.75
2018-05-08,120.3499984741211
2018-05-09,118.05000305175781
2018-05-10,114.9000015258789
2018-05-11,113.69999694824219
2018-05-14,111.3499984741211
2018-05-15,111.8499984741211
2018-05-16,110.6500015258789
2018-05-17,113.25
2018-05-18,110.6500015258789
2018-05-21,105.05000305175781
2018-05-22,105.1500015258789
2018-05-23,104.5999984741211
2018-05-24,102.55000305175781
2018-05-25,103.19999694824219
2018-05-28,106.05000305175781
2018-05-29,105.5999984741211
2018-05-30,101.44999694824219
2018-05-31,100.80000305175781
2018-06-01,97.44999694824219
2018-06-04,95.9000015258789
2018-06-05,92.9000015258789
2018-06-06,92.05000305175781
2018-06-07,99.0
2018-06-08,101.44999694824219
2018-06-11,99.1500015258789
2018-06-12,98.30000305175781
2018-06-13,96.75
2018-06-14,97.19999694824219
2018-06-15,97.69999694824219
2018-06-18,97.69999694824219
2018-06-19,96.0999984741211
2018-06-20,96.25
2018-06-21,95.69999694824219
2018-06-22,95.1500015258789
2018-06-25,91.94999694824219
2018-06-26,91.80000305175781
2018-06-27,87.75
2018-06-28,85.0
2018-06-29,87.55000305175781
2018-07-02,86.9000015258789
2018-07-03,86.1500015258789
2018-07-04,87.0
2018-07-05,88.0
2018-07-06,87.5999984741211
2018-07-09,88.3499984741211
2018-07-10,89.25
2018-07-11,87.3499984741211
2018-07-12,88.94999694824219
2018-07-13,87.30000305175781
2018-07-16,85.0999984741211
2018-07-17,86.3499984741211
2018-07-18,83.44999694824219
2018-07-19,82.94999694824219
2018-07-20,83.0
2018-07-23,83.0999984741211
2018-07-24,86.4000015258789
2018-07-25,87.75
2018-07-26,88.5
2018-07-27,88.44999694824219
2018-07-30,106.0999984741211
2018-07-31,99.80000305175781
2018-08-01,100.25
2018-08-02,98.05000305175781
2018-08-03,98.3499984741211
2018-08-06,97.8499984741211
2018-08-07,96.25
2018-08-08,96.30000305175781
2018-08-09,94.5
2018-08-10,93.80000305175781
2018-08-13,92.9000015258789
2018-08-14,93.8499984741211
2018-08-16,97.0999984741211
2018-08-17,102.19999694824219
2018-08-20,104.19999694824219
2018-08-21,103.80000305175781
2018-08-23,110.19999694824219
2018-08-24,110.0
2018-08-27,107.94999694824219
2018-08-28,106.75
2018-08-29,104.05000305175781
2018-08-30,104.19999694824219
2018-08-31,107.5
2018-09-03,108.19999694824219
2018-09-04,104.0
2018-09-05,103.0999984741211
2018-09-06,108.1500015258789
2018-09-07,112.94999694824219
2018-09-10,117.1500015258789
2018-09-11,114.6500015258789
2018-09-12,123.05000305175781
2018-09-14,122.6500015258789
2018-09-17,125.5999984741211
2018-09-18,125.55000305175781
2018-09-19,120.80000305175781
2018-09-21,119.0
2018-09-24,113.6500015258789
2018-09-25,116.69999694824219
2018-09-26,115.5999984741211
2018-09-27,113.3499984741211
2018-09-28,109.44999694824219
2018-10-01,115.4000015258789
2018-10-03,112.6500015258789
2018-10-04,109.80000305175781
2018-10-05,106.1500015258789
2018-10-08,106.5
2018-10-09,101.5
2018-10-10,105.25
2018-10-11,103.0
2018-10-12,114.3499984741211
2018-10-15,112.5999984741211
2018-10-16,113.30000305175781
2018-10-17,110.80000305175781
2018-10-19,108.05000305175781
2018-10-22,104.8499984741211
2018-10-23,105.6500015258789
2018-10-24,105.5
2018-10-25,106.30000305175781
2018-10-26,104.44999694824219
2018-10-29,111.25
2018-10-30,108.0999984741211
2018-10-31,109.8499984741211
2018-11-01,107.3499984741211
2018-11-02,105.30000305175781
2018-11-05,104.5999984741211
2018-11-06,103.3499984741211
2018-11-07,103.94999694824219
2018-11-09,102.44999694824219
2018-11-12,108.5999984741211
2018-11-13,105.44999694824219
2018-11-14,109.69999694824219
2018-11-15,114.30000305175781
2018-11-16,118.44999694824219
2018-11-19,117.30000305175781
2018-11-20,113.75
2018-11-21,113.0
2018-11-22,111.0
2018-11-26,109.44999694824219
2018-11-27,109.5999984741211
2018-11-28,107.19999694824219
2018-11-29,107.5999984741211
2018-11-30,107.94999694824219
2018-12-03,109.8499984741211
2018-12-04,111.94999694824219
2018-12-05,108.44999694824219
2018-12-06,106.6500015258789
2018-12-07,103.6500015258789
2018-12-10,101.75
2018-12-11,102.0999984741211
2018-12-12,103.80000305175781
2018-12-13,106.6500015258789
2018-12-14,103.55000305175781
2018-12-17,102.69999694824219
2018-12-18,102.4000015258789
2018-12-19,103.8499984741211
2018-12-20,103.4000015258789
2018-12-21,101.75
2018-12-24,100.4000015258789
2018-12-26,100.44999694824219
2018-12-27,100.1500015258789
2018-12-28,101.0999984741211
2018-12-31,101.3499984741211
2019-01-01,101.19999694824219
2019-01-02,100.30000305175781
2019-01-03,99.5
2019-01-04,100.25
2019-01-07,100.05000305175781
2019-01-08,99.3499984741211
2019-01-09,99.0999984741211
2019-01-10,98.75
2019-01-11,99.05000305175781
2019-01-14,97.44999694824219
2019-01-15,97.30000305175781
2019-01-16,97.6500015258789
2019-01-17,97.0999984741211
2019-01-18,96.30000305175781
2019-01-21,95.25
2019-01-22,93.6500015258789
2019-01-23,92.9000015258789
2019-01-24,92.3499984741211
2019-01-25,90.8499984741211
2019-01-28,88.5999984741211
2019-01-29,88.75
2019-01-30,92.3499984741211
2019-01-31,92.0999984741211
2019-02-01,91.55000305175781
2019-02-04,88.6500015258789
2019-02-05,85.6500015258789
2019-02-06,84.6500015258789
2019-02-07,88.75
2019-02-08,92.0
2019-02-11,88.0999984741211
2019-02-12,88.05000305175781
2019-02-14,85.25
2019-02-15,83.25
2019-02-18,82.30000305175781
2019-02-19,86.94999694824219
2019-02-20,84.3499984741211
2019-02-21,85.9000015258789
2019-02-22,89.30000305175781
2019-02-25,88.94999694824219
2019-02-26,88.94999694824219
2019-02-27,88.8499984741211
2019-02-28,96.55000305175781
2019-03-01,97.69999694824219
2019-03-05,105.05000305175781
2019-03-06,105.0999984741211
2019-03-07,104.8499984741211
2019-03-08,101.6500015258789
2019-03-11,102.55000305175781
2019-03-12,106.0
2019-03-13,103.5999984741211
2019-03-14,108.05000305175781
2019-03-15,112.05000305175781
2019-03-18,108.4000015258789
2019-03-19,106.44999694824219
2019-03-20,107.44999694824219
2019-03-22,104.80000305175781
2019-03-25,101.6500015258789
2019-03-26,103.0999984741211
2019-03-27,101.8499984741211
2019-03-28,102.05000305175781
2019-04-01,111.5
2019-04-02,111.30000305175781
2019-04-03,107.1500015258789
2019-04-04,105.4000015258789
2019-04-05,106.55000305175781
2019-04-08,104.4000015258789
2019-04-09,103.69999694824219
2019-04-10,103.5
2019-04-11,103.4000015258789
2019-04-12,104.80000305175781
2019-04-15,103.3499984741211
2019-04-16,105.0
2019-04-18,103.94999694824219
2019-04-22,103.75
2019-04-23,103.75
2019-04-24,103.5
2019-04-25,101.75
2019-04-26,101.0999984741211
2019-04-30,100.1500015258789
2019-05-02,97.94999694824219
2019-05-03,95.75
2019-05-06,94.8499984741211
2019-05-07,93.05000305175781
2019-05-08,96.55000305175781
2019-05-09,93.9000015258789
2019-05-10,92.4000015258789
2019-05-13,92.0
2019-05-14,93.30000305175781
2019-05-15,90.5
2019-05-16,92.1500015258789
2019-05-17,90.80000305175781
2019-05-20,103.80000305175781
2019-05-21,101.94999694824219
2019-05-22,102.4000015258789
2019-05-23,102.94999694824219
2019-05-24,102.9000015258789
2019-05-27,105.05000305175781
2019-05-28,104.9000015258789
2019-05-29,103.0999984741211
2019-05-30,101.25
2019-05-31,99.30000305175781
2019-06-03,99.30000305175781
2019-06-04,99.0999984741211
2019-06-06,97.05000305175781
2019-06-07,97.30000305175781
2019-06-10,97.30000305175781
2019-06-11,100.25
2019-06-12,99.5
2019-06-13,97.75
2019-06-14,96.4000015258789
2019-06-17,92.5999984741211
2019-06-18,89.4000015258789
2019-06-19,88.3499984741211
2019-06-20,91.94999694824219
2019-06-21,90.4000015258789
2019-06-24,90.05000305175781
2019-06-25,90.1500015258789
2019-06-26,90.30000305175781
2019-06-27,90.0
2019-06-28,95.6500015258789
2019-07-01,95.44999694824219
2019-07-02,95.19999694824219
2019-07-03,97.25
2019-07-04,95.25
2019-07-05,94.25
2019-07-08,91.0999984741211
2019-07-09,91.0999984741211
2019-07-10,91.9000015258789
2019-07-11,91.4000015258789
2019-07-12,90.80000305175781
2019-07-15,89.80000305175781
2019-07-16,88.8499984741211
2019-07-17,89.9000015258789
2019-07-18,88.8499984741211
2019-07-19,86.8499984741211
2019-07-22,85.94999694824219
2019-07-23,83.80000305175781
2019-07-24,80.8499984741211
2019-07-25,81.3499984741211
2019-07-26,82.1500015258789
2019-07-29,80.55000305175781
2019-07-30,78.0999984741211
2019-07-31,77.69999694824219
2019-08-01,76.0
2019-08-02,75.0999984741211
2019-08-05,73.80000305175781
2019-08-06,75.8499984741211
2019-08-07,77.0
2019-08-08,75.1500015258789
2019-08-09,75.9000015258789
2019-08-13,76.19999694824219
2019-08-14,74.55000305175781
2019-08-16,75.05000305175781
2019-08-19,75.75
2019-08-20,75.44999694824219
2019-08-21,74.8499984741211
2019-08-22,72.19999694824219
2019-08-23,71.30000305175781
2019-08-26,71.25
2019-08-27,77.44999694824219
2019-08-28,77.8499984741211
2019-08-29,75.5999984741211
2019-08-30,76.8499984741211
2019-09-03,74.30000305175781
2019-09-04,74.25
2019-09-05,74.94999694824219
2019-09-06,76.3499984741211
2019-09-09,77.25
2019-09-11,80.6500015258789
2019-09-12,81.0
2019-09-13,81.75
2019-09-16,82.5999984741211
2019-09-17,79.80000305175781
2019-09-18,78.5999984741211
2019-09-19,76.30000305175781
2019-09-20,81.44999694824219
2019-09-23,85.69999694824219
2019-09-24,83.6500015258789
2019-09-25,83.9000015258789
2019-09-26,82.4000015258789
2019-09-27,79.94999694824219
2019-09-30,78.6500015258789
2019-10-01,74.5999984741211
2019-10-03,75.05000305175781
2019-10-04,74.0999984741211
2019-10-07,70.94999694824219
2019-10-09,69.9000015258789
2019-10-10,68.9000015258789
2019-10-11,69.1500015258789
2019-10-14,69.94999694824219
2019-10-15,67.80000305175781
2019-10-16,69.30000305175781
2019-10-17,71.55000305175781
2019-10-18,73.25
2019-10-22,71.4000015258789
2019-10-23,71.75
2019-10-24,70.75
2019-10-25,70.6500015258789
2019-10-27,71.4000015258789
2019-10-29,72.30000305175781
2019-10-30,75.55000305175781
2019-10-31,76.69999694824219
2019-11-01,77.44999694824219
2019-11-04,78.4000015258789
2019-11-05,76.05000305175781
2019-11-06,73.80000305175781
2019-11-07,69.0
2019-11-08,69.25
2019-11-11,69.25
2019-11-13,68.6500015258789
2019-11-14,67.55000305175781
2019-11-15,66.19999694824219
2019-11-18,66.6500015258789
2019-11-19,64.44999694824219
2019-11-20,66.75
2019-11-21,66.1500015258789
2019-11-22,66.4000015258789
2019-11-25,67.0
2019-11-26,68.55000305175781
2019-11-27,68.1500015258789
2019-11-28,68.9000015258789
2019-11-29,67.75
2019-12-02,66.55000305175781
2019-12-03,67.6500015258789
2019-12-04,67.80000305175781
2019-12-05,66.44999694824219
2019-12-06,65.75
2019-12-09,64.3499984741211
2019-12-10,63.5
2019-12-11,61.5
2019-12-12,62.20000076293945
2019-12-13,62.70000076293945
2019-12-16,62.650001525878906
2019-12-17,61.75
2019-12-18,61.95000076293945
2019-12-19,61.29999923706055
2019-12-20,61.45000076293945
2019-12-23,63.54999923706055
2019-12-24,62.79999923706055
2019-12-26,64.0999984741211
2019-12-27,67.3499984741211
2019-12-30,69.1500015258789
2019-12-31,66.3499984741211
2020-01-01,66.4000015258789
2020-01-02,68.80000305175781
2020-01-03,68.05000305175781
2020-01-06,65.80000305175781
2020-01-07,68.44999694824219
2020-01-08,82.0999984741211
2020-01-09,86.0
2020-01-10,83.05000305175781
2020-01-13,82.25
2020-01-14,84.25
2020-01-15,84.5
2020-01-16,85.55000305175781
2020-01-17,85.44999694824219
2020-01-20,82.3499984741211
2020-01-21,81.25
2020-01-22,79.9000015258789
2020-01-23,82.3499984741211
2020-01-24,85.94999694824219
2020-01-27,85.5
2020-01-28,84.30000305175781
2020-01-29,83.5999984741211
2020-01-30,83.19999694824219
2020-01-31,83.0999984741211
2020-02-03,75.69999694824219
2020-02-04,77.30000305175781
2020-02-05,78.80000305175781
2020-02-06,94.55000305175781
2020-02-07,107.5999984741211
2020-02-10,111.4000015258789
2020-02-11,105.1500015258789
2020-02-12,103.19999694824219
2020-02-13,99.44999694824219
2020-02-14,100.80000305175781
2020-02-17,103.5999984741211
2020-02-18,101.19999694824219
2020-02-19,101.75
2020-02-20,100.25
2020-02-24,102.9000015258789
2020-02-25,100.30000305175781
2020-02-26,98.69999694824219
2020-02-27,97.19999694824219
2020-02-28,93.75
2020-03-02,88.55000305175781
2020-03-03,91.8499984741211
2020-03-04,87.9000015258789
2020-03-05,88.0
2020-03-06,83.75
2020-03-09,84.44999694824219
2020-03-11,82.8499984741211
2020-03-12,79.5999984741211
2020-03-13,79.1500015258789
2020-03-16,72.44999694824219
2020-03-17,67.44999694824219
2020-03-18,64.0
2020-03-19,65.69999694824219
2020-03-20,66.9000015258789
2020-03-23,60.650001525878906
2020-03-24,62.25
2020-03-25,62.900001525878906
2020-03-26,64.19999694824219
2020-03-27,64.05000305175781
2020-03-30,62.20000076293945
2020-03-31,65.69999694824219
2020-04-01,64.19999694824219
2020-04-03,66.80000305175781
2020-04-07,71.5
2020-04-08,69.05000305175781
2020-04-09,77.4000015258789
2020-04-13,78.19999694824219
2020-04-15,77.8499984741211
2020-04-16,78.9000015258789
2020-04-17,80.94999694824219
2020-04-20,89.69999694824219
2020-04-21,82.0
2020-04-22,83.5999984741211
2020-04-23,89.6500015258789
2020-04-24,86.0999984741211
2020-04-27,84.6500015258789
2020-04-28,84.75
2020-04-29,84.6500015258789
2020-04-30,83.5
2020-05-04,80.4000015258789
2020-05-05,77.30000305175781
2020-05-06,77.6500015258789
2020-05-07,77.5999984741211
2020-05-08,76.94999694824219
2020-05-11,75.69999694824219
2020-05-12,74.30000305175781
2020-05-13,75.75
2020-05-14,83.6500015258789
2020-05-15,85.94999694824219
2020-05-18,80.0999984741211
2020-05-19,80.80000305175781
2020-05-20,80.69999694824219
2020-05-21,81.9000015258789
2020-05-22,80.30000305175781
2020-05-26,77.9000015258789
2020-05-27,79.75
2020-05-28,81.6500015258789
2020-05-29,81.8499984741211
2020-06-01,83.69999694824219
2020-06-02,84.69999694824219
2020-06-03,84.25
2020-06-04,83.1500015258789
2020-06-05,91.30000305175781
2020-06-08,87.55000305175781
2020-06-09,88.69999694824219
2020-06-10,89.5
2020-06-11,90.5
2020-06-12,92.44999694824219
2020-06-15,92.30000305175781
2020-06-16,89.25
2020-06-17,81.8499984741211
2020-06-18,82.55000305175781
2020-06-19,83.05000305175781
2020-06-22,81.69999694824219
2020-06-23,83.05000305175781
2020-06-24,82.30000305175781
2020-06-25,82.5999984741211
2020-06-26,86.5
2020-06-29,82.75
2020-06-30,80.69999694824219
2020-07-01,80.6500015258789
2020-07-02,81.44999694824219
2020-07-03,82.4000015258789
2020-07-06,82.75
2020-07-07,86.25
2020-07-08,83.30000305175781
2020-07-09,83.3499984741211
2020-07-10,82.25
2020-07-13,82.1500015258789
2020-07-14,79.19999694824219
2020-07-15,79.55000305175781
2020-07-16,79.3499984741211
2020-07-17,79.75
2020-07-20,79.69999694824219
2020-07-21,80.05000305175781
2020-07-22,79.3499984741211
2020-07-23,79.25
2020-07-24,78.44999694824219
2020-07-27,76.3499984741211
2020-07-28,75.0999984741211
2020-07-29,75.75
2020-07-30,72.80000305175781
2020-07-31,73.6500015258789
2020-08-03,74.30000305175781
2020-08-04,73.0
2020-08-05,73.5999984741211
2020-08-06,76.44999694824219
2020-08-07,76.5
2020-08-10,75.80000305175781
2020-08-11,79.05000305175781
2020-08-12,81.30000305175781
2020-08-13,78.30000305175781
2020-08-14,76.75
2020-08-17,76.6500015258789
2020-08-18,78.80000305175781
2020-08-19,79.3499984741211
2020-08-20,83.80000305175781
2020-08-21,81.9000015258789
2020-08-24,84.55000305175781
2020-08-25,82.30000305175781
2020-08-26,83.44999694824219
2020-08-27,87.0999984741211
2020-08-28,87.3499984741211
2020-08-31,80.30000305175781
2020-09-01,85.75
2020-09-02,84.1500015258789
2020-09-03,85.44999694824219
2020-09-04,82.6500015258789
2020-09-07,82.44999694824219
2020-09-08,80.4000015258789
2020-09-09,76.80000305175781
2020-09-10,79.19999694824219
2020-09-11,80.8499984741211
2020-09-14,78.75
2020-09-15,79.05000305175781
2020-09-16,80.25
2020-09-17,79.6500015258789
2020-09-18,79.5
2020-09-21,79.5
2020-09-22,78.75
2020-09-23,80.0999984741211
2020-09-24,76.8499984741211
2020-09-25,77.80000305175781
2020-09-28,80.5999984741211
2020-09-29,80.05000305175781
2020-09-30,82.9000015258789
2020-10-01,81.19999694824219
2020-10-05,79.25
2020-10-06,78.9000015258789
2020-10-07,78.44999694824219
2020-10-08,77.19999694824219
2020-10-09,77.44999694824219
2020-10-12,76.3499984741211
2020-10-13,76.05000305175781
2020-10-14,73.9000015258789
2020-10-15,73.5999984741211
2020-10-16,75.3499984741211
2020-10-19,74.3499984741211
2020-10-20,74.5
2020-10-21,72.55000305175781
2020-10-22,71.0
2020-10-23,73.05000305175781
2020-10-26,72.0999984741211
2020-10-27,73.5999984741211
2020-10-28,71.5999984741211
2020-10-29,69.8499984741211
2020-10-30,69.94999694824219
2020-11-02,69.55000305175781
2020-11-03,68.75
2020-11-04,69.05000305175781
2020-11-05,69.8499984741211
2020-11-06,70.30000305175781
2020-11-09,68.94999694824219
2020-11-10,70.69999694824219
2020-11-11,71.5999984741211
2020-11-12,72.5999984741211
2020-11-13,75.25
2020-11-14,75.80000305175781
2020-11-17,85.80000305175781
2020-11-18,85.1500015258789
2020-11-19,89.55000305175781
2020-11-20,92.75
2020-11-23,90.3499984741211
2020-11-24,88.19999694824219
2020-11-25,92.69999694824219
2020-11-26,89.9000015258789
2020-11-27,90.75
2020-12-01,94.0
2020-12-02,92.0999984741211
2020-12-03,90.55000305175781
2020-12-04,89.44999694824219
2020-12-07,90.25
2020-12-08,89.0999984741211
2020-12-09,87.80000305175781
2020-12-10,87.25
2020-12-11,85.9000015258789
2020-12-14,89.6500015258789
2020-12-15,92.69999694824219
2020-12-16,89.94999694824219
2020-12-17,87.44999694824219
2020-12-18,86.55000305175781
2020-12-21,80.80000305175781
2020-12-22,82.55000305175781
2020-12-23,82.0
2020-12-24,81.30000305175781
2020-12-28,84.25
2020-12-29,82.3499984741211
2020-12-30,85.69999694824219
2020-12-31,84.3499984741211
2021-01-01,85.69999694824219
2021-01-04,89.5999984741211
2021-01-05,88.94999694824219
2021-01-06,85.6500015258789
2021-01-07,85.3499984741211
2021-01-08,88.3499984741211
2021-01-11,91.69999694824219
2021-01-12,95.69999694824219
2021-01-13,93.0999984741211
2021-01-14,99.19999694824219
2021-01-15,96.9000015258789
2021-01-18,93.55000305175781
2021-01-19,93.6500015258789
2021-01-20,104.0
2021-01-21,97.94999694824219
2021-01-22,101.94999694824219
2021-01-25,98.0999984741211
2021-01-27,96.6500015258789
2021-01-28,98.5
2021-01-29,95.69999694824219
2021-02-01,101.5
2021-02-02,100.5999984741211
2021-02-03,102.4000015258789
2021-02-04,101.3499984741211
2021-02-05,101.19999694824219
2021-02-08,109.44999694824219
2021-02-09,106.0
2021-02-10,105.0999984741211
2021-02-11,103.94999694824219
2021-02-12,102.05000305175781
2021-02-15,99.0
2021-02-16,98.3499984741211
2021-02-17,104.9000015258789
2021-02-18,107.3499984741211
2021-02-19,112.75
2021-02-22,108.4000015258789
2021-02-23,110.0999984741211
2021-02-24,111.55000305175781
2021-02-25,116.25
2021-02-26,114.44999694824219
2021-03-01,113.3499984741211
2021-03-02,113.80000305175781
2021-03-03,113.69999694824219
2021-03-04,115.19999694824219
2021-03-05,107.30000305175781
2021-03-08,108.05000305175781
2021-03-09,107.0
2021-03-10,105.5
2021-03-12,102.19999694824219
2021-03-15,99.94999694824219
2021-03-16,99.69999694824219
2021-03-17,96.05000305175781
2021-03-18,93.05000305175781
2021-03-19,96.80000305175781
2021-03-22,98.19999694824219
2021-03-23,101.44999694824219
2021-03-24,96.55000305175781
2021-03-25,93.6500015258789
2021-03-26,95.55000305175781
2021-03-30,94.4000015258789
2021-03-31,94.4000015258789
2021-04-01,96.75
2021-04-05,94.05000305175781
2021-04-06,93.0999984741211
2021-04-07,92.19999694824219
2021-04-08,93.4000015258789
2021-04-09,96.5
2021-04-12,89.5999984741211
2021-04-13,92.6500015258789
2021-04-15,91.05000305175781
2021-04-16,92.19999694824219
2021-04-19,88.3499984741211
2021-04-20,87.9000015258789
2021-04-22,89.55000305175781
2021-04-23,92.4000015258789
2021-04-26,91.05000305175781
2021-04-27,92.55000305175781
2021-04-28,92.55000305175781
2021-04-29,91.05000305175781
2021-04-30,90.6500015258789
2021-05-03,93.9000015258789
2021-05-04,90.8499984741211
2021-05-05,91.30000305175781
2021-05-06,93.19999694824219
2021-05-07,95.19999694824219
2021-05-10,95.19999694824219
2021-05-11,104.0
2021-05-12,100.30000305175781
2021-05-14,97.05000305175781
2021-05-17,97.75
2021-05-18,107.0
2021-05-19,106.9000015258789
2021-05-20,103.8499984741211
2021-05-21,104.9000015258789
2021-05-24,105.30000305175781
2021-05-25,126.3499984741211
2021-05-26,123.6500015258789
2021-05-27,125.75
2021-05-28,130.1999969482422
2021-05-31,132.0500030517578
2021-06-01,126.1500015258789
2021-06-02,126.5
2021-06-03,123.19999694824219
2021-06-04,123.19999694824219
2021-06-07,127.9000015258789
2021-06-08,133.64999389648438
2021-06-09,129.3000030517578
2021-06-10,131.85000610351562
2021-06-11,130.25
2021-06-14,128.60000610351562
2021-06-15,129.0
2021-06-16,126.0999984741211
2021-06-17,126.69999694824219
2021-06-18,123.55000305175781
2021-06-21,126.5
2021-06-22,128.0500030517578
2021-06-23,130.0
2021-06-24,120.05000305175781
2021-06-25,118.80000305175781
2021-06-28,119.80000305175781
2021-06-29,120.6500015258789
2021-06-30,129.10000610351562
2021-07-01,124.75
2021-07-02,123.4000015258789
2021-07-05,123.6500015258789
2021-07-06,125.05000305175781
2021-07-07,128.14999389648438
2021-07-08,128.64999389648438
2021-07-09,127.94999694824219
2021-07-12,134.9499969482422
2021-07-13,132.75
2021-07-14,131.60000610351562
2021-07-15,130.39999389648438
2021-07-16,129.25
2021-07-19,128.25
2021-07-20,123.05000305175781
2021-07-22,124.6500015258789
2021-07-23,126.5
2021-07-26,126.80000305175781
2021-07-27,127.69999694824219
2021-07-28,125.75
2021-07-29,142.5500030517578
2021-07-30,139.4499969482422
2021-08-02,138.9499969482422
2021-08-03,138.1999969482422
2021-08-04,132.5500030517578
2021-08-05,128.60000610351562
2021-08-06,127.69999694824219
2021-08-09,128.6999969482422
2021-08-10,124.1500015258789
2021-08-11,122.8499984741211
2021-08-12,127.80000305175781
2021-08-13,122.9000015258789
2021-08-16,122.3499984741211
2021-08-17,118.8499984741211
2021-08-18,117.19999694824219
2021-08-20,120.5
2021-08-23,114.0
2021-08-24,116.8499984741211
2021-08-25,115.5999984741211
2021-08-26,117.30000305175781
2021-08-27,118.30000305175781
2021-08-30,118.4000015258789
2021-08-31,117.8499984741211
2021-09-01,117.44999694824219
2021-09-02,117.80000305175781
2021-09-03,120.25
2021-09-06,116.6500015258789
2021-09-07,114.9000015258789
2021-09-08,114.9000015258789
2021-09-09,114.80000305175781
2021-09-13,116.05000305175781
2021-09-14,117.5999984741211
2021-09-15,117.0999984741211
2021-09-16,118.30000305175781
2021-09-17,119.5
2021-09-20,117.0
2021-09-21,114.94999694824219
2021-09-22,115.8499984741211
2021-09-23,114.8499984741211
2021-09-24,114.5999984741211
2021-09-27,114.9000015258789
2021-09-28,114.30000305175781
2021-09-29,114.8499984741211
2021-09-30,114.3499984741211
2021-10-01,114.94999694824219
2021-10-04,114.44999694824219
2021-10-05,114.9000015258789
2021-10-06,114.44999694824219
2021-10-07,114.44999694824219
2021-10-08,114.30000305175781
2021-10-11,113.8499984741211
2021-10-12,113.69999694824219
2021-10-13,121.80000305175781
2021-10-14,119.75
2021-10-18,121.8499984741211
2021-10-19,116.55000305175781
2021-10-20,114.5
2021-10-21,112.0999984741211
2021-10-22,110.0999984741211
2021-10-25,107.0
2021-10-26,108.3499984741211
2021-10-27,107.6500015258789
2021-10-28,104.1500015258789
2021-10-29,104.3499984741211
2021-11-01,110.4000015258789
2021-11-02,110.80000305175781
2021-11-03,115.19999694824219
2021-11-04,118.1500015258789
2021-11-08,125.9000015258789
2021-11-09,123.4000015258789
2021-11-10,125.6500015258789
2021-11-11,118.05000305175781
2021-11-12,114.05000305175781
2021-11-15,112.5999984741211
2021-11-16,118.44999694824219
2021-11-17,116.69999694824219
2021-11-18,113.69999694824219
2021-11-22,108.9000015258789
2021-11-23,111.5
2021-11-24,112.69999694824219
2021-11-25,113.30000305175781
2021-11-26,107.1500015258789
2021-11-29,102.69999694824219
2021-11-30,104.30000305175781
2021-12-01,104.55000305175781
2021-12-02,105.1500015258789
2021-12-03,106.0
2021-12-06,104.05000305175781
2021-12-07,106.0999984741211
2021-12-08,109.0
2021-12-09,114.3499984741211
2021-12-10,112.4000015258789
2021-12-13,110.5999984741211
2021-12-14,107.4000015258789
2021-12-15,108.19999694824219
2021-12-16,106.44999694824219
2021-12-17,103.55000305175781
2021-12-20,100.4000015258789
2021-12-21,101.8499984741211
2021-12-22,102.9000015258789
2021-12-23,103.6500015258789
2021-12-24,102.1500015258789
2021-12-27,103.0
2021-12-28,104.55000305175781
2021-12-29,104.3499984741211
2021-12-30,103.69999694824219
2021-12-31,105.75
2022-01-03,109.25
2022-01-04,107.6500015258789
2022-01-05,109.30000305175781
2022-01-06,108.05000305175781
2022-01-07,110.4000015258789
2022-01-10,118.1500015258789
2022-01-11,118.55000305175781
2022-01-12,116.94999694824219
2022-01-13,114.4000015258789
2022-01-14,115.5
2022-01-17,116.05000305175781
2022-01-18,112.0
2022-01-19,111.80000305175781
2022-01-20,112.5
2022-01-21,109.55000305175781
2022-01-24,103.25
2022-01-25,106.55000305175781
2022-01-27,103.8499984741211
2022-01-28,103.9000015258789
2022-01-31,103.80000305175781
2022-02-01,105.6500015258789
2022-02-02,108.75
2022-02-03,108.1500015258789
2022-02-04,107.55000305175781
2022-02-07,106.4000015258789
2022-02-08,106.05000305175781
2022-02-09,107.94999694824219
2022-02-10,107.19999694824219
2022-02-11,128.35000610351562
2022-02-14,125.6500015258789
2022-02-15,126.44999694824219
2022-02-16,125.1500015258789
2022-02-17,125.8499984741211
2022-02-18,123.69999694824219
2022-02-21,117.94999694824219
2022-02-22,113.5999984741211
2022-02-23,114.0
2022-02-24,107.05000305175781
2022-02-25,112.6500015258789
2022-02-28,112.44999694824219
2022-03-02,112.5999984741211
2022-03-03,113.05000305175781
2022-03-04,108.25
2022-03-07,104.0999984741211
2022-03-08,106.25
2022-03-09,106.69999694824219
2022-03-10,107.5999984741211
2022-03-11,109.05000305175781
2022-03-14,108.4000015258789
2022-03-15,106.5
2022-03-16,107.75
2022-03-17,110.4000015258789
2022-03-21,107.6500015258789
2022-03-22,116.4000015258789
2022-03-23,115.1500015258789
2022-03-24,115.30000305175781
2022-03-25,113.05000305175781
2022-03-28,118.8499984741211
2022-03-29,121.55000305175781
2022-03-30,118.9000015258789
2022-03-31,118.55000305175781
2022-04-01,123.9000015258789
2022-04-04,124.4000015258789
2022-04-05,126.6500015258789
2022-04-06,125.25
2022-04-07,124.94999694824219
2022-04-08,127.8499984741211
2022-04-11,131.14999389648438
2022-04-12,126.69999694824219
2022-04-13,126.0
2022-04-18,128.5500030517578
2022-04-19,125.69999694824219
2022-04-20,126.75
2022-04-21,129.89999389648438
2022-04-22,147.25
2022-04-25,149.14999389648438
2022-04-26,145.4499969482422
2022-04-27,141.10000610351562
2022-04-28,136.9499969482422
2022-04-29,137.39999389648438
2022-05-02,135.8000030517578
2022-05-04,129.4499969482422
2022-05-05,128.85000610351562
2022-05-06,122.3499984741211
2022-05-09,119.25
2022-05-10,115.3499984741211
2022-05-11,115.19999694824219
2022-05-12,114.19999694824219
2022-05-13,113.55000305175781
2022-05-16,116.3499984741211
2022-05-17,122.6500015258789
2022-05-18,121.9000015258789
2022-05-19,117.30000305175781
2022-05-20,122.80000305175781
2022-05-23,111.0
2022-05-24,109.9000015258789
2022-05-25,104.3499984741211
2022-05-26,104.94999694824219
2022-05-27,111.30000305175781
2022-05-30,110.4000015258789
2022-05-31,110.9000015258789
2022-06-01,112.0
2022-06-02,112.5
2022-06-03,109.55000305175781
2022-06-06,109.3499984741211
2022-06-07,109.05000305175781
2022-06-08,108.0999984741211
2022-06-09,108.5
2022-06-10,106.75
2022-06-13,103.19999694824219
2022-06-14,104.94999694824219
2022-06-15,105.80000305175781
2022-06-16,101.5
2022-06-17,103.1500015258789
2022-06-20,93.5
2022-06-21,96.05000305175781
2022-06-22,94.9000015258789
2022-06-23,95.30000305175781
2022-06-24,97.25
2022-06-27,98.4000015258789
2022-06-28,102.9000015258789
2022-06-29,101.5999984741211
2022-06-30,99.05000305175781
2022-07-01,99.55000305175781
2022-07-04,99.8499984741211
2022-07-05,100.5999984741211
2022-07-06,107.3499984741211
2022-07-07,106.55000305175781
2022-07-08,107.19999694824219
2022-07-11,109.1500015258789
2022-07-12,106.69999694824219
2022-07-13,105.55000305175781
2022-07-14,106.30000305175781
2022-07-15,106.5999984741211
2022-07-18,108.19999694824219
2022-07-19,108.69999694824219
2022-07-20,109.19999694824219
2022-07-21,112.0999984741211
2022-07-22,111.19999694824219
2022-07-25,108.6500015258789
2022-07-26,106.94999694824219
2022-07-27,108.6500015258789
2022-07-28,109.44999694824219
2022-07-29,110.4000015258789
2022-08-01,115.05000305175781
2022-08-02,115.3499984741211
2022-08-03,122.5999984741211
2022-08-04,119.25
2022-08-05,118.9000015258789
2022-08-08,117.5
2022-08-10,117.0999984741211
2022-08-11,121.75
2022-08-12,119.0
2022-08-16,118.5999984741211
2022-08-17,117.80000305175781
2022-08-18,122.69999694824219
2022-08-19,120.0
2022-08-22,119.05000305175781
2022-08-23,122.05000305175781
2022-08-24,125.44999694824219
2022-08-25,124.5
2022-08-26,134.9499969482422
2022-08-29,133.39999389648438
2022-08-30,136.8000030517578
2022-09-01,145.3000030517578
2022-09-02,143.5
2022-09-05,140.39999389648438
2022-09-06,138.35000610351562
2022-09-07,142.85000610351562
2022-09-08,157.0
2022-09-09,158.4499969482422
2022-09-12,154.8000030517578
2022-09-13,152.64999389648438
2022-09-14,155.8000030517578
2022-09-15,154.75
2022-09-16,146.89999389648438
2022-09-19,154.1999969482422
2022-09-20,153.5
2022-09-21,152.64999389648438
2022-09-22,166.6999969482422
2022-09-23,177.6999969482422
2022-09-26,172.10000610351562
2022-09-27,171.60000610351562
2022-09-28,172.89999389648438
2022-09-29,172.8000030517578
2022-09-30,184.5500030517578
2022-10-03,182.4499969482422
2022-10-04,186.8000030517578
2022-10-06,188.35000610351562
2022-10-07,190.14999389648438
2022-10-10,180.3000030517578
2022-10-11,178.25
2022-10-12,179.10000610351562
2022-10-13,174.5
2022-10-14,174.35000610351562
2022-10-17,174.0500030517578
2022-10-18,176.0500030517578
2022-10-19,174.8000030517578
2022-10-20,173.10000610351562
2022-10-21,170.6999969482422
2022-10-24,174.1999969482422
2022-10-25,173.5
2022-10-27,173.3000030517578
2022-10-28,176.1999969482422
2022-10-31,174.39999389648438
2022-11-01,180.0
2022-11-02,185.6999969482422
2022-11-03,183.9499969482422
2022-11-04,174.6999969482422
2022-11-07,168.9499969482422
2022-11-09,160.85000610351562
2022-11-10,165.39999389648438
2022-11-11,164.75
2022-11-14,160.9499969482422
2022-11-15,161.39999389648438
2022-11-16,159.3000030517578
2022-11-17,160.6999969482422
2022-11-18,159.64999389648438
2022-11-21,160.89999389648438
2022-11-22,159.89999389648438
2022-11-23,160.9499969482422
2022-11-24,163.0
2022-11-25,166.85000610351562
2022-11-28,166.8000030517578
2022-11-29,162.8000030517578
2022-11-30,165.1999969482422
2022-12-01,165.9499969482422
2022-12-02,164.85000610351562
2022-12-05,167.10000610351562
2022-12-06,166.75
2022-12-07,166.10000610351562
2022-12-08,164.85000610351562
2022-12-09,161.39999389648438
2022-12-12,161.10000610351562
2022-12-13,161.1999969482422
2022-12-14,162.14999389648438
2022-12-15,158.64999389648438
2022-12-16,155.8000030517578
2022-12-19,156.8000030517578
2022-12-20,161.8000030517578
2022-12-21,153.1999969482422
2022-12-22,149.5
2022-12-23,140.10000610351562
2022-12-26,147.5500030517578
2022-12-27,153.89999389648438
2022-12-28,160.25
2022-12-29,159.89999389648438
2022-12-30,165.0
2023-01-02,164.60000610351562
2023-01-03,163.25
2023-01-04,171.75
2023-01-05,186.25
2023-01-06,179.85000610351562
2023-01-09,178.0
2023-01-10,203.25
2023-01-11,206.4499969482422
2023-01-12,201.1999969482422
2023-01-13,198.4499969482422
2023-01-16,201.39999389648438
2023-01-17,193.60000610351562
2023-01-18,193.0500030517578
2023-01-19,198.85000610351562
2023-01-20,194.5500030517578
2023-01-23,192.0
2023-01-24,188.8000030517578
2023-01-25,186.39999389648438
2023-01-27,175.85000610351562
2023-01-30,181.6999969482422
2023-01-31,183.9499969482422
2023-02-01,179.39999389648438
2023-02-02,176.8000030517578
2023-02-03,172.35000610351562
2023-02-06,165.6999969482422
2023-02-07,165.0
2023-02-08,168.8000030517578
2023-02-09,167.75
2023-02-10,173.1999969482422
2023-02-13,172.39999389648438
2023-02-14,162.64999389648438
2023-02-15,167.10000610351562
2023-02-16,169.0500030517578
2023-02-17,167.0500030517578
2023-02-20,167.60000610351562
2023-02-21,171.5500030517578
2023-02-22,164.9499969482422
2023-02-23,168.1999969482422
2023-02-24,168.8000030517578
2023-02-27,164.10000610351562
2023-02-28,161.9499969482422
2023-03-01,164.10000610351562
2023-03-02,162.60000610351562
2023-03-03,162.3000030517578
2023-03-06,162.9499969482422
2023-03-08,163.35000610351562
2023-03-09,162.3000030517578
2023-03-10,159.3000030517578
2023-03-13,153.6999969482422
2023-03-14,154.3000030517578
2023-03-15,154.39999389648438
2023-03-16,154.6999969482422
2023-03-17,156.5500030517578
2023-03-20,154.25
2023-03-21,154.5
2023-03-22,156.0
2023-03-23,155.9499969482422
2023-03-24,152.14999389648438
2023-03-27,149.35000610351562
2023-03-28,152.1999969482422
2023-03-29,156.0500030517578
2023-03-31,155.6999969482422
2023-04-03,162.6999969482422
2023-04-05,162.89999389648438
2023-04-06,165.0
2023-04-10,162.89999389648438
2023-04-11,163.0500030517578
2023-04-12,161.9499969482422
2023-04-13,162.6999969482422
2023-04-17,166.89999389648438
2023-04-18,165.0500030517578
2023-04-19,164.4499969482422
2023-04-20,166.10000610351562
2023-04-21,165.60000610351562
2023-04-24,181.5500030517578
2023-04-25,175.14999389648438
2023-04-26,173.75
2023-04-27,177.8000030517578
2023-04-28,177.0
2023-05-02,179.64999389648438
2023-05-03,182.4499969482422
2023-05-04,180.14999389648438
2023-05-05,177.3000030517578
2023-05-08,177.64999389648438
2023-05-09,182.4499969482422
2023-05-10,182.9499969482422
2023-05-11,189.8000030517578
2023-05-12,190.75
2023-05-15,190.9499969482422
2023-05-16,189.8000030517578
2023-05-17,189.0500030517578
2023-05-18,188.89999389648438
2023-05-19,187.8000030517578
2023-05-22,187.64999389648438
2023-05-23,189.1999969482422
2023-05-24,214.39999389648438
2023-05-25,224.25
2023-05-26,236.8000030517578
2023-05-29,247.0500030517578
2023-05-30,242.39999389648438
2023-05-31,246.9499969482422
2023-06-01,251.25
2023-06-02,251.75
2023-06-05,253.0500030517578
2023-06-06,247.9499969482422
2023-06-07,245.14999389648438
2023-06-08,245.35000610351562
2023-06-09,242.3000030517578
2023-06-12,250.14999389648438
2023-06-13,247.3000030517578
2023-06-14,247.25
2023-06-15,246.1999969482422
2023-06-16,245.4499969482422
2023-06-19,243.0
2023-06-20,241.1999969482422
2023-06-21,260.75
2023-06-22,257.3500061035156
2023-06-23,248.64999389648438
2023-06-26,262.3999938964844
2023-06-27,255.75
2023-06-28,264.6000061035156
2023-06-30,260.45001220703125
2023-07-03,261.54998779296875
2023-07-04,267.0
2023-07-05,277.3500061035156
2023-07-06,275.25
2023-07-07,279.0
2023-07-10,275.54998779296875
2023-07-11,281.6000061035156
2023-07-12,279.95001220703125
2023-07-13,273.1499938964844
2023-07-14,278.5
2023-07-17,280.04998779296875
2023-07-18,292.70001220703125
2023-07-19,297.79998779296875
2023-07-20,286.79998779296875
2023-07-21,283.79998779296875
2023-07-24,281.95001220703125
2023-07-25,280.70001220703125
2023-07-26,282.45001220703125
2023-07-27,280.45001220703125
2023-07-28,277.8999938964844
2023-07-31,283.45001220703125
2023-08-01,283.79998779296875
2023-08-02,279.54998779296875
2023-08-03,286.1000061035156
2023-08-04,290.54998779296875
2023-08-07,283.8500061035156
2023-08-08,290.1000061035156
2023-08-09,287.3999938964844
2023-08-10,295.8500061035156
2023-08-11,315.04998779296875
2023-08-14,315.20001220703125
2023-08-16,340.79998779296875
2023-08-17,334.3500061035156
2023-08-18,331.04998779296875
2023-08-21,330.54998779296875
2023-08-22,339.8999938964844
2023-08-23,337.04998779296875
2023-08-24,335.75
2023-08-25,339.25
2023-08-28,343.75
2023-08-29,346.45001220703125
2023-08-30,340.8999938964844
2023-08-31,356.0
2023-09-01,355.45001220703125
2023-09-04,355.25
2023-09-05,361.04998779296875
2023-09-06,358.8999938964844
2023-09-07,359.0
2023-09-08,357.6499938964844
2023-09-11,355.25
2023-09-12,338.3999938964844
2023-09-13,336.20001220703125
2023-09-14,342.0
2023-09-15,351.75
2023-09-18,345.8999938964844
2023-09-20,341.3999938964844
2023-09-21,336.45001220703125
2023-09-22,348.0
2023-09-25,357.1499938964844
2023-09-26,359.6499938964844
2023-09-27,358.3999938964844
2023-09-28,355.54998779296875
2023-09-29,364.04998779296875
2023-10-03,362.0
2023-10-04,356.1499938964844
2023-10-05,351.04998779296875
2023-10-06,354.6499938964844
2023-10-09,348.54998779296875
2023-10-10,346.04998779296875
2023-10-11,354.25
2023-10-12,351.70001220703125
2023-10-13,344.04998779296875
2023-10-16,341.70001220703125
2023-10-17,346.1000061035156
2023-10-18,344.25
2023-10-19,342.45001220703125
2023-10-20,342.6499938964844
2023-10-23,312.3500061035156
2023-10-25,313.8999938964844
2023-10-26,310.54998779296875
2023-10-27,322.1499938964844
2023-10-30,318.6000061035156
2023-10-31,320.3999938964844
2023-11-01,320.54998779296875
2023-11-02,325.79998779296875
2023-11-03,328.8999938964844
2023-11-06,338.79998779296875
2023-11-07,344.3999938964844
2023-11-08,342.75
2023-11-09,331.6000061035156
2023-11-10,332.04998779296875
2023-11-13,333.1000061035156
2023-11-15,333.29998779296875
2023-11-16,326.8500061035156
2023-11-17,332.29998779296875
2023-11-20,344.70001220703125
2023-11-21,338.3999938964844
2023-11-22,334.70001220703125
2023-11-23,331.6000061035156
2023-11-24,334.3999938964844
2023-11-28,334.8999938964844
2023-11-29,334.04998779296875
2023-11-30,332.5
2023-12-01,339.8500061035156
2023-12-04,341.79998779296875
2023-12-05,341.0
2023-12-06,339.54998779296875
2023-12-07,340.6000061035156
2023-12-08,371.3500061035156
2023-12-11,390.6000061035156
2023-12-12,389.20001220703125
2023-12-13,437.5
2023-12-14,426.79998779296875
2023-12-15,424.95001220703125
2023-12-18,418.79998779296875
2023-12-19,407.0
2023-12-20,388.0
2023-12-21,407.6000061035156
2023-12-22,402.5
2023-12-26,406.25
2023-12-27,413.8999938964844
2023-12-28,404.1000061035156
2023-12-29,409.20001220703125
2024-01-01,403.8500061035156
2024-01-02,399.3999938964844
2024-01-03,400.79998779296875
2024-01-04,407.95001220703125
2024-01-05,414.1499938964844
2024-01-08,411.6499938964844
2024-01-09,409.1000061035156
2024-01-10,436.8999938964844
2024-01-11,435.25
2024-01-12,435.95001220703125
2024-01-15,433.0
2024-01-16,430.6000061035156
2024-01-17,426.5
2024-01-18,431.79998779296875
2024-01-19,435.6000061035156
2024-01-23,424.6000061035156
2024-01-24,435.25
2024-01-25,464.1000061035156
2024-01-29,471.79998779296875
2024-01-30,470.1499938964844
2024-01-31,472.0
2024-02-01,472.1499938964844
2024-02-02,462.8500061035156
2024-02-05,475.29998779296875
2024-02-06,516.8499755859375
2024-02-07,534.9500122070312
2024-02-08,551.9000244140625
2024-02-09,594.7999877929688
2024-02-12,562.3499755859375
2024-02-13,552.2999877929688
2024-02-14,557.0
2024-02-15,578.2999877929688
2024-02-16,558.5
2024-02-19,563.8499755859375
2024-02-20,548.4500122070312
2024-02-21,555.6500244140625
2024-02-22,560.8499755859375
2024-02-23,571.8499755859375
2024-02-26,582.25
2024-02-27,589.0499877929688
2024-02-28,616.0999755859375
2024-02-29,637.2000122070312
2024-03-01,622.75
2024-03-04,659.5999755859375
2024-03-05,692.5499877929688
2024-03-06,705.5
2024-03-07,705.9500122070312
2024-03-11,678.2000122070312
2024-03-12,646.8499755859375
2024-03-13,614.5
2024-03-14,630.0
2024-03-15,618.7999877929688
2024-03-18,600.75
2024-03-19,583.5999755859375
2024-03-20,589.8499755859375
2024-03-21,619.25
2024-03-22,650.2000122070312
2024-03-26,682.7000122070312
2024-03-27,716.7999877929688
2024-03-28,741.0499877929688
2024-04-01,778.0999755859375
2024-04-02,817.0
2024-04-03,799.2000122070312
2024-04-04,811.3499755859375
2024-04-05,787.25
2024-04-08,819.5499877929688
2024-04-09,791.7000122070312
2024-04-10,770.4500122070312
2024-04-12,761.4500122070312
2024-04-15,757.2000122070312
2024-04-16,794.7999877929688
2024-04-18,756.2000122070312
2024-04-19,718.4000244140625
2024-04-22,734.4500122070312
2024-04-23,733.1500244140625
2024-04-24,726.8499755859375
2024-04-25,748.7000122070312
2024-04-26,756.75
2024-04-29,794.5499877929688
2024-04-30,807.4000244140625
2024-05-02,828.75
2024-05-03,819.5499877929688
2024-05-06,835.1500244140625
2024-05-07,797.0
2024-05-08,820.5499877929688
2024-05-09,794.9500122070312
2024-05-10,784.7000122070312
2024-05-13,784.7999877929688
2024-05-14,818.5499877929688
2024-05-15,813.5499877929688
2024-05-16,835.5
2024-05-17,877.25
2024-05-21,891.7999877929688
2024-05-22,909.5999755859375
2024-05-23,916.7000122070312
2024-05-24,870.9000244140625
2024-05-27,827.3499755859375
2024-05-28,786.0
2024-05-29,746.7000122070312
2024-05-30,709.4000244140625
2024-05-31,685.4500122070312
2024-06-03,719.7000122070312
2024-06-04,683.75
2024-06-05,695.9000244140625
2024-06-06,709.5999755859375
2024-06-07,745.0499877929688
2024-06-10,782.2999877929688
2024-06-11,821.4000244140625
2024-06-12,805.9500122070312
2024-06-13,788.0999755859375
2024-06-14,810.0999755859375
2024-06-18,882.2999877929688
2024-06-19,905.0999755859375
2024-06-20,922.9000244140625
2024-06-21,904.0499877929688
2024-06-24,886.8499755859375
2024-06-25,893.2999877929688
2024-06-26,886.9500122070312
2024-06-27,892.9000244140625
2024-06-28,865.2999877929688
2024-07-01,904.6500244140625
2024-07-02,907.9500122070312
2024-07-03,939.0
2024-07-04,921.5
2024-07-05,921.7999877929688
2024-07-08,880.0
2024-07-09,881.4000244140625
2024-07-10,858.4500122070312
2024-07-11,856.7000122070312
2024-07-12,829.0999755859375
2024-07-15,820.0999755859375
2024-07-16,797.7000122070312
2024-07-18,789.9000244140625
2024-07-19,740.75
2024-07-22,785.0
2024-07-23,766.1500244140625
2024-07-24,752.2000122070312
2024-07-25,766.5999755859375
2024-07-26,796.75
2024-07-29,795.1500244140625
2024-07-30,795.9500122070312
2024-07-31,803.1500244140625
2024-08-01,803.7000122070312
2024-08-02,804.75
2024-08-05,749.3499755859375
2024-08-06,788.6500244140625
2024-08-07,799.5499877929688
2024-08-08,828.9000244140625
2024-08-09,833.5999755859375
2024-08-12,822.0999755859375
2024-08-13,799.0
2024-08-14,793.6500244140625
2024-08-16,823.4000244140625
2024-08-19,806.0999755859375
2024-08-20,799.0
2024-08-21,813.4000244140625
2024-08-22,812.25
2024-08-23,798.5499877929688
2024-08-26,814.0499877929688
2024-08-27,816.9000244140625
2024-08-28,798.4000244140625
2024-08-29,792.9500122070312
2024-08-30,829.6500244140625
2024-09-02,817.2999877929688
2024-09-03,828.75
2024-09-04,819.75
2024-09-05,823.8499755859375
2024-09-06,809.6500244140625
2024-09-09,786.7999877929688
2024-09-10,810.9500122070312
2024-09-11,812.1500244140625
2024-09-12,818.25
2024-09-13,821.5999755859375
2024-09-16,787.6500244140625
2024-09-17,776.3499755859375
2024-09-18,766.5499877929688
2024-09-19,750.4500122070312
2024-09-20,782.5
2024-09-23,776.7000122070312
2024-09-24,853.5499877929688
2024-09-25,847.2999877929688
2024-09-26,829.0499877929688
2024-09-27,821.9000244140625
2024-09-30,816.0499877929688
2024-10-01,816.0999755859375
2024-10-03,787.5999755859375
2024-10-04,795.25
2024-10-07,747.4500122070312
2024-10-08,786.6500244140625
2024-10-09,825.8499755859375
2024-10-10,863.9500122070312
2024-10-11,860.4500122070312
2024-10-14,860.0499877929688
2024-10-15,870.0
2024-10-16,858.9500122070312
2024-10-17,826.9000244140625
2024-10-18,827.7000122070312
2024-10-21,801.5999755859375
2024-10-22,764.9000244140625
2024-10-23,763.7999877929688
2024-10-24,753.0
2024-10-25,730.0999755859375
2024-10-28,740.3499755859375
2024-10-29,743.1500244140625
2024-10-30,763.25
2024-10-31,779.6500244140625
2024-11-01,786.5499877929688
2024-11-04,757.5499877929688
2024-11-05,776.5499877929688
2024-11-06,809.3499755859375
2024-11-07,793.0499877929688
2024-11-08,777.9000244140625
2024-11-11,769.4000244140625
2024-11-12,759.1500244140625
2024-11-13,720.7000122070312
2024-11-14,724.5499877929688
2024-11-18,704.5999755859375
2024-11-19,732.9500122070312
2024-11-21,755.6500244140625
2024-11-22,781.2000122070312
2024-11-25,816.75
2024-11-26,803.0
2024-11-27,830.0
2024-11-28,816.7000122070312
2024-11-29,830.5999755859375
2024-12-02,820.0
2024-12-03,826.2999877929688
2024-12-04,826.5
2024-12-05,828.5999755859375
2024-12-06,832.9500122070312
2024-12-09,820.75
2024-12-10,814.4500122070312
2024-12-11,827.5499877929688
2024-12-12,833.0
2024-12-13,834.7999877929688
2024-12-16,858.25
2024-12-17,839.0499877929688
2024-12-18,826.9000244140625
2024-12-19,816.2000122070312
2024-12-20,789.7000122070312
2024-12-23,779.0999755859375
2024-12-24,781.1500244140625
2024-12-26,778.3499755859375
2024-12-27,776.2999877929688
2024-12-30,771.0
2024-12-31,766.6500244140625
2025-01-01,790.9000244140625
2025-01-02,802.4500122070312
2025-01-03,786.5
2025-01-06,746.25
2025-01-07,762.5
2025-01-08,760.4500122070312
2025-01-09,744.0499877929688
2025-01-10,720.6500244140625
2025-01-13,704.0499877929688
2025-01-14,724.5
2025-01-15,715.0999755859375
2025-01-16,738.25
2025-01-17,723.5999755859375
2025-01-20,753.8499755859375
2025-01-21,727.7999877929688
2025-01-22,712.1500244140625
2025-01-23,713.0
2025-01-24,694.7999877929688
2025-01-27,665.5
2025-01-28,626.9500122070312
2025-01-29,659.6500244140625
2025-01-30,650.5499877929688
2025-01-31,682.7999877929688
2025-02-01,668.9500122070312
2025-02-03,637.2999877929688
2025-02-04,642.9000244140625
2025-02-05,653.75
2025-02-06,662.2999877929688
2025-02-07,654.75
2025-02-10,646.2999877929688
2025-02-11,662.5499877929688
2025-02-12,685.5499877929688
2025-02-13,664.5
2025-02-14,627.4500122070312
2025-02-17,615.5999755859375
2025-02-18,608.7000122070312
2025-02-19,628.3499755859375
2025-02-20,640.6500244140625
2025-02-21,641.1500244140625
2025-02-24,646.9000244140625
2025-02-25,656.0
2025-02-27,642.2999877929688
2025-02-28,612.0499877929688
2025-03-03,600.25
2025-03-04,619.2000122070312
2025-03-05,635.9000244140625
2025-03-06,637.0499877929688
2025-03-07,632.7000122070312
2025-03-10,603.7000122070312
2025-03-11,602.7000122070312
2025-03-12,604.4500122070312
2025-03-13,607.9000244140625
2025-03-17,603.75
2025-03-18,603.75
2025-03-19,644.75
2025-03-20,638.7999877929688
2025-03-21,686.2999877929688
2025-03-24,702.75
2025-03-25,684.5999755859375
2025-03-26,661.9000244140625
2025-03-27,664.6500244140625
2025-03-28,668.3499755859375
2025-04-01,655.9500122070312
2025-04-02,672.3499755859375
2025-04-03,658.0
2025-04-04,625.0
2025-04-07,588.1500244140625
2025-04-08,590.0499877929688
2025-04-09,563.75
2025-04-11,594.2999877929688
2025-04-15,615.3499755859375
2025-04-16,608.4500122070312
2025-04-17,606.1500244140625
2025-04-21,627.7000122070312
2025-04-22,621.7000122070312
2025-04-23,621.0999755859375
2025-04-24,623.7000122070312
2025-04-25,605.0499877929688
2025-04-28,598.25
2025-04-29,599.3499755859375
2025-04-30,575.5
2025-05-02,575.8499755859375
2025-05-05,585.9000244140625
2025-05-06,564.0
2025-05-07,567.6500244140625
2025-05-08,556.7000122070312
2025-05-09,550.9500122070312
2025-05-12,608.2999877929688
2025-05-13,620.1500244140625
2025-05-14,622.5499877929688
2025-05-15,633.0999755859375
2025-05-16,653.0499877929688
2025-05-19,665.9000244140625
2025-05-20,654.4500122070312
2025-05-21,665.5499877929688
2025-05-22,669.4500122070312
2025-05-23,667.5
2025-05-26,678.6500244140625
2025-05-27,697.9500122070312
2025-05-28,778.7000122070312
2025-05-29,751.1500244140625
2025-05-30,752.1500244140625
2025-06-02,760.7999877929688
2025-06-03,760.8499755859375
2025-06-04,772.6500244140625
2025-06-05,765.0499877929688
2025-06-06,792.4000244140625
2025-06-09,785.5499877929688
2025-06-10,773.8499755859375
2025-06-11,767.7000122070312
2025-06-12,746.9500122070312
2025-06-13,724.7000122070312
2025-06-16,749.8499755859375
2025-06-17,765.9000244140625
2025-06-18,784.0499877929688
2025-06-19,752.75
2025-06-20,755.4000244140625
2025-06-23,758.5
2025-06-24,783.4500122070312
2025-06-25,797.0999755859375
2025-06-26,800.4000244140625
2025-06-27,792.7999877929688
2025-06-30,832.4000244140625
2025-07-01,832.6500244140625
2025-07-02,824.1500244140625
2025-07-03,819.7999877929688
2025-07-04,819.0
2025-07-07,818.0999755859375
2025-07-08,814.8499755859375
2025-07-09,825.0999755859375
2025-07-10,836.7000122070312
2025-07-11,854.5
2025-07-14,842.7999877929688
2025-07-15,870.2999877929688
2025-07-16,886.0
2025-07-17,903.7000122070312
2025-07-18,906.7999877929688
2025-07-21,917.25
2025-07-22,932.5999755859375
2025-07-23,937.9500122070312
2025-07-24,925.3499755859375
2025-07-25,913.2000122070312
2025-07-28,891.8499755859375
2025-07-29,909.7000122070312
2025-07-30,955.1500244140625
2025-07-31,1002.9000244140625
2025-08-01,1001.2999877929688
2025-08-04,1032.0
2025-08-05,1032.4000244140625
2025-08-06,1001.5
2025-08-07,983.7999877929688
2025-08-08,934.7000122070312
2025-08-11,888.0
2025-08-12,844.0999755859375
2025-08-13,886.2999877929688
2025-08-14,871.0
2025-08-18,873.7000122070312
2025-08-19,847.7999877929688
2025-08-20,839.2999877929688
2025-08-21,860.2000122070312
2025-08-22,860.5
2025-08-25,858.0
2025-08-26,860.0
2025-08-28,862.7000122070312
2025-08-29,857.0999755859375
2025-09-01,844.4000244140625
2025-09-02,876.2000122070312
2025-09-03,860.2999877929688
2025-09-04,849.0499877929688
2025-09-05,890.0999755859375
2025-09-08,874.8499755859375
2025-09-09,876.0
2025-09-10,881.4500122070312
2025-09-11,874.4500122070312
2025-09-12,870.9500122070312
2025-09-15,889.5999755859375
2025-09-16,907.2000122070312
2025-09-17,912.9000244140625
2025-09-18,899.6500244140625
2025-09-19,891.3499755859375
2025-09-22,883.2999877929688
2025-09-23,872.0499877929688
2025-09-24,855.0499877929688
2025-09-25,859.6500244140625
2025-09-26,835.5
2025-09-29,845.25
2025-09-30,820.5999755859375
2025-10-01,827.9500122070312
2025-10-03,855.7000122070312
2025-10-06,841.75
2025-10-07,842.6500244140625
2025-10-08,833.7999877929688
2025-10-09,826.9000244140625
2025-10-10,829.25
2025-10-13,836.8499755859375
2025-10-14,816.5
2025-10-15,829.75
2025-10-16,827.4000244140625
2025-10-17,822.8499755859375
2025-10-20,814.4000244140625
2025-10-21,820.4000244140625
2025-10-23,811.4000244140625
2025-10-24,840.4500122070312
2025-10-27,862.4000244140625
2025-10-28,865.2999877929688
2025-10-29,853.1500244140625
2025-10-30,853.75
2025-10-31,836.5
2025-11-03,862.6500244140625
2025-11-04,889.9500122070312
2025-11-06,876.0
2025-11-07,861.9500122070312
2025-11-10,808.0
2025-11-11,821.2999877929688
2025-11-12,821.3499755859375
2025-11-13,803.1500244140625
2025-11-14,797.2000122070312
2025-11-17,790.6500244140625
2025-11-18,764.2999877929688
2025-11-19,782.2000122070312
2025-11-20,755.0
2025-11-21,741.3499755859375
2025-11-24,734.2999877929688
2025-11-25,714.0499877929688
2025-11-26,733.2000122070312
2025-11-27,719.4000244140625
2025-11-28,716.3499755859375
2025-12-01,716.6500244140625
2025-12-02,751.7000122070312
2025-12-03,773.7999877929688
2025-12-04,762.4500122070312
2025-12-05,753.4500122070312
2025-12-08,741.2000122070312
2025-12-09,747.5499877929688
2025-12-10,719.0999755859375
2025-12-11,709.2000122070312
2025-12-12,717.4000244140625
2025-12-15,714.7999877929688
2025-12-16,708.5999755859375
2025-12-17,691.4000244140625
2025-12-18,699.75
2025-12-19,726.5999755859375
2025-12-22,742.4000244140625
2025-12-23,744.9500122070312
2025-12-24,739.0
2025-12-26,726.7999877929688
2025-12-29,716.9000244140625
2025-12-30,701.5
2025-12-31,722.9000244140625
2026-01-01,715.7000122070312
2026-01-02,717.2999877929688
2026-01-05,702.4500122070312
2026-01-06,695.8499755859375
2026-01-07,710.1500244140625
2026-01-08,657.5
2026-01-09,644.25
2026-01-12,640.75
2026-01-13,629.0
2026-01-14,622.1500244140625
2026-01-15,622.1500244140625
2026-01-16,620.0
2026-01-19,616.7999877929688
2026-01-20,585.4500122070312
2026-01-21,579.2000122070312
2026-01-22,622.7999877929688
2026-01-23,606.7000122070312
2026-01-27,633.0999755859375
2026-01-28,697.7000122070312
2026-01-29,685.9500122070312
2026-01-30,692.7999877929688
2026-02-02,697.7000122070312
2026-02-03,737.0999755859375
2026-02-04,753.1500244140625
2026-02-05,732.3499755859375
2026-02-06,768.9000244140625
2026-02-09,768.7999877929688
2026-02-10,784.8499755859375
2026-02-11,794.8499755859375
2026-02-12,788.9500122070312
2026-02-13,811.7000122070312
2026-02-16,824.4500122070312
2026-02-17,849.5
2026-02-18,920.4000244140625
2026-02-19,907.5499877929688
2026-02-20,922.6500244140625
2026-02-23,914.4500122070312
2026-02-24,896.7999877929688
2026-02-25,871.0999755859375
2026-02-26,898.1500244140625
2026-02-27,906.4500122070312
2026-03-02,873.2000122070312
2026-03-04,832.75
2026-03-05,874.3499755859375
2026-03-06,905.8499755859375
2026-03-09,900.0999755859375
2026-03-10,923.5999755859375
2026-03-11,908.5
2026-03-12,907.4500122070312
2026-03-13,885.7000122070312
2026-03-16,871.8499755859375
2026-03-17,889.0999755859375
2026-03-18,898.5999755859375
2026-03-19,895.2000122070312
2026-03-20,890.0
2026-03-23,866.7000122070312
2026-03-24,895.3499755859375
2026-03-25,893.5
2026-03-27,876.75
2026-03-30,845.7999877929688
2026-04-01,876.0499877929688
2026-04-02,906.0499877929688
2026-04-06,926.25
2026-04-07,927.4500122070312
2026-04-08,973.7999877929688
2026-04-09,966.7999877929688
2026-04-10,1010.0999755859375
2026-04-13,1018.1500244140625
2026-04-15,996.5499877929688
2026-04-16,998.25
2026-04-17,1036.050048828125
2026-04-20,1087.8499755859375
2026-04-21,1058.800048828125
2026-04-22,1111.699951171875
2026-04-23,1127.0
2026-04-24,1180.0999755859375
2026-04-27,1182.0
2026-04-28,1144.1500244140625
2026-04-29,1191.25
2026-04-30,1243.699951171875
2026-05-01,1243.699951171875
2026-05-04,1305.800048828125
2026-05-05,1349.9000244140625
2026-05-06,1282.5
2026-05-07,1343.4000244140625
2026-05-08,1344.5999755859375
2026-05-11,1316.9000244140625
2026-05-12,1265.199951171875
2026-05-13,1281.300048828125
2026-05-14,1315.0
2026-05-15,1264.300048828125
2026-05-18,1201.0999755859375
2026-05-19,1244.699951171875
2026-05-20,1300.0
2026-05-21,1325.300048828125
2026-05-22,1307.5999755859375
2026-05-25,1364.699951171875
2026-05-26,1376.800048828125
2026-05-27,1377.5999755859375
2026-05-28,1377.5999755859375
2026-05-29,1308.800048828125
2026-06-01,1243.4000244140625
2026-06-02,1181.300048828125
2026-06-03,1122.300048828125
2026-06-04,1109.800048828125
2026-06-05,1172.199951171875
2026-06-08,1142.9000244140625
2026-06-09,1097.800048828125
2026-06-10,1082.9000244140625
2026-06-11,1089.300048828125
2026-06-12,1105.699951171875
2026-06-15,1216.199951171875
2026-06-16,1181.4000244140625
2026-06-17,1266.5999755859375
2026-06-18,1301.0
2026-06-19,1331.4000244140625
2026-06-22,1395.5
2026-06-23,1442.199951171875
2026-06-24,1373.9000244140625
2026-06-25,1335.300048828125
2026-06-26,1335.300048828125
2026-06-29,1453.5999755859375
2026-06-30,1360.199951171875
2026-07-01,1387.0
2026-07-02,1453.9000244140625
2026-07-03,1481.5999755859375
2026-07-06,1501.0
2026-07-07,1492.5999755859375
2026-07-08,1496.5999755859375
2026-07-09,1485.199951171875
2026-07-10,1414.199951171875
2026-07-13,1378.300048828125
2026-07-14,1335.9000244140625
2026-07-15,1360.300048828125
2026-07-16,1326.800048828125
2026-07-17,1278.5
2026-07-20,1341.0
2026-07-21,1358.300048828125
2026-07-22,1342.300048828125
2026-07-23,1341.4000244140625
2026-07-24,1352.5999755859375
2026-07-27,1352.0
2026-07-28,1332.699951171875
2026-07-29,1280.9000244140625
2026-07-30,1298.4000244140625
2026-07-31,1355.300048828125
2026-08-03,1346.0999755859375
2026-08-04,1333.9000244140625
2026-08-05,1352.5
2026-08-06,1335.199951171875
2026-08-07,1354.800048828125
2026-08-10,1424.9000244140625
2026-08-11,1403.300048828125
2026-08-12,1431.9000244140625
2026-08-13,1379.0999755859375
2026-08-14,1369.199951171875
2026-08-17,1212.199951171875
2026-08-18,1274.4000244140625
2026-08-19,1253.800048828125
2026-08-20,1242.5999755859375
2026-08-21,1217.300048828125
2026-08-24,1158.4000244140625
2026-08-25,1146.4000244140625
2026-08-26,1174.4000244140625
2026-08-27,1207.0
2026-08-28,1201.9000244140625
2026-08-31,1219.199951171875
2026-09-01,1188.300048828125
2026-09-02,1169.5
2026-09-03,1191.0
2026-09-04,1232.4000244140625
2026-09-07,1193.5999755859375
2026-09-08,1229.699951171875
2026-09-09,1193.800048828125
2026-09-10,1194.9000244140625
2026-09-11,1227.0
2026-09-14,1227.0
2026-09-15,1193.0999755859375
2026-09-16,1198.5999755859375
2026-09-18,1213.5
2026-09-21,1239.0999755859375
