Date,TIINDIA
2017-11-02,258.1602783203125
2017-11-03,245.50205993652344
2017-11-06,235.75375366210938
2017-11-07,242.59210205078125
2017-11-08,254.66842651367188
2017-11-09,267.3751525878906
2017-11-10,280.71234130859375
2017-11-13,283.0888671875
2017-11-14,281.1973876953125
2017-11-15,284.6893005371094
2017-11-16,281.7793273925781
2017-11-17,271.0610656738281
2017-11-20,266.98712158203125
2017-11-21,261.021728515625
2017-11-22,256.8507995605469
2017-11-23,257.7238464355469
2017-11-24,261.5066833496094
2017-11-27,261.7007141113281
2017-11-28,256.99639892578125
2017-11-29,253.0194091796875
2017-11-30,251.12796020507812
2017-12-01,248.07254028320312
2017-12-04,251.12796020507812
2017-12-05,249.3820037841797
2017-12-06,244.96856689453125
2017-12-07,244.2410888671875
2017-12-08,251.41897583007812
2017-12-11,262.2827453613281
2017-12-12,250.15794372558594
2017-12-13,252.0009002685547
2017-12-14,252.14649963378906
2017-12-15,255.20187377929688
2017-12-18,257.19024658203125
2017-12-19,256.6568298339844
2017-12-20,256.0263366699219
2017-12-21,256.5597839355469
2017-12-22,261.9432067871094
2017-12-26,265.2411804199219
2017-12-27,262.6706848144531
2017-12-28,263.2041320800781
2017-12-29,261.45819091796875
2018-01-01,261.7007141113281
2018-01-02,260.1002502441406
2018-01-03,265.629150390625
2018-01-04,272.17657470703125
2018-01-05,285.61077880859375
2018-01-08,285.8532409667969
2018-01-09,286.72613525390625
2018-01-10,285.27130126953125
2018-01-11,278.7723388671875
2018-01-12,278.7239074707031
2018-01-15,285.3197326660156
2018-01-16,270.964111328125
2018-01-17,274.8924865722656
2018-01-18,260.2942199707031
2018-01-19,264.4651794433594
2018-01-22,269.0240783691406
2018-01-23,265.48370361328125
2018-01-24,252.9224395751953
2018-01-25,260.1002502441406
2018-01-29,256.1718444824219
2018-01-30,259.227294921875
2018-01-31,259.227294921875
2018-02-01,257.77227783203125
2018-02-02,255.54136657714844
2018-02-05,252.0009002685547
2018-02-06,254.23187255859375
2018-02-07,256.89935302734375
2018-02-08,254.03787231445312
2018-02-09,262.0887145996094
2018-02-12,271.6429748535156
2018-02-14,277.99639892578125
2018-02-15,264.90167236328125
2018-02-16,262.4281311035156
2018-02-19,259.7607116699219
2018-02-20,265.82318115234375
2018-02-21,263.10723876953125
2018-02-22,259.696533203125
2018-02-23,256.57818603515625
2018-02-26,253.36253356933594
2018-02-27,253.41116333007812
2018-02-28,254.6293182373047
2018-03-01,256.3346252441406
2018-03-05,259.2579650878906
2018-03-06,254.97032165527344
2018-03-07,253.557373046875
2018-03-08,257.5039367675781
2018-03-09,254.04454040527344
2018-03-12,254.33692932128906
2018-03-13,253.8984375
2018-03-14,251.90077209472656
2018-03-15,249.41586303710938
2018-03-16,241.91246032714844
2018-03-19,242.3997039794922
2018-03-20,244.787109375
2018-03-21,238.69668579101562
2018-03-22,235.28602600097656
2018-03-23,228.26983642578125
2018-03-26,225.4925994873047
2018-03-27,219.45086669921875
2018-03-28,216.7223663330078
2018-04-02,247.56439208984375
2018-04-03,242.4484100341797
2018-04-04,231.7779541015625
2018-04-05,236.99139404296875
2018-04-06,233.4832763671875
2018-04-09,235.43222045898438
2018-04-10,233.97052001953125
2018-04-11,226.75941467285156
2018-04-12,226.1747283935547
2018-04-13,226.80816650390625
2018-04-16,228.26983642578125
2018-04-17,225.2977294921875
2018-04-18,225.00540161132812
2018-04-19,225.2002716064453
2018-04-20,228.4647674560547
2018-04-23,233.87307739257812
2018-04-24,235.7732696533203
2018-04-25,232.36265563964844
2018-04-26,228.56216430664062
2018-04-27,231.19325256347656
2018-04-30,228.75711059570312
2018-05-02,227.636474609375
2018-05-03,224.46942138671875
2018-05-04,223.7872314453125
2018-05-07,224.46942138671875
2018-05-08,219.1098175048828
2018-05-09,216.77110290527344
2018-05-10,222.37429809570312
2018-05-11,222.617919921875
2018-05-14,222.08197021484375
2018-05-15,219.98683166503906
2018-05-16,217.74559020996094
2018-05-17,223.5924072265625
2018-05-18,219.4021759033203
2018-05-21,217.0634765625
2018-05-22,216.08895874023438
2018-05-23,209.8036346435547
2018-05-24,206.7340545654297
2018-05-25,216.08895874023438
2018-05-28,222.81280517578125
2018-05-29,220.08432006835938
2018-05-30,212.23980712890625
2018-05-31,211.4114990234375
2018-06-01,214.67599487304688
2018-06-04,215.21194458007812
2018-06-05,210.82679748535156
2018-06-06,214.87086486816406
2018-06-07,213.36045837402344
2018-06-08,217.35577392578125
2018-06-11,223.64112854003906
2018-06-12,227.05178833007812
2018-06-13,230.7547607421875
2018-06-14,228.0749969482422
2018-06-15,231.29071044921875
2018-06-18,229.09815979003906
2018-06-19,233.04476928710938
2018-06-20,227.3441162109375
2018-06-21,220.66897583007812
2018-06-22,217.50196838378906
2018-06-25,216.57620239257812
2018-06-26,226.9055938720703
2018-06-27,224.61557006835938
2018-06-28,220.96131896972656
2018-06-29,225.2977294921875
2018-07-02,226.02857971191406
2018-07-03,226.5158233642578
2018-07-04,226.95433044433594
2018-07-05,227.83132934570312
2018-07-06,238.0632781982422
2018-07-09,242.10733032226562
2018-07-10,233.0934600830078
2018-07-11,238.74542236328125
2018-07-12,238.550537109375
2018-07-13,230.121337890625
2018-07-16,230.3162384033203
2018-07-17,228.0749969482422
2018-07-18,223.5924072265625
2018-07-19,220.96131896972656
2018-07-20,218.08663940429688
2018-07-23,224.85919189453125
2018-07-24,242.54583740234375
2018-07-25,241.96115112304688
2018-07-26,238.7941436767578
2018-07-27,239.18389892578125
2018-07-30,242.25978088378906
2018-07-31,240.111572265625
2018-08-01,236.40101623535156
2018-08-02,236.2545166015625
2018-08-03,244.65213012695312
2018-08-06,240.9415283203125
2018-08-07,235.86395263671875
2018-08-08,233.76455688476562
2018-08-09,236.6939697265625
2018-08-10,237.0356903076172
2018-08-13,239.965087890625
2018-08-14,240.16038513183594
2018-08-16,251.92669677734375
2018-08-17,263.107177734375
2018-08-20,265.2065734863281
2018-08-21,262.3748779296875
2018-08-23,264.4253845214844
2018-08-24,267.354736328125
2018-08-27,273.8970642089844
2018-08-28,273.4088439941406
2018-08-29,273.7017822265625
2018-08-30,286.5910339355469
2018-08-31,286.346923828125
2018-09-03,287.12811279296875
2018-09-04,283.90582275390625
2018-09-05,296.111572265625
2018-09-06,311.6372985839844
2018-09-07,300.9450378417969
2018-09-10,294.5980224609375
2018-09-11,288.49517822265625
2018-09-12,288.69049072265625
2018-09-14,293.52392578125
2018-09-17,293.37750244140625
2018-09-18,286.8840026855469
2018-09-19,288.39752197265625
2018-09-21,278.3399658203125
2018-09-24,282.9781494140625
2018-09-25,288.8368835449219
2018-09-26,289.5692138671875
2018-09-27,288.64166259765625
2018-09-28,287.6163330078125
2018-10-01,290.936279296875
2018-10-03,285.0287170410156
2018-10-04,273.5065002441406
2018-10-05,276.4359130859375
2018-10-08,276.77764892578125
2018-10-09,274.0435485839844
2018-10-10,286.5910339355469
2018-10-11,279.07232666015625
2018-10-12,282.8804931640625
2018-10-15,281.7575378417969
2018-10-16,282.8804931640625
2018-10-17,283.3199157714844
2018-10-19,283.0270080566406
2018-10-22,293.2798156738281
2018-10-23,287.6163330078125
2018-10-24,286.4933776855469
2018-10-25,290.5457763671875
2018-10-26,285.90753173828125
2018-10-29,292.3033142089844
2018-10-30,284.4917297363281
2018-10-31,285.8587646484375
2018-11-01,290.740966796875
2018-11-02,287.3233642578125
2018-11-05,291.0339660644531
2018-11-06,290.0575256347656
2018-11-07,292.2546081542969
2018-11-09,292.8404235839844
2018-11-12,290.6922302246094
2018-11-13,289.8134460449219
2018-11-14,283.8081359863281
2018-11-15,281.3181457519531
2018-11-16,288.64166259765625
2018-11-19,288.69049072265625
2018-11-20,286.1028137207031
2018-11-21,285.4681091308594
2018-11-22,280.7811279296875
2018-11-26,275.0688171386719
2018-11-27,283.4663391113281
2018-11-28,290.1062316894531
2018-11-29,292.4986877441406
2018-11-30,293.0845031738281
2018-12-03,298.30859375
2018-12-04,308.3660888671875
2018-12-05,308.3172607421875
2018-12-06,313.68780517578125
2018-12-07,325.8935852050781
2018-12-10,318.0330505371094
2018-12-11,318.863037109375
2018-12-12,331.9476623535156
2018-12-13,328.92059326171875
2018-12-14,320.96246337890625
2018-12-17,317.6424560546875
2018-12-18,317.6424560546875
2018-12-19,321.5483093261719
2018-12-20,317.4960021972656
2018-12-21,317.30072021484375
2018-12-24,326.2841796875
2018-12-26,318.2283630371094
2018-12-27,324.3312683105469
2018-12-28,333.70526123046875
2018-12-31,347.8639831542969
2019-01-01,341.90753173828125
2019-01-02,344.6904602050781
2019-01-03,350.8909606933594
2019-01-04,342.835205078125
2019-01-07,340.83343505859375
2019-01-08,329.3599853515625
2019-01-09,327.55352783203125
2019-01-10,316.861328125
2019-01-11,320.0836486816406
2019-01-14,319.2536926269531
2019-01-15,317.3983459472656
2019-01-16,327.3094787597656
2019-01-17,322.6224365234375
2019-01-18,333.6564636230469
2019-01-21,322.5247802734375
2019-01-22,324.8682861328125
2019-01-23,323.25714111328125
2019-01-24,327.55352783203125
2019-01-25,323.7453918457031
2019-01-28,329.0182800292969
2019-01-29,333.754150390625
2019-01-30,332.3382263183594
2019-01-31,336.97637939453125
2019-02-01,334.1446533203125
2019-02-04,323.6477966308594
2019-02-05,331.6546325683594
2019-02-06,331.5570373535156
2019-02-07,339.4176025390625
2019-02-08,331.7035217285156
2019-02-11,337.12286376953125
2019-02-12,340.5404968261719
2019-02-14,334.7012634277344
2019-02-15,331.4136047363281
2019-02-18,338.2342529296875
2019-02-19,342.4542541503906
2019-02-20,350.1090087890625
2019-02-21,348.98040771484375
2019-02-22,344.6623229980469
2019-02-25,349.5201721191406
2019-02-26,358.0582580566406
2019-02-27,344.6623229980469
2019-02-28,351.3357238769531
2019-03-01,359.2358703613281
2019-03-05,372.9261779785156
2019-03-06,372.7790222167969
2019-03-07,377.6859130859375
2019-03-08,373.7603759765625
2019-03-11,372.0920104980469
2019-03-12,372.14105224609375
2019-03-13,376.7535705566406
2019-03-14,375.4777526855469
2019-03-15,406.7348937988281
2019-03-18,393.6824951171875
2019-03-19,376.80267333984375
2019-03-20,363.8973693847656
2019-03-22,354.08355712890625
2019-03-25,358.5979919433594
2019-03-26,371.208740234375
2019-03-27,365.7130432128906
2019-03-28,376.11566162109375
2019-04-01,381.7586669921875
2019-04-02,380.43377685546875
2019-04-03,378.07843017578125
2019-04-04,383.1325988769531
2019-04-05,385.9295349121094
2019-04-08,383.966796875
2019-04-09,374.9379577636719
2019-04-10,369.0496826171875
2019-04-11,370.32550048828125
2019-04-12,366.64532470703125
2019-04-15,369.1478576660156
2019-04-16,371.5032653808594
2019-04-18,365.3695373535156
2019-04-22,353.2004089355469
2019-04-23,374.8398742675781
2019-04-24,372.2391662597656
2019-04-25,371.993896484375
2019-04-26,373.0243225097656
2019-04-30,373.3187255859375
2019-05-02,367.1360168457031
2019-05-03,367.4794921875
2019-05-06,363.3576965332031
2019-05-07,361.9346618652344
2019-05-08,364.1427917480469
2019-05-09,361.1495666503906
2019-05-10,364.7315673828125
2019-05-13,364.437255859375
2019-05-14,365.1732482910156
2019-05-15,364.0446472167969
2019-05-16,368.50994873046875
2019-05-17,372.582763671875
2019-05-20,379.8940734863281
2019-05-21,376.65545654296875
2019-05-22,372.7298889160156
2019-05-23,371.0124206542969
2019-05-24,391.42529296875
2019-05-27,389.1190490722656
2019-05-28,387.2052917480469
2019-05-29,387.6470031738281
2019-05-30,381.3169860839844
2019-05-31,382.15118408203125
2019-06-03,379.157958984375
2019-06-04,387.8923034667969
2019-06-06,387.45062255859375
2019-06-07,378.2256774902344
2019-06-10,381.1697998046875
2019-06-11,385.4879150390625
2019-06-12,387.79412841796875
2019-06-13,387.9413757324219
2019-06-14,385.2916259765625
2019-06-17,382.54376220703125
2019-06-18,377.2933349609375
2019-06-19,373.0243225097656
2019-06-20,374.98712158203125
2019-06-21,373.3677978515625
2019-06-24,373.4168701171875
2019-06-25,392.4557800292969
2019-06-26,389.7569580078125
2019-06-27,385.2916259765625
2019-06-28,376.90081787109375
2019-07-01,380.28656005859375
2019-07-02,382.3475036621094
2019-07-03,379.9921569824219
2019-07-04,379.50146484375
2019-07-05,379.69769287109375
2019-07-08,378.12451171875
2019-07-09,376.600341796875
2019-07-10,378.4686584472656
2019-07-11,378.4686584472656
2019-07-12,397.93780517578125
2019-07-15,397.6919250488281
2019-07-16,393.51300048828125
2019-07-17,409.491455078125
2019-07-18,408.6556091308594
2019-07-19,385.7449951171875
2019-07-22,376.7478332519531
2019-07-23,377.78033447265625
2019-07-24,370.2089538574219
2019-07-25,357.08203125
2019-07-26,333.5322265625
2019-07-29,331.565673828125
2019-07-30,339.1369934082031
2019-07-31,340.562744140625
2019-08-01,351.5264892578125
2019-08-02,352.4606018066406
2019-08-05,349.2648620605469
2019-08-06,346.4132995605469
2019-08-07,344.5450439453125
2019-08-08,346.8558349609375
2019-08-09,346.8558349609375
2019-08-13,344.0042724609375
2019-08-14,345.6758728027344
2019-08-16,346.8558349609375
2019-08-19,347.986572265625
2019-08-20,350.10064697265625
2019-08-21,334.4662780761719
2019-08-22,332.0573425292969
2019-08-23,338.6944885253906
2019-08-26,343.3650817871094
2019-08-27,342.8243103027344
2019-08-28,334.3680114746094
2019-08-29,329.74664306640625
2019-08-30,332.25396728515625
2019-09-03,325.61676025390625
2019-09-04,325.3709411621094
2019-09-05,325.0759582519531
2019-09-06,336.4329528808594
2019-09-09,333.3356018066406
2019-09-11,336.1379699707031
2019-09-12,326.501708984375
2019-09-13,330.139892578125
2019-09-16,345.3808288574219
2019-09-17,334.3680114746094
2019-09-18,337.5637512207031
2019-09-19,330.7298583984375
2019-09-20,339.6777648925781
2019-09-23,359.6877136230469
2019-09-24,382.8442687988281
2019-09-25,392.87384033203125
2019-09-26,385.7449951171875
2019-09-27,379.30438232421875
2019-09-30,377.6819763183594
2019-10-01,374.535400390625
2019-10-03,378.56695556640625
2019-10-04,376.6986999511719
2019-10-07,377.1412048339844
2019-10-09,367.750732421875
2019-10-10,357.5245056152344
2019-10-11,357.72119140625
2019-10-14,365.34173583984375
2019-10-15,358.2127990722656
2019-10-16,358.7536315917969
2019-10-17,355.1154479980469
2019-10-18,358.55694580078125
2019-10-22,366.71832275390625
2019-10-23,359.93353271484375
2019-10-24,364.2601318359375
2019-10-25,365.5875549316406
2019-10-27,368.242431640625
2019-10-29,365.9317321777344
2019-10-30,363.5226135253906
2019-10-31,391.74298095703125
2019-11-01,417.9969177246094
2019-11-04,429.20648193359375
2019-11-05,438.9410095214844
2019-11-06,438.20355224609375
2019-11-07,441.6941833496094
2019-11-08,431.1239013671875
2019-11-11,434.56536865234375
2019-11-13,438.0068359375
2019-11-14,437.6627197265625
2019-11-15,441.49755859375
2019-11-18,436.3352966308594
2019-11-19,440.6125793457031
2019-11-20,446.3156433105469
2019-11-21,443.6607666015625
2019-11-22,444.2015686035156
2019-11-25,452.2154541015625
2019-11-26,451.0354919433594
2019-11-27,443.955810546875
2019-11-28,447.2498779296875
2019-11-29,462.7857666015625
2019-12-02,480.780029296875
2019-12-03,481.46832275390625
2019-12-04,477.92852783203125
2019-12-05,469.7179870605469
2019-12-06,469.1280212402344
2019-12-09,461.9008483886719
2019-12-10,474.5853576660156
2019-12-11,470.0621032714844
2019-12-12,465.3914794921875
2019-12-13,473.5528564453125
2019-12-16,467.2597961425781
2019-12-17,470.4063415527344
2019-12-18,465.293212890625
2019-12-19,475.8144226074219
2019-12-20,484.2707214355469
2019-12-23,490.1213073730469
2019-12-24,479.9442443847656
2019-12-26,480.2391662597656
2019-12-27,478.567626953125
2019-12-30,480.4359436035156
2019-12-31,473.5528564453125
2020-01-01,482.35321044921875
2020-01-02,487.3680725097656
2020-01-03,482.9432678222656
2020-01-06,481.1241760253906
2020-01-07,476.79766845703125
2020-01-08,474.97857666015625
2020-01-09,482.15667724609375
2020-01-10,490.0229797363281
2020-01-13,488.203857421875
2020-01-14,497.1026306152344
2020-01-15,516.1294555664062
2020-01-16,515.9818115234375
2020-01-17,514.457763671875
2020-01-20,514.457763671875
2020-01-21,514.752685546875
2020-01-22,514.6543579101562
2020-01-23,511.2128601074219
2020-01-24,511.5079040527344
2020-01-27,510.6228942871094
2020-01-28,503.8382263183594
2020-01-29,478.6659240722656
2020-01-30,492.9236755371094
2020-01-31,502.9040832519531
2020-02-03,479.84588623046875
2020-02-04,513.4744262695312
2020-02-05,514.457763671875
2020-02-06,525.8638916015625
2020-02-07,517.8992309570312
2020-02-10,514.949462890625
2020-02-11,510.7212219238281
2020-02-12,507.4271240234375
2020-02-13,492.8253173828125
2020-02-14,494.693603515625
2020-02-17,490.80963134765625
2020-02-18,477.92852783203125
2020-02-19,486.5813903808594
2020-02-20,497.3485107421875
2020-02-24,535.40185546875
2020-02-25,542.9240112304688
2020-02-26,544.9888916015625
2020-02-27,559.2958374023438
2020-02-28,519.1776123046875
2020-03-02,537.712646484375
2020-03-03,518.9808349609375
2020-03-04,515.1952514648438
2020-03-05,523.2581176757812
2020-03-06,496.3652038574219
2020-03-09,497.4468078613281
2020-03-11,497.00128173828125
2020-03-12,476.7528991699219
2020-03-13,465.8612976074219
2020-03-16,466.4554138183594
2020-03-17,445.56341552734375
2020-03-18,425.2655029296875
2020-03-19,384.91729736328125
2020-03-20,381.74884033203125
2020-03-23,342.7868347167969
2020-03-24,299.2206115722656
2020-03-25,295.1114501953125
2020-03-26,307.09222412109375
2020-03-27,302.0920104980469
2020-03-30,278.82366943359375
2020-03-31,271.1996154785156
2020-04-01,256.2484436035156
2020-04-03,272.04119873046875
2020-04-07,281.6950988769531
2020-04-08,299.4680480957031
2020-04-09,311.1517639160156
2020-04-13,303.3296813964844
2020-04-15,325.6573791503906
2020-04-16,316.9441223144531
2020-04-17,336.2518310546875
2020-04-20,362.5896301269531
2020-04-21,339.5193176269531
2020-04-22,339.3212890625
2020-04-23,343.23236083984375
2020-04-24,332.39031982421875
2020-04-27,336.2023620605469
2020-04-28,335.8062438964844
2020-04-29,350.8069152832031
2020-04-30,369.5701599121094
2020-05-04,359.07464599609375
2020-05-05,353.62884521484375
2020-05-06,369.5206298828125
2020-05-07,370.6097717285156
2020-05-08,362.4906005859375
2020-05-11,349.1237487792969
2020-05-12,331.5487060546875
2020-05-13,343.62841796875
2020-05-14,336.1033630371094
2020-05-15,335.4102783203125
2020-05-18,314.4687805175781
2020-05-19,311.5973815917969
2020-05-20,311.3003234863281
2020-05-21,313.8251647949219
2020-05-22,313.0825500488281
2020-05-26,307.8843688964844
2020-05-27,306.4981384277344
2020-05-28,337.0935363769531
2020-05-29,363.87677001953125
2020-06-01,387.93719482421875
2020-06-02,396.1059265136719
2020-06-03,405.4132080078125
2020-06-04,396.1059265136719
2020-06-05,395.8583068847656
2020-06-08,389.7690124511719
2020-06-09,383.08551025390625
2020-06-10,391.79876708984375
2020-06-11,391.8482971191406
2020-06-12,389.7690124511719
2020-06-15,398.1357116699219
2020-06-16,389.8185119628906
2020-06-17,398.333740234375
2020-06-18,397.49212646484375
2020-06-19,417.34442138671875
2020-06-22,423.3842468261719
2020-06-23,430.7607116699219
2020-06-24,434.4738464355469
2020-06-25,436.2561340332031
2020-06-26,441.454345703125
2020-06-29,440.2166748046875
2020-06-30,440.0186767578125
2020-07-01,443.08807373046875
2020-07-02,440.2166748046875
2020-07-03,435.6620178222656
2020-07-06,445.4148864746094
2020-07-07,438.1868591308594
2020-07-08,432.59259033203125
2020-07-09,440.6622314453125
2020-07-10,440.0682067871094
2020-07-13,439.82061767578125
2020-07-14,446.7516174316406
2020-07-15,469.0792236328125
2020-07-16,472.19818115234375
2020-07-17,490.07025146484375
2020-07-20,499.9716796875
2020-07-21,502.2490234375
2020-07-22,502.00140380859375
2020-07-23,506.259033203125
2020-07-24,498.1894226074219
2020-07-27,489.4266357421875
2020-07-28,495.02099609375
2020-07-29,496.6546936035156
2020-07-30,502.39752197265625
2020-07-31,503.8826904296875
2020-08-03,517.398193359375
2020-08-04,499.278564453125
2020-08-05,512.89306640625
2020-08-06,504.4767761230469
2020-08-07,541.0131225585938
2020-08-10,529.9234008789062
2020-08-11,526.8538818359375
2020-08-12,544.3299560546875
2020-08-13,588.3417358398438
2020-08-14,584.2822265625
2020-08-17,588.292236328125
2020-08-18,591.064697265625
2020-08-19,584.5296630859375
2020-08-20,584.2822265625
2020-08-21,587.4011840820312
2020-08-24,630.9673461914062
2020-08-25,641.0668334960938
2020-08-26,619.6797485351562
2020-08-27,621.8579711914062
2020-08-28,634.6803588867188
2020-08-31,641.5123291015625
2020-09-01,637.749755859375
2020-09-02,642.6509399414062
2020-09-03,648.9879760742188
2020-09-04,656.7109375
2020-09-07,662.5527954101562
2020-09-08,634.1356811523438
2020-09-09,605.8673095703125
2020-09-10,610.7683715820312
2020-09-11,596.7578125
2020-09-14,608.7386474609375
2020-09-15,620.7688598632812
2020-09-16,630.521728515625
2020-09-17,641.4627685546875
2020-09-18,637.2052001953125
2020-09-21,615.1250610351562
2020-09-22,569.4299926757812
2020-09-23,554.5779418945312
2020-09-24,567.9447631835938
2020-09-25,564.3308715820312
2020-09-28,618.7885131835938
2020-09-29,606.4613647460938
2020-09-30,598.3421630859375
2020-10-01,631.7099609375
2020-10-05,618.9371337890625
2020-10-06,614.778564453125
2020-10-07,599.3818969726562
2020-10-08,585.3714599609375
2020-10-09,583.2919311523438
2020-10-12,575.618408203125
2020-10-13,579.578857421875
2020-10-14,581.0146484375
2020-10-15,569.2816162109375
2020-10-16,568.7369995117188
2020-10-19,554.5283203125
2020-10-20,546.5083618164062
2020-10-21,570.3707275390625
2020-10-22,585.2228393554688
2020-10-23,604.33251953125
2020-10-26,616.4122314453125
2020-10-27,642.9479370117188
2020-10-28,639.9280395507812
2020-10-29,641.8093872070312
2020-10-30,648.3937377929688
2020-11-02,651.6611938476562
2020-11-03,660.9190673828125
2020-11-04,662.8497314453125
2020-11-05,668.3451538085938
2020-11-06,682.3556518554688
2020-11-09,686.0191650390625
2020-11-10,696.4155883789062
2020-11-11,701.7130126953125
2020-11-12,724.337646484375
2020-11-13,738.1995849609375
2020-11-14,734.3380126953125
2020-11-17,732.8032836914062
2020-11-18,753.3982543945312
2020-11-19,757.9529418945312
2020-11-20,781.4193115234375
2020-11-23,822.2130126953125
2020-11-24,835.7283935546875
2020-11-25,828.5499877929688
2020-11-26,804.7369384765625
2020-11-27,815.4801635742188
2020-12-01,801.8160400390625
2020-12-02,820.7279052734375
2020-12-03,825.4309692382812
2020-12-04,831.6193237304688
2020-12-07,819.9852294921875
2020-12-08,802.8062133789062
2020-12-09,793.449462890625
2020-12-10,837.9066772460938
2020-12-11,846.0753784179688
2020-12-14,837.8078002929688
2020-12-15,812.2620849609375
2020-12-16,817.3613891601562
2020-12-17,805.380615234375
2020-12-18,807.36083984375
2020-12-21,798.5487670898438
2020-12-22,784.0925903320312
2020-12-23,800.3309936523438
2020-12-24,790.3800048828125
2020-12-28,791.667236328125
2020-12-29,791.12255859375
2020-12-30,785.4788208007812
2020-12-31,792.954345703125
2021-01-01,790.4296264648438
2021-01-04,794.2415771484375
2021-01-05,812.90576171875
2021-01-06,804.2420043945312
2021-01-07,813.450439453125
2021-01-08,825.4805908203125
2021-01-11,830.8767700195312
2021-01-12,824.4903564453125
2021-01-13,822.1138916015625
2021-01-14,825.4805908203125
2021-01-15,813.7472534179688
2021-01-18,816.1730346679688
2021-01-19,837.41162109375
2021-01-20,843.2040405273438
2021-01-21,821.916015625
2021-01-22,815.1336059570312
2021-01-25,773.59716796875
2021-01-27,781.815185546875
2021-01-28,749.3385620117188
2021-01-29,771.5177612304688
2021-02-01,788.1522216796875
2021-02-02,797.3604125976562
2021-02-03,834.9364013671875
2021-02-04,818.7970581054688
2021-02-05,849.8380126953125
2021-02-08,896.424072265625
2021-02-09,900.9786987304688
2021-02-10,912.31591796875
2021-02-11,936.227783203125
2021-02-12,939.8418579101562
2021-02-15,990.0914306640625
2021-02-16,1010.042724609375
2021-02-17,1018.3600463867188
2021-02-18,998.8046875
2021-02-19,1018.1619873046875
2021-02-22,1038.152099609375
2021-02-23,1050.8504638671875
2021-02-24,1063.3011474609375
2021-02-25,1058.7374267578125
2021-02-26,1071.88232421875
2021-03-01,1033.142333984375
2021-03-02,1081.4561767578125
2021-03-03,1126.892822265625
2021-03-04,1140.4842529296875
2021-03-05,1117.517822265625
2021-03-08,1108.738037109375
2021-03-09,1163.698974609375
2021-03-10,1196.4866943359375
2021-03-12,1190.2861328125
2021-03-15,1189.44287109375
2021-03-16,1170.3453369140625
2021-03-17,1161.4666748046875
2021-03-18,1160.226318359375
2021-03-19,1139.3929443359375
2021-03-22,1128.380859375
2021-03-23,1110.0277099609375
2021-03-24,1097.477783203125
2021-03-25,1084.630859375
2021-03-26,1107.348876953125
2021-03-30,1155.8121337890625
2021-03-31,1183.8870849609375
2021-04-01,1188.8472900390625
2021-04-05,1149.7598876953125
2021-04-06,1139.0457763671875
2021-04-07,1161.3673095703125
2021-04-08,1161.4169921875
2021-04-09,1168.0638427734375
2021-04-12,1126.6446533203125
2021-04-13,1127.4384765625
2021-04-15,1093.9561767578125
2021-04-16,1108.7877197265625
2021-04-19,1087.5074462890625
2021-04-20,1090.1365966796875
2021-04-22,1113.549560546875
2021-04-23,1108.241943359375
2021-04-26,1114.2935791015625
2021-04-27,1117.765625
2021-04-28,1195.5439453125
2021-04-29,1254.91943359375
2021-04-30,1224.9093017578125
2021-05-03,1253.18359375
2021-05-04,1238.2030029296875
2021-05-05,1237.4591064453125
2021-05-06,1208.3419189453125
2021-05-07,1209.284423828125
2021-05-10,1176.099609375
2021-05-11,1195.5439453125
2021-05-12,1210.7724609375
2021-05-14,1161.268310546875
2021-05-17,1174.660888671875
2021-05-18,1171.734375
2021-05-19,1190.0877685546875
2021-05-20,1173.9169921875
2021-05-21,1165.831787109375
2021-05-24,1180.9111328125
2021-05-25,1164.3436279296875
2021-05-26,1191.57568359375
2021-05-27,1151.0496826171875
2021-05-28,1142.666748046875
2021-05-31,1176.893310546875
2021-06-01,1179.919189453125
2021-06-02,1175.256591796875
2021-06-03,1184.581787109375
2021-06-04,1188.3516845703125
2021-06-07,1217.6175537109375
2021-06-08,1261.516845703125
2021-06-09,1257.2510986328125
2021-06-10,1282.64794921875
2021-06-11,1328.382568359375
2021-06-14,1319.2554931640625
2021-06-15,1315.1878662109375
2021-06-16,1256.3580322265625
2021-06-17,1234.333984375
2021-06-18,1182.59765625
2021-06-21,1157.6470947265625
2021-06-22,1157.845458984375
2021-06-23,1159.879150390625
2021-06-24,1148.6688232421875
2021-06-25,1167.2698974609375
2021-06-28,1152.289794921875
2021-06-29,1143.6588134765625
2021-06-30,1159.33349609375
2021-07-01,1172.0816650390625
2021-07-02,1166.32763671875
2021-07-05,1123.718017578125
2021-07-06,1109.0850830078125
2021-07-07,1094.848876953125
2021-07-08,1088.9954833984375
2021-07-09,1082.100830078125
2021-07-12,1089.442138671875
2021-07-13,1124.5615234375
2021-07-14,1133.7877197265625
2021-07-15,1127.6864013671875
2021-07-16,1119.7496337890625
2021-07-19,1095.7418212890625
2021-07-20,1101.3966064453125
2021-07-22,1104.96826171875
2021-07-23,1097.0810546875
2021-07-26,1093.3609619140625
2021-07-27,1077.190185546875
2021-07-28,1093.410400390625
2021-07-29,1127.488037109375
2021-07-30,1110.523681640625
2021-08-02,1092.3690185546875
2021-08-03,1147.32958984375
2021-08-04,1165.1602783203125
2021-08-05,1189.5472412109375
2021-08-06,1165.70654296875
2021-08-09,1181.35205078125
2021-08-10,1171.0211181640625
2021-08-11,1178.719482421875
2021-08-12,1177.2294921875
2021-08-13,1225.65576171875
2021-08-16,1272.44287109375
2021-08-17,1271.2508544921875
2021-08-18,1255.6551513671875
2021-08-20,1259.281005859375
2021-08-23,1284.2640380859375
2021-08-24,1272.7906494140625
2021-08-25,1284.85986328125
2021-08-26,1258.7841796875
2021-08-27,1282.7740478515625
2021-08-30,1307.3099365234375
2021-08-31,1355.587158203125
2021-09-01,1349.2791748046875
2021-09-02,1345.305908203125
2021-09-03,1327.0281982421875
2021-09-06,1322.45849609375
2021-09-07,1377.2921142578125
2021-09-08,1374.013916015625
2021-09-09,1355.2393798828125
2021-09-13,1330.0079345703125
2021-09-14,1333.53466796875
2021-09-15,1377.391357421875
2021-09-16,1448.0194091796875
2021-09-17,1453.3834228515625
2021-09-20,1503.647216796875
2021-09-21,1492.5714111328125
2021-09-22,1478.6146240234375
2021-09-23,1484.1773681640625
2021-09-24,1468.33349609375
2021-09-27,1429.1949462890625
2021-09-28,1357.62353515625
2021-09-29,1371.8780517578125
2021-09-30,1387.5731201171875
2021-10-01,1377.4410400390625
2021-10-04,1326.283203125
2021-10-05,1319.925537109375
2021-10-06,1280.5885009765625
2021-10-07,1318.4852294921875
2021-10-08,1359.1136474609375
2021-10-11,1349.428466796875
2021-10-12,1372.1761474609375
2021-10-13,1368.4013671875
2021-10-14,1353.8983154296875
2021-10-18,1382.010498046875
2021-10-19,1372.4246826171875
2021-10-20,1371.0836181640625
2021-10-21,1403.5662841796875
2021-10-22,1408.3345947265625
2021-10-25,1378.23583984375
2021-10-26,1383.3515625
2021-10-27,1413.2020263671875
2021-10-28,1387.77197265625
2021-10-29,1387.2257080078125
2021-11-01,1435.801025390625
2021-11-02,1646.1943359375
2021-11-03,1595.185302734375
2021-11-04,1651.65771484375
2021-11-08,1687.51806640625
2021-11-09,1648.13134765625
2021-11-10,1701.3255615234375
2021-11-11,1699.7364501953125
2021-11-12,1734.4542236328125
2021-11-15,1709.570556640625
2021-11-16,1674.75341796875
2021-11-17,1723.875
2021-11-18,1730.5802001953125
2021-11-22,1707.931396484375
2021-11-23,1692.83251953125
2021-11-24,1696.8057861328125
2021-11-25,1661.7901611328125
2021-11-26,1577.7520751953125
2021-11-29,1572.6361083984375
2021-11-30,1611.7742919921875
2021-12-01,1631.4427490234375
2021-12-02,1658.511962890625
2021-12-03,1617.7841796875
2021-12-06,1626.774169921875
2021-12-07,1637.055419921875
2021-12-08,1663.1806640625
2021-12-09,1663.329833984375
2021-12-10,1649.8199462890625
2021-12-13,1678.7764892578125
2021-12-14,1616.93994140625
2021-12-15,1615.946533203125
2021-12-16,1591.8575439453125
2021-12-17,1542.83544921875
2021-12-20,1562.4044189453125
2021-12-21,1611.7742919921875
2021-12-22,1645.548828125
2021-12-23,1700.4815673828125
2021-12-24,1696.7066650390625
2021-12-27,1703.0640869140625
2021-12-28,1733.31201171875
2021-12-29,1726.904541015625
2021-12-30,1745.7288818359375
2021-12-31,1743.146240234375
2022-01-03,1876.0574951171875
2022-01-04,1961.9830322265625
2022-01-05,1888.673095703125
2022-01-06,1791.5726318359375
2022-01-07,1765.447021484375
2022-01-10,1785.860595703125
2022-01-11,1750.944091796875
2022-01-12,1820.330322265625
2022-01-13,1798.12841796875
2022-01-14,1782.93017578125
2022-01-17,1790.1318359375
2022-01-18,1779.1553955078125
2022-01-19,1782.53271484375
2022-01-20,1788.19482421875
2022-01-21,1771.1588134765625
2022-01-24,1703.21337890625
2022-01-25,1681.2598876953125
2022-01-27,1668.6441650390625
2022-01-28,1651.458984375
2022-01-31,1684.0908203125
2022-02-01,1675.5478515625
2022-02-02,1735.05029296875
2022-02-03,1754.6690673828125
2022-02-04,1784.569091796875
2022-02-07,1789.734619140625
2022-02-08,1768.2286376953125
2022-02-09,1760.8775634765625
2022-02-10,1706.4912109375
2022-02-11,1688.9085693359375
2022-02-14,1598.4635009765625
2022-02-15,1677.783203125
2022-02-16,1654.58837890625
2022-02-17,1637.3824462890625
2022-02-18,1603.6171875
2022-02-21,1625.4478759765625
2022-02-22,1618.6849365234375
2022-02-23,1565.52587890625
2022-02-24,1499.5870361328125
2022-02-25,1539.468505859375
2022-02-28,1506.20068359375
2022-03-02,1507.990966796875
2022-03-03,1511.5218505859375
2022-03-04,1484.967041015625
2022-03-07,1504.3609619140625
2022-03-08,1453.5889892578125
2022-03-09,1495.3603515625
2022-03-10,1564.3822021484375
2022-03-11,1546.4803466796875
2022-03-14,1558.4149169921875
2022-03-15,1463.882568359375
2022-03-16,1522.163330078125
2022-03-17,1532.0096435546875
2022-03-21,1566.2222900390625
2022-03-22,1601.2305908203125
2022-03-23,1569.6036376953125
2022-03-24,1602.622802734375
2022-03-25,1590.041748046875
2022-03-28,1661.55029296875
2022-03-29,1634.2493896484375
2022-03-30,1654.5882568359375
2022-03-31,1615.850341796875
2022-04-01,1606.103759765625
2022-04-04,1603.7664794921875
2022-04-05,1690.5413818359375
2022-04-06,1671.9429931640625
2022-04-07,1636.2386474609375
2022-04-08,1660.70458984375
2022-04-11,1730.12451171875
2022-04-12,1759.662841796875
2022-04-13,1734.64990234375
2022-04-18,1641.8084716796875
2022-04-19,1668.1639404296875
2022-04-20,1719.1346435546875
2022-04-21,1760.95556640625
2022-04-22,1740.4678955078125
2022-04-25,1812.3739013671875
2022-04-26,1859.9635009765625
2022-04-27,1823.115234375
2022-04-28,1839.3262939453125
2022-04-29,1855.488037109375
2022-05-02,1835.39794921875
2022-05-04,1852.35498046875
2022-05-05,1869.1630859375
2022-05-06,1812.5230712890625
2022-05-09,1801.88134765625
2022-05-10,1794.173828125
2022-05-11,1657.522216796875
2022-05-12,1626.0943603515625
2022-05-13,1715.6038818359375
2022-05-16,1719.7314453125
2022-05-17,1683.6788330078125
2022-05-18,1660.2076416015625
2022-05-19,1604.1641845703125
2022-05-20,1620.8232421875
2022-05-23,1570.7972412109375
2022-05-24,1531.5618896484375
2022-05-25,1543.9442138671875
2022-05-26,1584.4227294921875
2022-05-27,1582.0355224609375
2022-05-30,1591.6826171875
2022-05-31,1561.7965087890625
2022-06-01,1591.235107421875
2022-06-02,1571.393798828125
2022-06-03,1558.0667724609375
2022-06-06,1557.71875
2022-06-07,1542.352783203125
2022-06-08,1544.73974609375
2022-06-09,1517.09130859375
2022-06-10,1512.8145751953125
2022-06-13,1489.9896240234375
2022-06-14,1516.1463623046875
2022-06-15,1545.6844482421875
2022-06-16,1508.23974609375
2022-06-17,1479.3978271484375
2022-06-20,1539.766845703125
2022-06-21,1542.4027099609375
2022-06-22,1505.4549560546875
2022-06-23,1506.9466552734375
2022-06-24,1579.99658203125
2022-06-27,1623.9063720703125
2022-06-28,1744.247314453125
2022-06-29,1789.001953125
2022-06-30,1831.2705078125
2022-07-01,1755.28662109375
2022-07-04,1736.7381591796875
2022-07-05,1810.3350830078125
2022-07-06,1964.9884033203125
2022-07-07,1999.1510009765625
2022-07-08,2002.134765625
2022-07-11,2045.198974609375
2022-07-12,1980.65234375
2022-07-13,1980.453369140625
2022-07-14,1980.1552734375
2022-07-15,1988.41015625
2022-07-18,2003.825439453125
2022-07-19,2251.419677734375
2022-07-20,2184.391845703125
2022-07-21,2180.759765625
2022-07-22,2140.3037109375
2022-07-25,2118.06103515625
2022-07-26,2139.159423828125
2022-07-27,2097.759033203125
2022-07-28,2085.66650390625
2022-07-29,2072.0322265625
2022-08-01,2013.31494140625
2022-08-02,2069.64404296875
2022-08-03,2106.51611328125
2022-08-04,2208.87451171875
2022-08-05,2295.706298828125
2022-08-08,2314.416259765625
2022-08-10,2307.4501953125
2022-08-11,2230.91796875
2022-08-12,2228.678466796875
2022-08-16,2211.859619140625
2022-08-17,2223.553466796875
2022-08-18,2158.566162109375
2022-08-19,2162.29833984375
2022-08-22,2102.2373046875
2022-08-23,2083.427734375
2022-08-24,2049.938720703125
2022-08-25,2083.87548828125
2022-08-26,2140.055419921875
2022-08-29,2143.190185546875
2022-08-30,2253.06103515625
2022-09-01,2250.3251953125
2022-09-02,2281.32568359375
2022-09-05,2475.939453125
2022-09-06,2503.058837890625
2022-09-07,2575.51025390625
2022-09-08,2611.03955078125
2022-09-09,2732.0576171875
2022-09-12,2722.552978515625
2022-09-13,2636.96435546875
2022-09-14,2611.288330078125
2022-09-15,2636.56640625
2022-09-16,2555.556396484375
2022-09-19,2546.848388671875
2022-09-20,2705.833740234375
2022-09-21,2729.51953125
2022-09-22,2725.140869140625
2022-09-23,2759.07763671875
2022-09-26,2659.35693359375
2022-09-27,2565.35888671875
2022-09-28,2629.251953125
2022-09-29,2571.579345703125
2022-09-30,2731.21142578125
2022-10-03,2686.5263671875
2022-10-04,2740.616455078125
2022-10-06,2750.717529296875
2022-10-07,2732.406005859375
2022-10-10,2709.366455078125
2022-10-11,2670.055419921875
2022-10-12,2636.11865234375
2022-10-13,2653.584716796875
2022-10-14,2631.242431640625
2022-10-17,2656.5205078125
2022-10-18,2747.53271484375
2022-10-19,2819.039306640625
2022-10-20,2779.777587890625
2022-10-21,2694.090087890625
2022-10-24,2707.475341796875
2022-10-25,2816.351806640625
2022-10-27,2724.294921875
2022-10-28,2655.52587890625
2022-10-31,2730.11669921875
2022-11-01,2784.40576171875
2022-11-02,2829.8369140625
2022-11-03,2852.8759765625
2022-11-04,2871.23779296875
2022-11-07,2865.963623046875
2022-11-09,2700.111328125
2022-11-10,2556.40234375
2022-11-11,2560.8310546875
2022-11-14,2496.689697265625
2022-11-15,2531.5712890625
2022-11-16,2587.154541015625
2022-11-17,2529.7802734375
2022-11-18,2562.8212890625
2022-11-21,2556.89990234375
2022-11-22,2584.318359375
2022-11-23,2569.787841796875
2022-11-24,2589.8916015625
2022-11-25,2575.908203125
2022-11-28,2733.798828125
2022-11-29,2730.564697265625
2022-11-30,2758.082275390625
2022-12-01,2804.6083984375
2022-12-02,2919.257080078125
2022-12-05,2943.490234375
2022-12-06,2950.2578125
2022-12-07,2929.75634765625
2022-12-08,2884.324951171875
2022-12-09,2995.78857421875
2022-12-12,2984.891357421875
2022-12-13,2926.073974609375
2022-12-14,2965.185791015625
2022-12-15,2818.1435546875
2022-12-16,2907.861572265625
2022-12-19,2957.8212890625
2022-12-20,3002.904541015625
2022-12-21,2886.315185546875
2022-12-22,2911.742919921875
2022-12-23,2765.1982421875
2022-12-26,2746.18896484375
2022-12-27,2783.46044921875
2022-12-28,2772.5126953125
2022-12-29,2745.293701171875
2022-12-30,2762.261962890625
2023-01-02,2771.965576171875
2023-01-03,2771.91552734375
2023-01-04,2767.785888671875
2023-01-05,2758.28125
2023-01-06,2692.447509765625
2023-01-09,2717.228759765625
2023-01-10,2661.795654296875
2023-01-11,2630.246826171875
2023-01-12,2671.64794921875
2023-01-13,2640.099609375
2023-01-16,2607.158447265625
2023-01-17,2644.976318359375
2023-01-18,2625.61962890625
2023-01-19,2586.258544921875
2023-01-20,2622.135986328125
2023-01-23,2575.41064453125
2023-01-24,2626.216552734375
2023-01-25,2557.845458984375
2023-01-27,2652.98779296875
2023-01-30,2574.51513671875
2023-01-31,2597.45458984375
2023-02-01,2604.371337890625
2023-02-02,2676.972412109375
2023-02-03,2676.872802734375
2023-02-06,2659.257568359375
2023-02-07,2571.827880859375
2023-02-08,2532.815673828125
2023-02-09,2505.8955078125
2023-02-10,2542.320068359375
2023-02-13,2515.001708984375
2023-02-14,2469.470703125
2023-02-15,2421.910888671875
2023-02-16,2409.809326171875
2023-02-17,2412.000244140625
2023-02-20,2461.552001953125
2023-02-21,2537.59814453125
2023-02-22,2505.5263671875
2023-02-23,2487.448486328125
2023-02-24,2540.884765625
2023-02-27,2649.898681640625
2023-02-28,2760.755126953125
2023-03-01,2771.860595703125
2023-03-02,2800.396728515625
2023-03-03,2696.263427734375
2023-03-06,2752.588134765625
2023-03-08,2782.767333984375
2023-03-09,2737.8466796875
2023-03-10,2690.984130859375
2023-03-13,2694.221435546875
2023-03-14,2695.416748046875
2023-03-15,2670.068115234375
2023-03-16,2656.920654296875
2023-03-17,2540.087890625
2023-03-20,2531.57177734375
2023-03-21,2479.181640625
2023-03-22,2473.703857421875
2023-03-23,2470.117919921875
2023-03-24,2541.2333984375
2023-03-27,2485.55615234375
2023-03-28,2528.634033203125
2023-03-29,2560.40673828125
2023-03-31,2536.45263671875
2023-04-03,2551.6416015625
2023-04-05,2586.75146484375
2023-04-06,2587.548095703125
2023-04-10,2565.685546875
2023-04-11,2565.78515625
2023-04-12,2625.147705078125
2023-04-13,2588.195556640625
2023-04-17,2696.71142578125
2023-04-18,2689.789306640625
2023-04-19,2711.40283203125
2023-04-20,2625.048095703125
2023-04-21,2585.50634765625
2023-04-24,2548.305419921875
2023-04-25,2494.96826171875
2023-04-26,2503.8828125
2023-04-27,2517.478515625
2023-04-28,2578.8828125
2023-05-02,2572.060302734375
2023-05-03,2535.804931640625
2023-05-04,2551.093994140625
2023-05-05,2629.3310546875
2023-05-08,2595.068115234375
2023-05-09,2710.40673828125
2023-05-10,2714.390625
2023-05-11,2756.323486328125
2023-05-12,2738.59375
2023-05-15,2635.55615234375
2023-05-16,2670.566162109375
2023-05-17,2696.611572265625
2023-05-18,2678.9326171875
2023-05-19,2690.137939453125
2023-05-22,2701.442626953125
2023-05-23,2684.759521484375
2023-05-24,2674.749267578125
2023-05-25,2713.394775390625
2023-05-26,2770.51611328125
2023-05-29,2853.733154296875
2023-05-30,2851.791015625
2023-05-31,2851.542236328125
2023-06-01,2874.201171875
2023-06-02,2872.70703125
2023-06-05,2879.8291015625
2023-06-06,2887.597900390625
2023-06-07,2888.394775390625
2023-06-08,2854.181640625
2023-06-09,2837.099853515625
2023-06-12,2828.68359375
2023-06-13,2786.053955078125
2023-06-14,2822.906494140625
2023-06-15,2966.6318359375
2023-06-16,2976.791015625
2023-06-19,2957.966552734375
2023-06-20,3008.16552734375
2023-06-21,3158.912353515625
2023-06-22,3207.61767578125
2023-06-23,3151.4423828125
2023-06-26,3182.966064453125
2023-06-27,3121.711181640625
2023-06-28,3134.65966796875
2023-06-30,3162.249267578125
2023-07-03,3169.220947265625
2023-07-04,3156.522216796875
2023-07-05,3144.17138671875
2023-07-06,3191.133544921875
2023-07-07,3173.155517578125
2023-07-10,3128.533935546875
2023-07-11,3207.46826171875
2023-07-12,3269.42041015625
2023-07-13,3216.03369140625
2023-07-14,3274.1513671875
2023-07-17,3252.13916015625
2023-07-18,3238.095703125
2023-07-19,3181.472412109375
2023-07-20,3152.239501953125
2023-07-21,3206.52197265625
2023-07-24,3161.601806640625
2023-07-25,3118.922607421875
2023-07-26,3104.57275390625
2023-07-27,3111.847412109375
2023-07-28,3087.582763671875
2023-07-31,3068.400390625
2023-08-01,3049.018798828125
2023-08-02,3036.711669921875
2023-08-03,3045.680419921875
2023-08-04,3091.568603515625
2023-08-07,3051.80859375
2023-08-08,2993.51416015625
2023-08-09,2922.56396484375
2023-08-10,2936.215576171875
2023-08-11,2840.20361328125
2023-08-14,2858.439208984375
2023-08-16,2782.55615234375
2023-08-17,2766.412841796875
2023-08-18,2776.029296875
2023-08-21,2807.6181640625
2023-08-22,2802.535888671875
2023-08-23,2780.8623046875
2023-08-24,2760.13525390625
2023-08-25,2872.63916015625
2023-08-28,2866.809814453125
2023-08-29,2854.702392578125
2023-08-30,2827.79736328125
2023-08-31,2890.326904296875
2023-09-01,2977.66943359375
2023-09-04,3043.73681640625
2023-09-05,3158.9814453125
2023-09-06,3135.26513671875
2023-09-07,3235.4619140625
2023-09-08,3301.38037109375
2023-09-11,3678.303955078125
2023-09-12,3353.795654296875
2023-09-13,3253.349609375
2023-09-14,3364.757080078125
2023-09-15,3307.458984375
2023-09-18,3334.2646484375
2023-09-20,3349.710205078125
2023-09-21,3272.48193359375
2023-09-22,3189.07568359375
2023-09-25,3196.200439453125
2023-09-26,3170.14208984375
2023-09-27,3088.529296875
2023-09-28,3092.9140625
2023-09-29,2977.819091796875
2023-10-03,3001.535888671875
2023-10-04,2995.058349609375
2023-10-05,2995.357177734375
2023-10-06,2964.46630859375
2023-10-09,2921.716796875
2023-10-10,2927.89501953125
2023-10-11,2914.0439453125
2023-10-12,2906.220947265625
2023-10-13,2956.294677734375
2023-10-16,3000.2900390625
2023-10-17,2981.20703125
2023-10-18,2983.2998046875
2023-10-19,2951.11328125
2023-10-20,3015.536376953125
2023-10-23,2896.95361328125
2023-10-25,2937.5107421875
2023-10-26,2912.947021484375
2023-10-27,3052.655517578125
2023-10-30,3050.164306640625
2023-10-31,3139.151123046875
2023-11-01,3094.35888671875
2023-11-02,3127.193603515625
2023-11-03,3188.128662109375
2023-11-06,3130.1328125
2023-11-07,3196.200439453125
2023-11-08,3240.89306640625
2023-11-09,3140.9951171875
2023-11-10,3184.54150390625
2023-11-13,3153.15185546875
2023-11-15,3175.323974609375
2023-11-16,3190.71923828125
2023-11-17,3153.750244140625
2023-11-20,3159.131103515625
2023-11-21,3184.890380859375
2023-11-22,3717.2666015625
2023-11-23,3410.446533203125
2023-11-24,3448.811279296875
2023-11-28,3409.7490234375
2023-11-29,3441.138427734375
2023-11-30,3354.49365234375
2023-12-01,3280.1552734375
2023-12-04,3337.25390625
2023-12-05,3306.61181640625
2023-12-06,3322.5556640625
2023-12-07,3400.631103515625
2023-12-08,3561.6640625
2023-12-11,3882.1865234375
2023-12-12,3855.729248046875
2023-12-13,3750.499267578125
2023-12-14,3698.532470703125
2023-12-15,3643.725341796875
2023-12-18,3651.3984375
2023-12-19,3586.427001953125
2023-12-20,3547.264892578125
2023-12-21,3553.443115234375
2023-12-22,3575.515625
2023-12-26,3595.64453125
2023-12-27,3637.845703125
2023-12-28,3528.331298828125
2023-12-29,3529.228271484375
2024-01-01,3575.515625
2024-01-02,3589.615966796875
2024-01-03,3529.427490234375
2024-01-04,3547.165283203125
2024-01-05,3737.89404296875
2024-01-08,3756.9267578125
2024-01-09,3796.238525390625
2024-01-10,3898.1796875
2024-01-11,3902.01611328125
2024-01-12,3883.5810546875
2024-01-15,3987.315673828125
2024-01-16,3906.55029296875
2024-01-17,3813.228515625
2024-01-18,3836.048583984375
2024-01-19,3840.98095703125
2024-01-23,3918.50830078125
2024-01-24,3992.14892578125
2024-01-25,3973.913330078125
2024-01-29,4059.362060546875
2024-01-30,3919.00634765625
2024-01-31,3884.378173828125
2024-02-01,3766.0947265625
2024-02-02,3631.218994140625
2024-02-05,3595.395751953125
2024-02-06,3585.6298828125
2024-02-07,3587.822265625
2024-02-08,3495.1484375
2024-02-09,3447.067626953125
2024-02-12,3484.88427734375
2024-02-13,3483.73779296875
2024-02-14,3486.82861328125
2024-02-15,3470.078125
2024-02-16,3647.00732421875
2024-02-19,3702.244140625
2024-02-20,3712.4638671875
2024-02-21,3652.59033203125
2024-02-22,3677.716552734375
2024-02-23,3612.009765625
2024-02-26,3561.20947265625
2024-02-27,3544.95751953125
2024-02-28,3523.12158203125
2024-02-29,3478.403564453125
2024-03-01,3702.991943359375
2024-03-04,3642.37060546875
2024-03-05,3553.233154296875
2024-03-06,3532.643798828125
2024-03-07,3488.424072265625
2024-03-11,3546.054443359375
2024-03-12,3537.62890625
2024-03-13,3445.151611328125
2024-03-14,3570.28271484375
2024-03-15,3550.19189453125
2024-03-18,3500.289306640625
2024-03-19,3490.91650390625
2024-03-20,3541.119140625
2024-03-21,3696.2119140625
2024-03-22,3732.95361328125
2024-03-26,3731.458251953125
2024-03-27,3794.7216796875
2024-03-28,3725.62548828125
2024-04-01,3713.4609375
2024-04-02,3758.727783203125
2024-04-03,3687.338134765625
2024-04-04,3586.734619140625
2024-04-05,3602.886962890625
2024-04-08,3539.323974609375
2024-04-09,3481.84375
2024-04-10,3557.271484375
2024-04-12,3515.593994140625
2024-04-15,3479.649658203125
2024-04-16,3511.2568359375
2024-04-18,3506.271728515625
2024-04-19,3486.180908203125
2024-04-22,3536.831298828125
2024-04-23,3571.18017578125
2024-04-24,3596.8046875
2024-04-25,3563.353515625
2024-04-26,3613.35595703125
2024-04-29,3696.71044921875
2024-04-30,3731.607666015625
2024-05-02,3779.86572265625
2024-05-03,3808.231689453125
2024-05-06,4001.612060546875
2024-05-07,3990.095947265625
2024-05-08,3998.7705078125
2024-05-09,3936.75341796875
2024-05-10,4057.99609375
2024-05-13,3923.542236328125
2024-05-14,3746.513671875
2024-05-15,3775.677734375
2024-05-16,3754.04150390625
2024-05-17,3793.675048828125
2024-05-21,3669.042236328125
2024-05-22,3688.883544921875
2024-05-23,3813.416748046875
2024-05-24,3813.96484375
2024-05-27,3796.11767578125
2024-05-28,3794.821533203125
2024-05-29,3710.071044921875
2024-05-30,3689.0830078125
2024-05-31,3566.344482421875
2024-06-03,3824.035400390625
2024-06-04,3757.082763671875
2024-06-05,3703.889404296875
2024-06-06,3850.158447265625
2024-06-07,3919.204833984375
2024-06-10,3947.9208984375
2024-06-11,4052.61181640625
2024-06-12,4073.45068359375
2024-06-13,4224.5556640625
2024-06-14,4294.35009765625
2024-06-18,4350.4345703125
2024-06-19,4345.05078125
2024-06-20,4201.02490234375
2024-06-21,3971.55078125
2024-06-24,4275.55517578125
2024-06-25,4193.34814453125
2024-06-26,4220.31787109375
2024-06-27,4191.45263671875
2024-06-28,4246.74072265625
2024-07-01,4222.6611328125
2024-07-02,4102.166015625
2024-07-03,4189.0107421875
2024-07-04,4314.19189453125
2024-07-05,4219.37060546875
2024-07-08,4316.53466796875
2024-07-09,4398.74267578125
2024-07-10,4515.34912109375
2024-07-11,4236.2216796875
2024-07-12,4141.50048828125
2024-07-15,4067.26904296875
2024-07-16,4083.171630859375
2024-07-18,4081.177734375
2024-07-19,3990.594970703125
2024-07-22,4107.5009765625
2024-07-23,4003.269775390625
2024-07-24,3945.218994140625
2024-07-25,4019.626953125
2024-07-26,4152.2353515625
2024-07-29,4147.84619140625
2024-07-30,4173.130859375
2024-07-31,4127.8974609375
2024-08-01,4079.3232421875
2024-08-02,4039.775146484375
2024-08-05,3995.938232421875
2024-08-06,4019.776611328125
2024-08-07,4089.14794921875
2024-08-08,3997.484619140625
2024-08-09,3996.835693359375
2024-08-12,3908.114990234375
2024-08-13,3963.721435546875
2024-08-14,3913.451171875
2024-08-16,4000.925537109375
2024-08-19,3973.546142578125
2024-08-20,4102.9619140625
2024-08-21,4040.373779296875
2024-08-22,4127.1494140625
2024-08-23,4053.938720703125
2024-08-26,4109.49609375
2024-08-27,4147.9462890625
2024-08-28,4143.50830078125
2024-08-29,3994.242919921875
2024-08-30,4020.425048828125
2024-09-02,4089.64697265625
2024-09-03,4075.0341796875
2024-09-04,4110.94140625
2024-09-05,4062.067626953125
2024-09-06,3902.329833984375
2024-09-09,3886.820068359375
2024-09-10,3911.60595703125
2024-09-11,3909.56103515625
2024-09-12,3934.89599609375
2024-09-13,4087.302734375
2024-09-16,4036.683349609375
2024-09-17,4125.0048828125
2024-09-18,4012.645263671875
2024-09-19,3969.1572265625
2024-09-20,4280.9033203125
2024-09-23,4272.2255859375
2024-09-24,4231.18115234375
2024-09-25,4135.57763671875
2024-09-26,4105.95458984375
2024-09-27,4136.2763671875
2024-09-30,4324.8896484375
2024-10-01,4329.42822265625
2024-10-03,4178.0185546875
2024-10-04,4067.90234375
2024-10-07,4012.24658203125
2024-10-08,4045.31103515625
2024-10-09,4173.0810546875
2024-10-10,4115.62939453125
2024-10-11,4214.7734375
2024-10-14,4217.76611328125
2024-10-15,4315.81298828125
2024-10-16,4499.18994140625
2024-10-17,4449.8671875
2024-10-18,4477.1962890625
2024-10-21,4376.1572265625
2024-10-22,4474.802734375
2024-10-23,4623.02001953125
2024-10-24,4704.46044921875
2024-10-25,4615.83837890625
2024-10-28,4639.427734375
2024-10-29,4551.55419921875
2024-10-30,4451.96240234375
2024-10-31,4470.4140625
2024-11-01,4462.384765625
2024-11-04,4335.76171875
2024-11-05,4172.5322265625
2024-11-06,4086.255126953125
2024-11-07,3971.949951171875
2024-11-08,3880.535888671875
2024-11-11,3610.8818359375
2024-11-12,3552.63232421875
2024-11-13,3438.776123046875
2024-11-14,3431.64453125
2024-11-18,3421.770263671875
2024-11-19,3602.0048828125
2024-11-21,3534.479248046875
2024-11-22,3465.45703125
2024-11-25,3386.560791015625
2024-11-26,3420.373779296875
2024-11-27,3380.42626953125
2024-11-28,3569.688232421875
2024-11-29,3581.308349609375
2024-12-02,3532.733642578125
2024-12-03,3610.83203125
2024-12-04,3650.23046875
2024-12-05,3745.384765625
2024-12-06,3670.677734375
2024-12-09,3700.600341796875
2024-12-10,3689.130126953125
2024-12-11,3670.7275390625
2024-12-12,3649.83154296875
2024-12-13,3644.24560546875
2024-12-16,3744.038330078125
2024-12-17,3695.663330078125
2024-12-18,3739.400390625
2024-12-19,3781.641357421875
2024-12-20,3609.78515625
2024-12-23,3611.679931640625
2024-12-24,3569.9375
2024-12-26,3627.53857421875
2024-12-27,3580.260986328125
2024-12-30,3531.53662109375
2024-12-31,3567.045166015625
2025-01-01,3570.685791015625
2025-01-02,3662.997314453125
2025-01-03,3600.35888671875
2025-01-06,3480.6181640625
2025-01-07,3464.759033203125
2025-01-08,3512.885009765625
2025-01-09,3559.11572265625
2025-01-10,3445.6083984375
2025-01-13,3222.583740234375
2025-01-14,3312.751220703125
2025-01-15,3289.311767578125
2025-01-16,3313.49951171875
2025-01-17,3400.02587890625
2025-01-20,3429.599609375
2025-01-21,3371.549560546875
2025-01-22,3225.626220703125
2025-01-23,3355.042236328125
2025-01-24,3223.830810546875
2025-01-27,3196.800537109375
2025-01-28,3130.222412109375
2025-01-29,3191.21484375
2025-01-30,3280.0859375
2025-01-31,3313.54931640625
2025-02-01,3166.827880859375
2025-02-03,3036.962890625
2025-02-04,3084.640380859375
2025-02-05,2974.823486328125
2025-02-06,2958.515380859375
2025-02-07,2904.31884765625
2025-02-10,2862.74755859375
2025-02-11,2734.392333984375
2025-02-12,2677.500732421875
2025-02-13,2708.142333984375
2025-02-14,2575.5947265625
2025-02-17,2598.65087890625
2025-02-18,2604.938720703125
2025-02-19,2672.909423828125
2025-02-20,2757.647705078125
2025-02-21,2680.544921875
2025-02-24,2657.638427734375
2025-02-25,2590.51611328125
2025-02-27,2538.96435546875
2025-02-28,2457.46923828125
2025-03-03,2635.081298828125
2025-03-04,2713.53173828125
2025-03-05,2692.322265625
2025-03-06,2645.112060546875
2025-03-07,2696.664306640625
2025-03-10,2709.439697265625
2025-03-11,2876.571533203125
2025-03-12,2912.403076171875
2025-03-13,2920.98681640625
2025-03-17,2828.36328125
2025-03-18,2828.36328125
2025-03-19,2853.96435546875
2025-03-20,2885.8037109375
2025-03-21,2866.690185546875
2025-03-24,2849.2734375
2025-03-25,2767.129638671875
2025-03-26,2705.547119140625
2025-03-27,2756.64990234375
2025-03-28,2764.0859375
2025-04-01,2689.028564453125
2025-04-02,2727.355712890625
2025-04-03,2694.51806640625
2025-04-04,2632.23681640625
2025-04-07,2574.047607421875
2025-04-08,2564.216552734375
2025-04-09,2495.297607421875
2025-04-11,2504.92919921875
2025-04-15,2565.813232421875
2025-04-16,2498.841064453125
2025-04-17,2491.0556640625
2025-04-21,2588.370361328125
2025-04-22,2649.054931640625
2025-04-23,2667.918701171875
2025-04-24,2650.4521484375
2025-04-25,2569.0068359375
2025-04-28,2637.277099609375
2025-04-29,2792.18212890625
2025-04-30,2893.090087890625
2025-05-02,2894.68701171875
2025-05-05,2985.9130859375
2025-05-06,2906.2646484375
2025-05-07,2949.3828125
2025-05-08,2876.12255859375
2025-05-09,2854.86279296875
2025-05-12,2956.26953125
2025-05-13,2988.30859375
2025-05-14,3033.222900390625
2025-05-15,2904.66796875
2025-05-16,3038.812744140625
2025-05-19,3120.45654296875
2025-05-20,2993.79833984375
2025-05-21,2996.991943359375
2025-05-22,2979.2255859375
2025-05-23,3041.00830078125
2025-05-26,3051.28857421875
2025-05-27,3038.4130859375
2025-05-28,3010.46630859375
2025-05-29,3049.0927734375
2025-05-30,3056.279296875
2025-06-02,3049.89111328125
2025-06-03,3027.533935546875
2025-06-04,3072.14892578125
2025-06-05,3079.53466796875
2025-06-06,3061.169921875
2025-06-09,3033.822021484375
2025-06-10,3082.828369140625
2025-06-11,3021.8447265625
2025-06-12,2972.538818359375
2025-06-13,2930.618408203125
2025-06-16,2981.621337890625
2025-06-17,2898.57958984375
2025-06-18,2893.090087890625
2025-06-19,2844.881591796875
2025-06-20,2920.7373046875
2025-06-23,2863.246826171875
2025-06-24,2851.26953125
2025-06-25,2850.7705078125
2025-06-26,2999.58740234375
2025-06-27,3076.2412109375
2025-06-30,3103.090087890625
2025-07-01,3081.1318359375
2025-07-02,2989.50634765625
2025-07-03,2947.18701171875
2025-07-04,2982.320068359375
2025-07-07,2934.61083984375
2025-07-08,2919.539794921875
2025-07-09,2889.79638671875
2025-07-10,2893.98828125
2025-07-11,2864.3447265625
2025-07-14,2865.54248046875
2025-07-15,2924.729736328125
2025-07-16,2934.2119140625
2025-07-17,2936.307373046875
2025-07-18,2913.351318359375
2025-07-21,2933.8125
2025-07-22,2943.893310546875
2025-07-23,2946.588134765625
2025-07-24,2929.121337890625
2025-07-25,2884.982666015625
2025-07-28,2817.676513671875
2025-07-29,2864.51123046875
2025-07-30,2851.429443359375
2025-07-31,2836.75
2025-08-01,2804.494873046875
2025-08-04,2899.76220703125
2025-08-05,2897.964599609375
2025-08-06,2956.083740234375
2025-08-07,2938.807861328125
2025-08-08,2881.687255859375
2025-08-11,2996.427734375
2025-08-12,3017.498291015625
2025-08-13,3052.948974609375
2025-08-14,3059.33984375
2025-08-18,3046.95703125
2025-08-19,3148.016357421875
2025-08-20,3175.578125
2025-08-21,3093.0927734375
2025-08-22,3067.828369140625
2025-08-25,3055.7451171875
2025-08-26,3024.188720703125
2025-08-28,2939.30712890625
2025-08-29,2957.48193359375
2025-09-01,3136.532470703125
2025-09-02,3043.26220703125
2025-09-03,3039.567626953125
2025-09-04,2992.732421875
2025-09-05,2986.44140625
2025-09-08,3068.02783203125
2025-09-09,3147.11767578125
2025-09-10,3230.6015625
2025-09-11,3206.834716796875
2025-09-12,3226.70703125
2025-09-15,3349.43603515625
2025-09-16,3399.666015625
2025-09-17,3382.290283203125
2025-09-18,3385.18603515625
2025-09-19,3325.070068359375
2025-09-22,3345.441650390625
2025-09-23,3298.406982421875
2025-09-24,3271.94384765625
2025-09-25,3208.332763671875
2025-09-26,3124.748779296875
2025-09-29,3094.291259765625
2025-09-30,3092.39404296875
2025-10-01,3079.8115234375
2025-10-03,3131.7392578125
2025-10-06,3145.8193359375
2025-10-07,3213.924560546875
2025-10-08,3137.83056640625
2025-10-09,3187.162109375
2025-10-10,3154.607421875
2025-10-13,3111.86669921875
2025-10-14,3095.090087890625
2025-10-15,3145.8193359375
2025-10-16,3174.57958984375
2025-10-17,3132.03857421875
2025-10-20,3121.952880859375
2025-10-21,3125.5478515625
2025-10-23,3201.94140625
2025-10-24,3154.806884765625
2025-10-27,3129.4423828125
2025-10-28,3121.15380859375
2025-10-29,3136.4326171875
2025-10-30,3055.4453125
2025-10-31,3018.79638671875
2025-11-03,3042.263916015625
2025-11-04,2988.3388671875
2025-11-06,2973.45947265625
2025-11-07,2981.44873046875
2025-11-10,2976.15576171875
2025-11-11,2995.229248046875
2025-11-12,3031.279052734375
2025-11-13,3029.181884765625
2025-11-14,3063.334716796875
2025-11-17,3087.301025390625
2025-11-18,3027.484375
2025-11-19,3029.08203125
2025-11-20,3000.8212890625
2025-11-21,2880.388916015625
2025-11-24,2905.254638671875
2025-11-25,2875.69580078125
2025-11-26,2876.6943359375
2025-11-27,2832.85546875
2025-11-28,2780.528076171875
2025-12-01,2793.90966796875
2025-12-02,2789.815185546875
2025-12-03,2736.689208984375
2025-12-04,2699.8408203125
2025-12-05,2662.99169921875
2025-12-08,2563.23095703125
2025-12-09,2651.70751953125
2025-12-10,2624.245849609375
2025-12-11,2647.41357421875
2025-12-12,2651.907470703125
2025-12-15,2644.01806640625
2025-12-16,2618.75341796875
2025-12-17,2610.465087890625
2025-12-18,2576.3125
2025-12-19,2631.236083984375
2025-12-22,2594.087646484375
2025-12-23,2593.788330078125
2025-12-24,2592.09033203125
2025-12-26,2597.18359375
2025-12-29,2602.575927734375
2025-12-30,2561.83251953125
2025-12-31,2610.465087890625
2026-01-01,2619.252685546875
2026-01-02,2594.087646484375
2026-01-05,2526.48193359375
2026-01-06,2545.45556640625
2026-01-07,2523.885498046875
2026-01-08,2504.01318359375
2026-01-09,2449.08984375
2026-01-12,2405.3505859375
2026-01-13,2383.980224609375
2026-01-14,2351.525634765625
2026-01-15,2351.525634765625
2026-01-16,2339.342529296875
2026-01-19,2380.28564453125
2026-01-20,2326.2607421875
2026-01-21,2269.739501953125
2026-01-22,2293.606201171875
2026-01-23,2216.313720703125
2026-01-27,2186.255615234375
2026-01-28,2277.528564453125
2026-01-29,2322.16650390625
2026-01-30,2331.85302734375
2026-02-02,2312.479736328125
2026-02-03,2499.8193359375
2026-02-04,2633.732421875
2026-02-05,2378.288330078125
2026-02-06,2310.383056640625
2026-02-09,2360.013916015625
2026-02-10,2437.271728515625
2026-02-11,2448.865234375
2026-02-12,2510.031982421875
2026-02-13,2497.239013671875
2026-02-16,2503.03564453125
2026-02-17,2461.3583984375
2026-02-18,2469.853759765625
2026-02-19,2486.944580078125
2026-02-20,2584.3916015625
2026-02-23,2538.216796875
2026-02-24,2561.303955078125
2026-02-25,2617.2734375
2026-02-26,2718.818115234375
2026-02-27,2751.900146484375
2026-03-02,2836.054443359375
2026-03-04,2769.590576171875
2026-03-05,2780.384521484375
2026-03-06,2721.416748046875
2026-03-09,2607.17919921875
2026-03-10,2642.65966796875
2026-03-11,2564.602294921875
2026-03-12,2548.31103515625
2026-03-13,2456.86083984375
2026-03-16,2420.98046875
2026-03-17,2474.55126953125
2026-03-18,2558.3056640625
2026-03-19,2528.621826171875
2026-03-20,2535.91796875
2026-03-23,2469.654052734375
2026-03-24,2567.200927734375
2026-03-25,2680.938720703125
2026-03-27,2564.902099609375
2026-03-30,2515.9287109375
2026-04-01,2571.298583984375
2026-04-02,2565.901611328125
2026-04-06,2581.492919921875
2026-04-07,2586.7900390625
2026-04-08,2725.614501953125
2026-04-09,2741.8056640625
2026-04-10,2743.304931640625
2026-04-13,2714.020751953125
2026-04-15,2753.499267578125
2026-04-16,2751.400390625
2026-04-17,2788.68017578125
2026-04-20,2871.53515625
2026-04-21,2883.62841796875
2026-04-22,3022.75244140625
2026-04-23,3085.11865234375
2026-04-24,2967.082763671875
2026-04-27,2992.768798828125
2026-04-28,2999.365234375
2026-04-29,2963.48486328125
2026-04-30,2946.294189453125
2026-05-01,2946.294189453125
2026-05-04,2904.4169921875
2026-05-05,2930.802490234375
2026-05-06,2915.4111328125
2026-05-07,3013.857421875
2026-05-08,3048.138671875
2026-05-11,2990.570068359375
2026-05-12,2952.390869140625
2026-05-13,2939.39794921875
2026-05-14,2799.2744140625
2026-05-15,2848.747314453125
2026-05-18,2813.466552734375
2026-05-19,2890.62451171875
2026-05-20,2969.281494140625
2026-05-21,2998.965576171875
2026-05-22,3009.65966796875
2026-05-25,3045.93994140625
2026-05-26,3037.444580078125
2026-05-27,3208.751220703125
2026-05-28,3208.751220703125
2026-05-29,3139.688720703125
2026-06-01,3054.93505859375
2026-06-02,3109.00537109375
2026-06-03,3068.527587890625
2026-06-04,3096.712158203125
2026-06-05,3127.295654296875
2026-06-08,3054.435302734375
2026-06-09,3103.808349609375
2026-06-10,3060.6318359375
2026-06-11,2973.679443359375
2026-06-12,3140.088623046875
2026-06-15,3224.3427734375
2026-06-16,3262.421875
2026-06-17,3265.919921875
2026-06-18,3254.72607421875
2026-06-19,3283.810302734375
2026-06-22,3306.097900390625
2026-06-23,3255.82568359375
2026-06-24,3168.77294921875
2026-06-25,3052.33642578125
2026-06-26,3052.33642578125
2026-06-29,3020.65380859375
2026-06-30,3027.64990234375
2026-07-01,3095.31298828125
2026-07-02,3088.91650390625
2026-07-03,2974.178955078125
2026-07-06,3004.262451171875
2026-07-07,2977.177490234375
2026-07-08,2897.820556640625
2026-07-09,2914.611328125
2026-07-10,2956.788330078125
2026-07-13,2919.5087890625
2026-07-14,2914.51171875
2026-07-15,2938.0986328125
2026-07-16,2931.1025390625
2026-07-17,2887.026611328125
2026-07-20,2885.327392578125
2026-07-21,2907.71533203125
2026-07-22,2902.1181640625
2026-07-23,2822.96142578125
2026-07-24,2765.49267578125
2026-07-27,2847.748046875
2026-07-28,2823.760986328125
2026-07-29,2785.181884765625
2026-07-30,2687.33544921875
2026-07-31,2751.50048828125
2026-08-03,2764.4931640625
2026-08-04,2742.80517578125
2026-08-05,2786.38134765625
2026-08-06,2752.300048828125
2026-08-07,2772.0
2026-08-10,2815.0
2026-08-11,2780.0
2026-08-12,2839.0
2026-08-13,2780.0
2026-08-14,2733.5
2026-08-17,2741.39990234375
2026-08-18,2959.0
2026-08-19,2961.0
2026-08-20,2930.0
2026-08-21,2885.800048828125
2026-08-24,2880.0
2026-08-25,2888.0
2026-08-26,2860.0
2026-08-27,2870.0
2026-08-28,2840.0
2026-08-31,2780.0
2026-09-01,2763.199951171875
2026-09-02,2720.0
2026-09-03,2735.39990234375
2026-09-04,2698.0
2026-09-07,2683.0
2026-09-08,2638.699951171875
2026-09-09,2678.300048828125
2026-09-10,2652.0
2026-09-11,2606.10009765625
2026-09-14,2606.10009765625
2026-09-15,2525.0
2026-09-16,2566.60009765625
2026-09-17,2598.800048828125
2026-09-18,2600.0
2026-09-21,2588.300048828125
